title,category,total_seasons,total_episodes,info_links
25 Years of You,日劇,1,10,"[{""title"": ""Netflix"", ""url"": ""https://www.netflix.com""}]"
Dream to You,韓劇,1,16,[]
Family Register,韓劇,1,16,[]
Love in Sync,韓劇,1,16,[]
Murder 101,美劇,1,3,"[{""title"": ""Prime Video"", ""url"": ""https://www.primevideo.com""}]"
Silo 羊毛記 第三季 (Silo Season 3),美劇,3,10,"[{""title"": ""Apple TV+"", ""url"": ""https://www.apple.com/apple-tv-plus/""}]"
Spooky in Love,韓劇,1,16,"[{""title"": ""Netflix"", ""url"": ""https://www.netflix.com""}]"
The Apartment Job,韓劇,1,12,[]
The Husband,韓劇,1,8,[]
The Vacation Principle,日劇,1,8,"[{""title"": ""Netflix"", ""url"": ""https://www.netflix.com""}]"
今晚也與連續殺人犯約會 (Konya mo Serial Killer to Machiawase),日劇,1,10,[]
全美風暴 最終季 (All American Final Season),美劇,8,13,"[{""title"": ""The CW"", ""url"": ""https://www.cwtv.com""}]"
大熊餐廳 最終季 (The Bear Final Season),美劇,4,10,"[{""title"": ""FX / Hulu"", ""url"": ""https://www.hulu.com""}]"
復仇者聯盟：毀滅日 (Avengers: Doomsday),2026電影,1,1,"[{""title"": ""Marvel"", ""url"": ""https://www.marvel.com""}]"
挽救計劃 (Project Hail Mary),2026電影,1,1,[]
明明應該被丈夫殺掉了 (Otto ni Korosareta Hazunanoni),日劇,1,10,[]
星際爭霸戰：奇異新世界 第四季 (Star Trek: Strange New Worlds Season 4),美劇,4,10,"[{""title"": ""Paramount+"", ""url"": ""https://www.paramountplus.com""}]"
曼達洛人與古古 (The Mandalorian and Grogu),2026電影,1,1,"[{""title"": ""Star Wars"", ""url"": ""https://www.starwars.com""}]"
東宮 (The East Palace),韓劇,1,8,"[{""title"": ""Netflix"", ""url"": ""https://www.netflix.com""}]"
殺人者的購物中心 第二季 (A Shop for Killers Season 2),韓劇,2,8,"[{""title"": ""Disney+"", ""url"": ""https://www.disneyplus.com""}]"
氣體人 (Human Vapor),日劇,1,8,"[{""title"": ""Netflix"", ""url"": ""https://www.netflix.com""}]"
沙丘 3 (Dune: Part Three),2026電影,1,1,[]
測試,測試,1,12,[]
玩具總動員 5 (Toy Story 5),2026電影,1,1,"[{""title"": ""迪士尼官網"", ""url"": ""https://www.disney.com""}]"
穿著Prada的惡魔 2 (The Devil Wears Prada 2),2026電影,1,1,[]
超級無敵好看的測試神劇,科幻冒險,3,36,[]
超級瑪利歐銀河 (The Super Mario Galaxy Movie),2026電影,1,1,[]
鬼太郎 (1968),1968年1月新番,1,65,"[{""title"": ""YourAnimes 連結"", ""url"": ""https://youranimes.tw/animes/3677""}]"
巨靈神,1968年1月新番,1,74,"[{""title"": ""YourAnimes 連結"", ""url"": ""https://youranimes.tw/animes/4494""}]"
巨人之星 第一季,1968年1月新番,1,182,"[{""title"": ""YourAnimes 連結"", ""url"": ""https://youranimes.tw/animes/3678""}]"
無敵鐵金剛 原祖 (1968),1968年1月新番,1,52,"[{""title"": ""YourAnimes 連結"", ""url"": ""https://youranimes.tw/animes/3679""}]"
怪物小王子 (1968),1968年1月新番,1,49,"[{""title"": ""YourAnimes 連結"", ""url"": ""https://youranimes.tw/animes/3680""}]"
人造人009 (1968),1968年1月新番,1,26,"[{""title"": ""YourAnimes 連結"", ""url"": ""https://youranimes.tw/animes/3681""}]"
佐助 (1968),1968年1月新番,1,29,"[{""title"": ""YourAnimes 連結"", ""url"": ""https://youranimes.tw/animes/3682""}]"
茜色醬 (1968),1968年1月新番,1,26,"[{""title"": ""YourAnimes 連結"", ""url"": ""https://youranimes.tw/animes/3683""}]"
法力無邊小仙女 (1968),1968年1月新番,1,39,"[{""title"": ""YourAnimes 連結"", ""url"": ""https://youranimes.tw/animes/3684""}]"
妖怪人間貝姆 (1968),1968年1月新番,1,26,"[{""title"": ""YourAnimes 連結"", ""url"": ""https://youranimes.tw/animes/3685""}]"
夕陽番長 (1968),1968年1月新番,1,156,"[{""title"": ""YourAnimes 連結"", ""url"": ""https://youranimes.tw/animes/3686""}]"
海底少年3000 (1968),1968年1月新番,1,26,"[{""title"": ""YourAnimes 連結"", ""url"": ""https://youranimes.tw/animes/3687""}]"
《人造人009》的主視覺圖,1968年4月新番,1,0,"[{""title"": ""YourAnimes 連結"", ""url"": ""https://youranimes.tw/animes/5968""}]"
《多羅羅》的主視覺圖,1969年4月新番,1,0,"[{""title"": ""YourAnimes 連結"", ""url"": ""https://youranimes.tw/animes/4495""}]"
《老虎假面》的主視覺圖,1969年10月新番,1,0,"[{""title"": ""YourAnimes 連結"", ""url"": ""https://youranimes.tw/animes/4861""}]"
《海螺小姐》的主視覺圖,1969年10月新番,1,0,"[{""title"": ""YourAnimes 連結"", ""url"": ""https://youranimes.tw/animes/6257""}]"
《魯邦三世》的主視覺圖,1971年10月新番,1,0,"[{""title"": ""YourAnimes 連結"", ""url"": ""https://youranimes.tw/animes/2309""}]"
《鬼太郎 (1971)》的主視覺圖,1971年10月新番,1,0,"[{""title"": ""YourAnimes 連結"", ""url"": ""https://youranimes.tw/animes/3678""}]"
《惡魔人》的主視覺圖,1972年7月新番,1,0,"[{""title"": ""YourAnimes 連結"", ""url"": ""https://youranimes.tw/animes/3613""}]"
《科學小飛俠》的主視覺圖,1972年10月新番,1,0,"[{""title"": ""YourAnimes 連結"", ""url"": ""https://youranimes.tw/animes/6128""}]"
《金剛戰神》的主視覺圖,1975年10月新番,1,0,"[{""title"": ""YourAnimes 連結"", ""url"": ""https://youranimes.tw/animes/4456""}]"
《小英的故事》的主視覺圖,1978年1月新番,1,0,"[{""title"": ""YourAnimes 連結"", ""url"": ""https://youranimes.tw/animes/2948""}]"
《宇宙海賊哈洛克》的主視覺圖,1978年1月新番,1,0,"[{""title"": ""YourAnimes 連結"", ""url"": ""https://youranimes.tw/animes/3432""}]"
《未來少年柯南》的主視覺圖,1978年4月新番,1,0,"[{""title"": ""YourAnimes 連結"", ""url"": ""https://youranimes.tw/animes/4296""}]"
《科學小飛俠II》的主視覺圖,1978年10月新番,1,0,"[{""title"": ""YourAnimes 連結"", ""url"": ""https://youranimes.tw/animes/6350""}]"
《清秀佳人》的主視覺圖,1979年1月新番,1,0,"[{""title"": ""YourAnimes 連結"", ""url"": ""https://youranimes.tw/animes/5576""}]"
《人造人009（1979）》的主視覺圖,1979年1月新番,1,0,"[{""title"": ""YourAnimes 連結"", ""url"": ""https://youranimes.tw/animes/5969""}]"
《機動戰士鋼彈》的主視覺圖,1979年4月新番,1,0,"[{""title"": ""YourAnimes 連結"", ""url"": ""https://youranimes.tw/animes/2003""}]"
《科學小飛俠F》的主視覺圖,1979年10月新番,1,0,"[{""title"": ""YourAnimes 連結"", ""url"": ""https://youranimes.tw/animes/6460""}]"
《凡爾賽玫瑰》的主視覺圖,1979年10月新番,1,0,"[{""title"": ""YourAnimes 連結"", ""url"": ""https://youranimes.tw/animes/3871""}]"
《湯姆歷險記》的主視覺圖,1980年1月新番,1,0,"[{""title"": ""YourAnimes 連結"", ""url"": ""https://youranimes.tw/animes/3358""}]"
《傳說巨神伊甸王》的主視覺圖,1980年4月新番,1,0,"[{""title"": ""YourAnimes 連結"", ""url"": ""https://youranimes.tw/animes/5690""}]"
《凡爾賽玫瑰 總集篇》的主視覺圖,1980年7月新番,1,0,"[{""title"": ""YourAnimes 連結"", ""url"": ""https://youranimes.tw/animes/3872""}]"
《とんでも戦士ムテキング》的主視覺圖,1980年7月新番,1,0,"[{""title"": ""YourAnimes 連結"", ""url"": ""https://youranimes.tw/animes/1537""}]"
《原子小金剛（1980）》的主視覺圖,1980年10月新番,1,0,"[{""title"": ""YourAnimes 連結"", ""url"": ""https://youranimes.tw/animes/3748""}]"
《老虎假面二世》的主視覺圖,1981年4月新番,1,0,"[{""title"": ""YourAnimes 連結"", ""url"": ""https://youranimes.tw/animes/4865""}]"
《忍者哈特利》的主視覺圖,1981年7月新番,1,0,"[{""title"": ""YourAnimes 連結"", ""url"": ""https://youranimes.tw/animes/3243""}]"
《新・ど根性ガエル》的主視覺圖,1981年7月新番,1,0,"[{""title"": ""YourAnimes 連結"", ""url"": ""https://youranimes.tw/animes/4997""}]"
《福星小子》的主視覺圖,1981年10月新番,1,0,"[{""title"": ""YourAnimes 連結"", ""url"": ""https://youranimes.tw/animes/3472""}]"
《六神合體 雷霆王》的主視覺圖,1981年10月新番,1,0,"[{""title"": ""YourAnimes 連結"", ""url"": ""https://youranimes.tw/animes/5786""}]"
《福星小子 特別篇》的主視覺圖,1982年1月新番,1,0,"[{""title"": ""YourAnimes 連結"", ""url"": ""https://youranimes.tw/animes/3473""}]"
《甜甜仙子》的主視覺圖,1982年1月新番,1,0,"[{""title"": ""YourAnimes 連結"", ""url"": ""https://youranimes.tw/animes/6220""}]"
《わが青春のアルカディア 無限軌道SSX》的主視覺圖,1982年10月新番,1,0,"[{""title"": ""YourAnimes 連結"", ""url"": ""https://youranimes.tw/animes/3436""}]"
《超時空要塞》的主視覺圖,1982年10月新番,1,0,"[{""title"": ""YourAnimes 連結"", ""url"": ""https://youranimes.tw/animes/4308""}]"
《金肉人》的主視覺圖,1983年4月新番,1,0,"[{""title"": ""YourAnimes 連結"", ""url"": ""https://youranimes.tw/animes/5695""}]"
《魔法小天使》的主視覺圖,1983年7月新番,1,0,"[{""title"": ""YourAnimes 連結"", ""url"": ""https://youranimes.tw/animes/5414""}]"
《貓眼》的主視覺圖,1983年7月新番,1,0,"[{""title"": ""YourAnimes 連結"", ""url"": ""https://youranimes.tw/animes/5582""}]"
《太空戰神》的主視覺圖,1983年10月新番,1,0,"[{""title"": ""YourAnimes 連結"", ""url"": ""https://youranimes.tw/animes/5214""}]"
《魯邦三世 第三季》的主視覺圖,1984年1月新番,3,0,"[{""title"": ""YourAnimes 連結"", ""url"": ""https://youranimes.tw/animes/2311""}]"
《金肉人 決戦!7人の超人vs宇宙野武士》的主視覺圖,1984年4月新番,1,0,"[{""title"": ""YourAnimes 連結"", ""url"": ""https://youranimes.tw/animes/5707""}]"
《北斗之拳》的主視覺圖,1984年10月新番,1,0,"[{""title"": ""YourAnimes 連結"", ""url"": ""https://youranimes.tw/animes/4526""}]"
《莎拉公主》的主視覺圖,1985年1月新番,1,0,"[{""title"": ""YourAnimes 連結"", ""url"": ""https://youranimes.tw/animes/3174""}]"
《機動戰士Z鋼彈》的主視覺圖,1985年1月新番,1,0,"[{""title"": ""YourAnimes 連結"", ""url"": ""https://youranimes.tw/animes/3994""}]"
《惡魔島的王子 三眼神童》的主視覺圖,1985年7月新番,1,0,"[{""title"": ""YourAnimes 連結"", ""url"": ""https://youranimes.tw/animes/3807""}]"
《鬼太郎 (1985)》的主視覺圖,1985年10月新番,1,0,"[{""title"": ""YourAnimes 連結"", ""url"": ""https://youranimes.tw/animes/3679""}]"
《高校！奇面組》的主視覺圖,1985年10月新番,1,0,"[{""title"": ""YourAnimes 連結"", ""url"": ""https://youranimes.tw/animes/6092""}]"
《七龍珠》的主視覺圖,1986年1月新番,1,0,"[{""title"": ""YourAnimes 連結"", ""url"": ""https://youranimes.tw/animes/5958""}]"
《聖鬥士星矢》的主視覺圖,1986年10月新番,1,0,"[{""title"": ""YourAnimes 連結"", ""url"": ""https://youranimes.tw/animes/4941""}]"
《城市獵人》的主視覺圖,1987年4月新番,1,0,"[{""title"": ""YourAnimes 連結"", ""url"": ""https://youranimes.tw/animes/1401""}]"
《北斗之拳2》的主視覺圖,1987年4月新番,1,0,"[{""title"": ""YourAnimes 連結"", ""url"": ""https://youranimes.tw/animes/4527""}]"
《妙手小廚師》的主視覺圖,1987年10月新番,1,0,"[{""title"": ""YourAnimes 連結"", ""url"": ""https://youranimes.tw/animes/2145""}]"
《鬼太郎 地獄篇 (1988)》的主視覺圖,1988年1月新番,1,0,"[{""title"": ""YourAnimes 連結"", ""url"": ""https://youranimes.tw/animes/3680""}]"
《魔神英雄傳》的主視覺圖,1988年4月新番,1,0,"[{""title"": ""YourAnimes 連結"", ""url"": ""https://youranimes.tw/animes/2079""}]"
《鎧傳》的主視覺圖,1988年4月新番,1,0,"[{""title"": ""YourAnimes 連結"", ""url"": ""https://youranimes.tw/animes/3756""}]"
《超音戰士》的主視覺圖,1988年4月新番,1,0,"[{""title"": ""YourAnimes 連結"", ""url"": ""https://youranimes.tw/animes/6228""}]"
《麵包超人》的主視覺圖,1988年10月新番,1,0,"[{""title"": ""YourAnimes 連結"", ""url"": ""https://youranimes.tw/animes/6269""}]"
《魔動王》的主視覺圖,1989年4月新番,1,0,"[{""title"": ""YourAnimes 連結"", ""url"": ""https://youranimes.tw/animes/2571""}]"
《惡魔君》的主視覺圖,1989年4月新番,1,0,"[{""title"": ""YourAnimes 連結"", ""url"": ""https://youranimes.tw/animes/3128""}]"
《亂馬1/2》的主視覺圖,1989年4月新番,1,0,"[{""title"": ""YourAnimes 連結"", ""url"": ""https://youranimes.tw/animes/5283""}]"
《七龍珠Z》的主視覺圖,1989年4月新番,1,0,"[{""title"": ""YourAnimes 連結"", ""url"": ""https://youranimes.tw/animes/5960""}]"
《城市獵人3》的主視覺圖,1989年10月新番,1,0,"[{""title"": ""YourAnimes 連結"", ""url"": ""https://youranimes.tw/animes/1404""}]"
《機動警察》的主視覺圖,1989年10月新番,1,0,"[{""title"": ""YourAnimes 連結"", ""url"": ""https://youranimes.tw/animes/2478""}]"
《亂馬1/2 熱鬥篇》的主視覺圖,1989年10月新番,1,0,"[{""title"": ""YourAnimes 連結"", ""url"": ""https://youranimes.tw/animes/5284""}]"
《長腿叔叔》的主視覺圖,1990年1月新番,1,0,"[{""title"": ""YourAnimes 連結"", ""url"": ""https://youranimes.tw/animes/3356""}]"
《魔神英雄傳 2》的主視覺圖,1990年4月新番,1,0,"[{""title"": ""YourAnimes 連結"", ""url"": ""https://youranimes.tw/animes/2082""}]"
《海底兩萬哩》的主視覺圖,1990年4月新番,1,0,"[{""title"": ""YourAnimes 連結"", ""url"": ""https://youranimes.tw/animes/2954""}]"
《NG騎士檸檬汽水&40》的主視覺圖,1990年4月新番,1,0,"[{""title"": ""YourAnimes 連結"", ""url"": ""https://youranimes.tw/animes/5991""}]"
《三眼神童》的主視覺圖,1990年10月新番,1,0,"[{""title"": ""YourAnimes 連結"", ""url"": ""https://youranimes.tw/animes/3806""}]"
《閃電霹靂車》的主視覺圖,1991年1月新番,1,0,"[{""title"": ""YourAnimes 連結"", ""url"": ""https://youranimes.tw/animes/3046""}]"
《城市獵人'91》的主視覺圖,1991年4月新番,1,0,"[{""title"": ""YourAnimes 連結"", ""url"": ""https://youranimes.tw/animes/1407""}]"
《少年阿貝》的主視覺圖,1991年4月新番,1,0,"[{""title"": ""YourAnimes 連結"", ""url"": ""https://youranimes.tw/animes/2100""}]"
《絕對無敵雷神王》的主視覺圖,1991年4月新番,1,0,"[{""title"": ""YourAnimes 連結"", ""url"": ""https://youranimes.tw/animes/2939""}]"
《金肉人 金肉星王位爭奪篇》的主視覺圖,1991年10月新番,1,0,"[{""title"": ""YourAnimes 連結"", ""url"": ""https://youranimes.tw/animes/5708""}]"
《鬥球兒彈平》的主視覺圖,1991年10月新番,1,0,"[{""title"": ""YourAnimes 連結"", ""url"": ""https://youranimes.tw/animes/5950""}]"
《甜甜仙子 -夢を抱きしめて-》的主視覺圖,1991年10月新番,1,0,"[{""title"": ""YourAnimes 連結"", ""url"": ""https://youranimes.tw/animes/6237""}]"
《勇者傳說》的主視覺圖,1992年1月新番,1,0,"[{""title"": ""YourAnimes 連結"", ""url"": ""https://youranimes.tw/animes/6114""}]"
《蠟筆小新》的主視覺圖,1992年4月新番,1,0,"[{""title"": ""YourAnimes 連結"", ""url"": ""https://youranimes.tw/animes/1851""}]"
《少年阿貝2》的主視覺圖,1992年10月新番,1,0,"[{""title"": ""YourAnimes 連結"", ""url"": ""https://youranimes.tw/animes/2101""}]"
《幽遊白書》的主視覺圖,1992年10月新番,1,0,"[{""title"": ""YourAnimes 連結"", ""url"": ""https://youranimes.tw/animes/3532""}]"
《ど根性ガエル》的主視覺圖,1992年10月新番,1,0,"[{""title"": ""YourAnimes 連結"", ""url"": ""https://youranimes.tw/animes/4996""}]"
《九龍珠》的主視覺圖,1993年4月新番,1,0,"[{""title"": ""YourAnimes 連結"", ""url"": ""https://youranimes.tw/animes/5217""}]"
《灌籃高手》的主視覺圖,1993年10月新番,1,0,"[{""title"": ""YourAnimes 連結"", ""url"": ""https://youranimes.tw/animes/2687""}]"
《足球風雲》的主視覺圖,1993年10月新番,1,0,"[{""title"": ""YourAnimes 連結"", ""url"": ""https://youranimes.tw/animes/3095""}]"
《機動武鬥傳G鋼彈》的主視覺圖,1994年4月新番,1,0,"[{""title"": ""YourAnimes 連結"", ""url"": ""https://youranimes.tw/animes/3830""}]"
《魔法騎士雷阿斯》的主視覺圖,1994年10月新番,1,0,"[{""title"": ""YourAnimes 連結"", ""url"": ""https://youranimes.tw/animes/1212""}]"
《咕嚕咕嚕魔法陣》的主視覺圖,1994年10月新番,1,0,"[{""title"": ""YourAnimes 連結"", ""url"": ""https://youranimes.tw/animes/2085""}]"
《超時空要塞7》的主視覺圖,1994年10月新番,1,0,"[{""title"": ""YourAnimes 連結"", ""url"": ""https://youranimes.tw/animes/4316""}]"
《忍空》的主視覺圖,1995年1月新番,1,0,"[{""title"": ""YourAnimes 連結"", ""url"": ""https://youranimes.tw/animes/4738""}]"
《魔法騎士雷阿斯 第二章》的主視覺圖,1995年4月新番,1,0,"[{""title"": ""YourAnimes 連結"", ""url"": ""https://youranimes.tw/animes/1213""}]"
《秀逗魔導士》的主視覺圖,1995年4月新番,1,0,"[{""title"": ""YourAnimes 連結"", ""url"": ""https://youranimes.tw/animes/1434""}]"
《新機動戰記鋼彈W》的主視覺圖,1995年4月新番,1,0,"[{""title"": ""YourAnimes 連結"", ""url"": ""https://youranimes.tw/animes/3885""}]"
《天地無用！》的主視覺圖,1995年4月新番,1,0,"[{""title"": ""YourAnimes 連結"", ""url"": ""https://youranimes.tw/animes/4286""}]"
《夢幻遊戲》的主視覺圖,1995年4月新番,1,0,"[{""title"": ""YourAnimes 連結"", ""url"": ""https://youranimes.tw/animes/5943""}]"
《新世紀福音戰士》的主視覺圖,1995年10月新番,1,0,"[{""title"": ""YourAnimes 連結"", ""url"": ""https://youranimes.tw/animes/3564""}]"
《爆走獵人》的主視覺圖,1995年10月新番,1,0,"[{""title"": ""YourAnimes 連結"", ""url"": ""https://youranimes.tw/animes/5687""}]"
《城市獵人 特勤任務》的主視覺圖,1996年1月新番,1,0,"[{""title"": ""YourAnimes 連結"", ""url"": ""https://youranimes.tw/animes/1408""}]"
《神劍闖江湖 －明治劍客浪漫譚－》的主視覺圖,1996年1月新番,1,0,"[{""title"": ""YourAnimes 連結"", ""url"": ""https://youranimes.tw/animes/1035""}]"
《名偵探柯南》的主視覺圖,1996年1月新番,1,0,"[{""title"": ""YourAnimes 連結"", ""url"": ""https://youranimes.tw/animes/2249""}]"
《鬼太郎 (1996)》的主視覺圖,1996年1月新番,1,0,"[{""title"": ""YourAnimes 連結"", ""url"": ""https://youranimes.tw/animes/3685""}]"
《閃電怪馬》的主視覺圖,1996年1月新番,1,0,"[{""title"": ""YourAnimes 連結"", ""url"": ""https://youranimes.tw/animes/5619""}]"
《機動新世紀鋼彈X》的主視覺圖,1996年4月新番,1,0,"[{""title"": ""YourAnimes 連結"", ""url"": ""https://youranimes.tw/animes/6443""}]"
《秀逗魔導士 NEXT》的主視覺圖,1996年4月新番,1,0,"[{""title"": ""YourAnimes 連結"", ""url"": ""https://youranimes.tw/animes/1436""}]"
《靈異教師神眉》的主視覺圖,1996年4月新番,1,0,"[{""title"": ""YourAnimes 連結"", ""url"": ""https://youranimes.tw/animes/5344""}]"
《VS騎士檸檬汽水&40炎》的主視覺圖,1996年4月新番,1,0,"[{""title"": ""YourAnimes 連結"", ""url"": ""https://youranimes.tw/animes/5999""}]"
《烏龍派出所》的主視覺圖,1996年7月新番,1,0,"[{""title"": ""YourAnimes 連結"", ""url"": ""https://youranimes.tw/animes/2154""}]"
《流星花園》的主視覺圖,1996年7月新番,1,0,"[{""title"": ""YourAnimes 連結"", ""url"": ""https://youranimes.tw/animes/4809""}]"
《勇者王》的主視覺圖,1997年1月新番,1,0,"[{""title"": ""YourAnimes 連結"", ""url"": ""https://youranimes.tw/animes/3291""}]"
《小浣熊》的主視覺圖,1997年1月新番,1,0,"[{""title"": ""YourAnimes 連結"", ""url"": ""https://youranimes.tw/animes/5622""}]"
《城市獵人 再見我的甜心》的主視覺圖,1997年4月新番,1,0,"[{""title"": ""YourAnimes 連結"", ""url"": ""https://youranimes.tw/animes/1409""}]"
《烏龍派出所特別篇》的主視覺圖,1997年4月新番,1,0,"[{""title"": ""YourAnimes 連結"", ""url"": ""https://youranimes.tw/animes/2155""}]"
《秀逗魔導士 TRY》的主視覺圖,1997年4月新番,1,0,"[{""title"": ""YourAnimes 連結"", ""url"": ""https://youranimes.tw/animes/1439""}]"
《寶可夢》的主視覺圖,1997年4月新番,1,0,"[{""title"": ""YourAnimes 連結"", ""url"": ""https://youranimes.tw/animes/2379""}]"
《中華一番！》的主視覺圖,1997年4月新番,1,0,"[{""title"": ""YourAnimes 連結"", ""url"": ""https://youranimes.tw/animes/2604""}]"
《新・天地無用！》的主視覺圖,1997年4月新番,1,0,"[{""title"": ""YourAnimes 連結"", ""url"": ""https://youranimes.tw/animes/4287""}]"
《金田一少年之事件簿》的主視覺圖,1997年4月新番,1,0,"[{""title"": ""YourAnimes 連結"", ""url"": ""https://youranimes.tw/animes/5858""}]"
《金田一少年之事件簿SP「死神病院殺人事件」》的主視覺圖,1997年10月新番,1,0,"[{""title"": ""YourAnimes 連結"", ""url"": ""https://youranimes.tw/animes/5870""}]"
《大運動會》的主視覺圖,1997年10月新番,1,0,"[{""title"": ""YourAnimes 連結"", ""url"": ""https://youranimes.tw/animes/942""}]"
《超魔神英雄傳》的主視覺圖,1997年10月新番,1,0,"[{""title"": ""YourAnimes 連結"", ""url"": ""https://youranimes.tw/animes/2084""}]"
《魯邦三世 第二季》的主視覺圖,1997年10月新番,2,0,"[{""title"": ""YourAnimes 連結"", ""url"": ""https://youranimes.tw/animes/2310""}]"
《烙印勇士 (1997)》的主視覺圖,1997年10月新番,1,0,"[{""title"": ""YourAnimes 連結"", ""url"": ""https://youranimes.tw/animes/3184""}]"
《烏龍派出所特別篇 2》的主視覺圖,1998年4月新番,1,0,"[{""title"": ""YourAnimes 連結"", ""url"": ""https://youranimes.tw/animes/2156""}]"
《庫洛魔法使 庫洛牌篇》的主視覺圖,1998年4月新番,1,0,"[{""title"": ""YourAnimes 連結"", ""url"": ""https://youranimes.tw/animes/232""}]"
《城市獵人2》的主視覺圖,1998年4月新番,1,0,"[{""title"": ""YourAnimes 連結"", ""url"": ""https://youranimes.tw/animes/1402""}]"
《頭文字D First Stage》的主視覺圖,1998年4月新番,1,0,"[{""title"": ""YourAnimes 連結"", ""url"": ""https://youranimes.tw/animes/2837""}]"
《幸運女神 小不隆咚便利多多》的主視覺圖,1998年4月新番,1,0,"[{""title"": ""YourAnimes 連結"", ""url"": ""https://youranimes.tw/animes/2814""}]"
《星際牛仔》的主視覺圖,1998年4月新番,1,0,"[{""title"": ""YourAnimes 連結"", ""url"": ""https://youranimes.tw/animes/2951""}]"
《星際牛仔 總集篇》的主視覺圖,1998年4月新番,1,0,"[{""title"": ""YourAnimes 連結"", ""url"": ""https://youranimes.tw/animes/2952""}]"
《遊戲王》的主視覺圖,1998年4月新番,1,0,"[{""title"": ""YourAnimes 連結"", ""url"": ""https://youranimes.tw/animes/3265""}]"
《抓狂一族》的主視覺圖,1998年4月新番,1,0,"[{""title"": ""YourAnimes 連結"", ""url"": ""https://youranimes.tw/animes/3377""}]"
《TRIGUN 槍神》的主視覺圖,1998年4月新番,1,0,"[{""title"": ""YourAnimes 連結"", ""url"": ""https://youranimes.tw/animes/3611""}]"
《烏龍派出所特別篇 3》的主視覺圖,1998年10月新番,1,0,"[{""title"": ""YourAnimes 連結"", ""url"": ""https://youranimes.tw/animes/2157""}]"
《男女蹺蹺板》的主視覺圖,1998年10月新番,1,0,"[{""title"": ""YourAnimes 連結"", ""url"": ""https://youranimes.tw/animes/1796""}]"
《小魔女DoReMi》的主視覺圖,1999年1月新番,1,0,"[{""title"": ""YourAnimes 連結"", ""url"": ""https://youranimes.tw/animes/3313""}]"
《城市獵人 惡徒羽獠之末路》的主視覺圖,1999年4月新番,1,0,"[{""title"": ""YourAnimes 連結"", ""url"": ""https://youranimes.tw/animes/1410""}]"
《伊甸少年》的主視覺圖,1999年4月新番,1,0,"[{""title"": ""YourAnimes 連結"", ""url"": ""https://youranimes.tw/animes/2409""}]"
《麻辣教師GTO》的主視覺圖,1999年4月新番,1,0,"[{""title"": ""YourAnimes 連結"", ""url"": ""https://youranimes.tw/animes/3619""}]"
《數碼寶貝》的主視覺圖,1999年4月新番,1,0,"[{""title"": ""YourAnimes 連結"", ""url"": ""https://youranimes.tw/animes/6085""}]"
《庫洛魔法使 小櫻牌篇》的主視覺圖,1999年7月新番,1,0,"[{""title"": ""YourAnimes 連結"", ""url"": ""https://youranimes.tw/animes/447""}]"
《HUNTER×HUNTER 獵人 (1999)》的主視覺圖,1999年10月新番,1,0,"[{""title"": ""YourAnimes 連結"", ""url"": ""https://youranimes.tw/animes/2462""}]"
《頭文字D Second Stage》的主視覺圖,1999年10月新番,1,0,"[{""title"": ""YourAnimes 連結"", ""url"": ""https://youranimes.tw/animes/2838""}]"
《ONE PIECE 航海王》的主視覺圖,1999年10月新番,1,0,"[{""title"": ""YourAnimes 連結"", ""url"": ""https://youranimes.tw/animes/3114""}]"
《Di Gi Charat 鈴鐺貓》的主視覺圖,1999年10月新番,1,0,"[{""title"": ""YourAnimes 連結"", ""url"": ""https://youranimes.tw/animes/3392""}]"
《未來少年柯南2：タイガアドベンチャ》的主視覺圖,1999年10月新番,1,0,"[{""title"": ""YourAnimes 連結"", ""url"": ""https://youranimes.tw/animes/4297""}]"
《小魔女DoReMi 第二季：＃》的主視覺圖,2000年1月新番,2,0,"[{""title"": ""YourAnimes 連結"", ""url"": ""https://youranimes.tw/animes/3315""}]"
《幻影死神》的主視覺圖,2000年1月新番,1,0,"[{""title"": ""YourAnimes 連結"", ""url"": ""https://youranimes.tw/animes/4715""}]"
《純情房東俏房客》的主視覺圖,2000年4月新番,1,0,"[{""title"": ""YourAnimes 連結"", ""url"": ""https://youranimes.tw/animes/5383""}]"
《外星人田中太郎》的主視覺圖,2000年4月新番,1,0,"[{""title"": ""YourAnimes 連結"", ""url"": ""https://youranimes.tw/animes/6170""}]"
《咕嚕咕嚕魔法陣 心跳♡傳說》的主視覺圖,2000年4月新番,1,0,"[{""title"": ""YourAnimes 連結"", ""url"": ""https://youranimes.tw/animes/2087""}]"
《幻想魔傳 最遊記》的主視覺圖,2000年4月新番,1,0,"[{""title"": ""YourAnimes 連結"", ""url"": ""https://youranimes.tw/animes/2429""}]"
《櫻花大戰》的主視覺圖,2000年4月新番,1,0,"[{""title"": ""YourAnimes 連結"", ""url"": ""https://youranimes.tw/animes/2706""}]"
《遊戲王 怪獸之決鬥》的主視覺圖,2000年4月新番,1,0,"[{""title"": ""YourAnimes 連結"", ""url"": ""https://youranimes.tw/animes/3267""}]"
《NieA_7》的主視覺圖,2000年4月新番,1,0,"[{""title"": ""YourAnimes 連結"", ""url"": ""https://youranimes.tw/animes/4257""}]"
《捍衛者 GATE KEEPERS》的主視覺圖,2000年7月新番,1,0,"[{""title"": ""YourAnimes 連結"", ""url"": ""https://youranimes.tw/animes/1260""}]"
《Di Gi Charat 夏季特別篇》的主視覺圖,2000年7月新番,1,0,"[{""title"": ""YourAnimes 連結"", ""url"": ""https://youranimes.tw/animes/3393""}]"
《袖珍女侍小梅》的主視覺圖,2000年7月新番,1,0,"[{""title"": ""YourAnimes 連結"", ""url"": ""https://youranimes.tw/animes/4387""}]"
《麻玲與蒼藍劍士》的主視覺圖,2000年7月新番,1,0,"[{""title"": ""YourAnimes 連結"", ""url"": ""https://youranimes.tw/animes/5011""}]"
《純情房東俏房客 聖誕特別篇》的主視覺圖,2000年10月新番,1,0,"[{""title"": ""YourAnimes 連結"", ""url"": ""https://youranimes.tw/animes/5385""}]"
《ONE PIECE 航海王：海肚臍大冒險》的主視覺圖,2000年10月新番,1,0,"[{""title"": ""YourAnimes 連結"", ""url"": ""https://youranimes.tw/animes/1855""}]"
《烏龍派出所特別篇 4》的主視覺圖,2000年10月新番,1,0,"[{""title"": ""YourAnimes 連結"", ""url"": ""https://youranimes.tw/animes/2158""}]"
《世界名作劇場・完結版 小浣熊》的主視覺圖,2000年10月新番,1,0,"[{""title"": ""YourAnimes 連結"", ""url"": ""https://youranimes.tw/animes/5623""}]"
《第一神拳》的主視覺圖,2000年10月新番,1,0,"[{""title"": ""YourAnimes 連結"", ""url"": ""https://youranimes.tw/animes/1993""}]"
《犬夜叉》的主視覺圖,2000年10月新番,1,0,"[{""title"": ""YourAnimes 連結"", ""url"": ""https://youranimes.tw/animes/2240""}]"
《Di Gi Charat 聖誕節特別篇》的主視覺圖,2000年10月新番,1,0,"[{""title"": ""YourAnimes 連結"", ""url"": ""https://youranimes.tw/animes/3394""}]"
《GRAVITATION 萬有引力》的主視覺圖,2000年10月新番,1,0,"[{""title"": ""YourAnimes 連結"", ""url"": ""https://youranimes.tw/animes/3735""}]"
《清秀佳人 完結版》的主視覺圖,2001年1月新番,1,0,"[{""title"": ""YourAnimes 連結"", ""url"": ""https://youranimes.tw/animes/5577""}]"
《刃牙》的主視覺圖,2001年1月新番,1,0,"[{""title"": ""YourAnimes 連結"", ""url"": ""https://youranimes.tw/animes/2290""}]"
《小英的故事 完結版》的主視覺圖,2001年1月新番,1,0,"[{""title"": ""YourAnimes 連結"", ""url"": ""https://youranimes.tw/animes/2950""}]"
《小魔女DoReMi 第三季：大~集合!》的主視覺圖,2001年1月新番,3,0,"[{""title"": ""YourAnimes 連結"", ""url"": ""https://youranimes.tw/animes/3317""}]"
《純情房東俏房客 春季特別篇》的主視覺圖,2001年4月新番,1,0,"[{""title"": ""YourAnimes 連結"", ""url"": ""https://youranimes.tw/animes/5386""}]"
《Di Gi Charat 賞櫻特別篇》的主視覺圖,2001年4月新番,1,0,"[{""title"": ""YourAnimes 連結"", ""url"": ""https://youranimes.tw/animes/3395""}]"
《花右京女侍隊》的主視覺圖,2001年4月新番,1,0,"[{""title"": ""YourAnimes 連結"", ""url"": ""https://youranimes.tw/animes/3971""}]"
《新白雪姬傳說》的主視覺圖,2001年4月新番,1,0,"[{""title"": ""YourAnimes 連結"", ""url"": ""https://youranimes.tw/animes/4273""}]"
《怪醫黑傑克FLASH ANIME》的主視覺圖,2001年7月新番,1,0,"[{""title"": ""YourAnimes 連結"", ""url"": ""https://youranimes.tw/animes/1417""}]"
《湯姆歷險記 完結版》的主視覺圖,2001年7月新番,1,0,"[{""title"": ""YourAnimes 連結"", ""url"": ""https://youranimes.tw/animes/3359""}]"
《通靈王》的主視覺圖,2001年7月新番,1,0,"[{""title"": ""YourAnimes 連結"", ""url"": ""https://youranimes.tw/animes/1046""}]"
《刃牙 最大格鬥篇》的主視覺圖,2001年7月新番,1,0,"[{""title"": ""YourAnimes 連結"", ""url"": ""https://youranimes.tw/animes/2291""}]"
《Di Gi Charat 暑假特別篇》的主視覺圖,2001年7月新番,1,0,"[{""title"": ""YourAnimes 連結"", ""url"": ""https://youranimes.tw/animes/3397""}]"
《コスモウォーリアー零》的主視覺圖,2001年7月新番,1,0,"[{""title"": ""YourAnimes 連結"", ""url"": ""https://youranimes.tw/animes/3437""}]"
《X》的主視覺圖,2001年10月新番,1,0,"[{""title"": ""YourAnimes 連結"", ""url"": ""https://youranimes.tw/animes/6481""}]"
《魔力女管家 年末特別篇》的主視覺圖,2001年10月新番,1,0,"[{""title"": ""YourAnimes 連結"", ""url"": ""https://youranimes.tw/animes/4006""}]"
《棋靈王》的主視覺圖,2001年10月新番,1,0,"[{""title"": ""YourAnimes 連結"", ""url"": ""https://youranimes.tw/animes/1947""}]"
《網球王子》的主視覺圖,2001年10月新番,1,0,"[{""title"": ""YourAnimes 連結"", ""url"": ""https://youranimes.tw/animes/2494""}]"
《Hellsing 厄夜怪客》的主視覺圖,2001年10月新番,1,0,"[{""title"": ""YourAnimes 連結"", ""url"": ""https://youranimes.tw/animes/3623""}]"
《魔力女管家》的主視覺圖,2001年10月新番,1,0,"[{""title"": ""YourAnimes 連結"", ""url"": ""https://youranimes.tw/animes/4005""}]"
《小小雪精靈》的主視覺圖,2001年10月新番,1,0,"[{""title"": ""YourAnimes 連結"", ""url"": ""https://youranimes.tw/animes/4357""}]"
《人造人009 THE CYBORG SOLDIER》的主視覺圖,2001年10月新番,1,0,"[{""title"": ""YourAnimes 連結"", ""url"": ""https://youranimes.tw/animes/5971""}]"
《烏龍派出所特別篇 5》的主視覺圖,2002年1月新番,1,0,"[{""title"": ""YourAnimes 連結"", ""url"": ""https://youranimes.tw/animes/2159""}]"
《棋靈王 新春特別篇》的主視覺圖,2002年1月新番,1,0,"[{""title"": ""YourAnimes 連結"", ""url"": ""https://youranimes.tw/animes/1948""}]"
《驚爆危機》的主視覺圖,2002年1月新番,1,0,"[{""title"": ""YourAnimes 連結"", ""url"": ""https://youranimes.tw/animes/2555""}]"
《ぱにょぱにょ デ・ジ・キャラット》的主視覺圖,2002年1月新番,1,0,"[{""title"": ""YourAnimes 連結"", ""url"": ""https://youranimes.tw/animes/3399""}]"
《小魔女DoReMi 第四季：大合~奏!》的主視覺圖,2002年1月新番,4,0,"[{""title"": ""YourAnimes 連結"", ""url"": ""https://youranimes.tw/animes/3319""}]"
《星空的邂逅》的主視覺圖,2002年1月新番,1,0,"[{""title"": ""YourAnimes 連結"", ""url"": ""https://youranimes.tw/animes/6158""}]"
《Kanon》的主視覺圖,2002年1月新番,1,0,"[{""title"": ""YourAnimes 連結"", ""url"": ""https://youranimes.tw/animes/6270""}]"
《東京地底奇兵》的主視覺圖,2002年4月新番,1,0,"[{""title"": ""YourAnimes 連結"", ""url"": ""https://youranimes.tw/animes/6529""}]"
《東京喵喵》的主視覺圖,2002年4月新番,1,0,"[{""title"": ""YourAnimes 連結"", ""url"": ""https://youranimes.tw/animes/1315""}]"
《我們這一家》的主視覺圖,2002年4月新番,1,0,"[{""title"": ""YourAnimes 連結"", ""url"": ""https://youranimes.tw/animes/1465""}]"
《十二國記》的主視覺圖,2002年4月新番,1,0,"[{""title"": ""YourAnimes 連結"", ""url"": ""https://youranimes.tw/animes/1869""}]"
《天地無用！GXP》的主視覺圖,2002年4月新番,1,0,"[{""title"": ""YourAnimes 連結"", ""url"": ""https://youranimes.tw/animes/4075""}]"
《Chobits》的主視覺圖,2002年4月新番,1,0,"[{""title"": ""YourAnimes 連結"", ""url"": ""https://youranimes.tw/animes/4269""}]"
《青出於藍》的主視覺圖,2002年4月新番,1,0,"[{""title"": ""YourAnimes 連結"", ""url"": ""https://youranimes.tw/animes/4524""}]"
《尋找滿月》的主視覺圖,2002年4月新番,1,0,"[{""title"": ""YourAnimes 連結"", ""url"": ""https://youranimes.tw/animes/5298""}]"
《彩夢芭蕾》的主視覺圖,2002年7月新番,1,0,"[{""title"": ""YourAnimes 連結"", ""url"": ""https://youranimes.tw/animes/3322""}]"
《魔力女管家～更美麗的事物～》的主視覺圖,2002年7月新番,1,0,"[{""title"": ""YourAnimes 連結"", ""url"": ""https://youranimes.tw/animes/4007""}]"
《G-on少女騎士團》的主視覺圖,2002年7月新番,1,0,"[{""title"": ""YourAnimes 連結"", ""url"": ""https://youranimes.tw/animes/4449""}]"
《魔力女管家～更美麗的事物～ 歲末特別篇》的主視覺圖,2002年10月新番,1,0,"[{""title"": ""YourAnimes 連結"", ""url"": ""https://youranimes.tw/animes/4008""}]"
《水のコトバ》的主視覺圖,2002年10月新番,1,0,"[{""title"": ""YourAnimes 連結"", ""url"": ""https://youranimes.tw/animes/5157""}]"
《花田少年史》的主視覺圖,2002年10月新番,1,0,"[{""title"": ""YourAnimes 連結"", ""url"": ""https://youranimes.tw/animes/1840""}]"
《機動戰士鋼彈SEED》的主視覺圖,2002年10月新番,1,0,"[{""title"": ""YourAnimes 連結"", ""url"": ""https://youranimes.tw/animes/2132""}]"
《火影忍者》的主視覺圖,2002年10月新番,1,0,"[{""title"": ""YourAnimes 連結"", ""url"": ""https://youranimes.tw/animes/2263""}]"
《寶可夢 超世代》的主視覺圖,2002年10月新番,1,0,"[{""title"": ""YourAnimes 連結"", ""url"": ""https://youranimes.tw/animes/2380""}]"
《彩夢芭蕾 總集篇》的主視覺圖,2002年10月新番,1,0,"[{""title"": ""YourAnimes 連結"", ""url"": ""https://youranimes.tw/animes/3323""}]"
《攻殼機動隊 STAND ALONE COMPLEX》的主視覺圖,2002年10月新番,1,0,"[{""title"": ""YourAnimes 連結"", ""url"": ""https://youranimes.tw/animes/3334""}]"
《小公主優希》的主視覺圖,2002年10月新番,1,0,"[{""title"": ""YourAnimes 連結"", ""url"": ""https://youranimes.tw/animes/4362""}]"
《烏龍派出所特別篇 6》的主視覺圖,2003年1月新番,1,0,"[{""title"": ""YourAnimes 連結"", ""url"": ""https://youranimes.tw/animes/2160""}]"
《烏龍派出所特別篇 7》的主視覺圖,2003年1月新番,1,0,"[{""title"": ""YourAnimes 連結"", ""url"": ""https://youranimes.tw/animes/2161""}]"
《頭文字D to the Next Stage 〜計畫D的猜測〜》的主視覺圖,2003年1月新番,1,0,"[{""title"": ""YourAnimes 連結"", ""url"": ""https://youranimes.tw/animes/2842""}]"
《ガンパレード・マーチ 〜新たなる行軍歌〜》的主視覺圖,2003年1月新番,1,0,"[{""title"": ""YourAnimes 連結"", ""url"": ""https://youranimes.tw/animes/4293""}]"
《ONE PIECE 航海王：奔向大海原！父親偉大的夢想》的主視覺圖,2003年4月新番,1,0,"[{""title"": ""YourAnimes 連結"", ""url"": ""https://youranimes.tw/animes/1856""}]"
《奇諾之旅 -the Beautiful World-》的主視覺圖,2003年4月新番,1,0,"[{""title"": ""YourAnimes 連結"", ""url"": ""https://youranimes.tw/animes/1446""}]"
《第一神拳 冠軍之路》的主視覺圖,2003年4月新番,1,0,"[{""title"": ""YourAnimes 連結"", ""url"": ""https://youranimes.tw/animes/1995""}]"
《原子小金剛 (2003)》的主視覺圖,2003年4月新番,1,0,"[{""title"": ""YourAnimes 連結"", ""url"": ""https://youranimes.tw/animes/2999""}]"
《偵探學園Q》的主視覺圖,2003年4月新番,1,0,"[{""title"": ""YourAnimes 連結"", ""url"": ""https://youranimes.tw/animes/3156""}]"
《真珠美人魚》的主視覺圖,2003年4月新番,1,0,"[{""title"": ""YourAnimes 連結"", ""url"": ""https://youranimes.tw/animes/3240""}]"
《デ・ジ・キャラットにょ》的主視覺圖,2003年4月新番,1,0,"[{""title"": ""YourAnimes 連結"", ""url"": ""https://youranimes.tw/animes/3401""}]"
《音速小子X》的主視覺圖,2003年4月新番,1,0,"[{""title"": ""YourAnimes 連結"", ""url"": ""https://youranimes.tw/animes/3528""}]"
《萬花筒之星》的主視覺圖,2003年4月新番,1,0,"[{""title"": ""YourAnimes 連結"", ""url"": ""https://youranimes.tw/animes/4498""}]"
《魔力女管家 夏日TV特別篇 「我認為好色是不對的！」》的主視覺圖,2003年7月新番,1,0,"[{""title"": ""YourAnimes 連結"", ""url"": ""https://youranimes.tw/animes/4009""}]"
《小小雪精靈 特別篇》的主視覺圖,2003年7月新番,1,0,"[{""title"": ""YourAnimes 連結"", ""url"": ""https://youranimes.tw/animes/4358""}]"
《驚爆危機？校園篇》的主視覺圖,2003年7月新番,1,0,"[{""title"": ""YourAnimes 連結"", ""url"": ""https://youranimes.tw/animes/2559""}]"
《一騎當千》的主視覺圖,2003年7月新番,1,0,"[{""title"": ""YourAnimes 連結"", ""url"": ""https://youranimes.tw/animes/3132""}]"
《BLAME！ 探索者: Ver.0.11》的主視覺圖,2003年10月新番,1,0,"[{""title"": ""YourAnimes 連結"", ""url"": ""https://youranimes.tw/animes/3585""}]"
《ONE PIECE 航海王：堅守最後的大舞台 》的主視覺圖,2003年10月新番,1,0,"[{""title"": ""YourAnimes 連結"", ""url"": ""https://youranimes.tw/animes/1857""}]"
《怪醫黑傑克 特別篇 ～4個生命奇蹟～》的主視覺圖,2003年10月新番,1,0,"[{""title"": ""YourAnimes 連結"", ""url"": ""https://youranimes.tw/animes/1418""}]"
《鋼之鍊金術師》的主視覺圖,2003年10月新番,1,0,"[{""title"": ""YourAnimes 連結"", ""url"": ""https://youranimes.tw/animes/1779""}]"
《最遊記RELOAD》的主視覺圖,2003年10月新番,1,0,"[{""title"": ""YourAnimes 連結"", ""url"": ""https://youranimes.tw/animes/2432""}]"
《魔法咪路咪路》的主視覺圖,2003年10月新番,1,0,"[{""title"": ""YourAnimes 連結"", ""url"": ""https://youranimes.tw/animes/3308""}]"
《魔法咪路咪路 第二季：Golden》的主視覺圖,2003年10月新番,2,0,"[{""title"": ""YourAnimes 連結"", ""url"": ""https://youranimes.tw/animes/3309""}]"
《青出於藍 ～缘～》的主視覺圖,2003年10月新番,1,0,"[{""title"": ""YourAnimes 連結"", ""url"": ""https://youranimes.tw/animes/4525""}]"
《GUNSLINGER GIRL 神槍少女》的主視覺圖,2003年10月新番,1,0,"[{""title"": ""YourAnimes 連結"", ""url"": ""https://youranimes.tw/animes/4558""}]"
《PEACE MAKER 鐵～和平捍衛隊 鐵～》的主視覺圖,2003年10月新番,1,0,"[{""title"": ""YourAnimes 連結"", ""url"": ""https://youranimes.tw/animes/4564""}]"
《MEZZO -メゾ-》的主視覺圖,2004年1月新番,1,0,"[{""title"": ""YourAnimes 連結"", ""url"": ""https://youranimes.tw/animes/6340""}]"
《機動戰士鋼彈SEED 特別篇》的主視覺圖,2004年1月新番,1,0,"[{""title"": ""YourAnimes 連結"", ""url"": ""https://youranimes.tw/animes/2133""}]"
《棋靈王 邁向北斗盃之路》的主視覺圖,2004年1月新番,1,0,"[{""title"": ""YourAnimes 連結"", ""url"": ""https://youranimes.tw/animes/1950""}]"
《妄想代理人》的主視覺圖,2004年1月新番,1,0,"[{""title"": ""YourAnimes 連結"", ""url"": ""https://youranimes.tw/animes/2150""}]"
《攻殼機動隊 S.A.C. 2nd GIG》的主視覺圖,2004年1月新番,1,0,"[{""title"": ""YourAnimes 連結"", ""url"": ""https://youranimes.tw/animes/3336""}]"
《怪傑佐羅力》的主視覺圖,2004年1月新番,1,0,"[{""title"": ""YourAnimes 連結"", ""url"": ""https://youranimes.tw/animes/3415""}]"
《モンキーターン》的主視覺圖,2004年1月新番,1,0,"[{""title"": ""YourAnimes 連結"", ""url"": ""https://youranimes.tw/animes/4723""}]"
《瑪莉亞的凝望》的主視覺圖,2004年1月新番,1,0,"[{""title"": ""YourAnimes 連結"", ""url"": ""https://youranimes.tw/animes/5424""}]"
《最遊記RELOAD GUNLOCK》的主視覺圖,2004年4月新番,1,0,"[{""title"": ""YourAnimes 連結"", ""url"": ""https://youranimes.tw/animes/2433""}]"
《KERORO軍曹》的主視覺圖,2004年4月新番,1,0,"[{""title"": ""YourAnimes 連結"", ""url"": ""https://youranimes.tw/animes/2676""}]"
《頭文字D Fourth Stage》的主視覺圖,2004年4月新番,1,0,"[{""title"": ""YourAnimes 連結"", ""url"": ""https://youranimes.tw/animes/2843""}]"
《真珠美人魚Pure》的主視覺圖,2004年4月新番,1,0,"[{""title"": ""YourAnimes 連結"", ""url"": ""https://youranimes.tw/animes/3241""}]"
《魔法咪路咪路 第三季：Wonderful》的主視覺圖,2004年4月新番,3,0,"[{""title"": ""YourAnimes 連結"", ""url"": ""https://youranimes.tw/animes/3310""}]"
《小魔女DoReMi秘密篇》的主視覺圖,2004年4月新番,1,0,"[{""title"": ""YourAnimes 連結"", ""url"": ""https://youranimes.tw/animes/3320""}]"
《GANTZ 殺戮都市 ～the first stage～》的主視覺圖,2004年4月新番,1,0,"[{""title"": ""YourAnimes 連結"", ""url"": ""https://youranimes.tw/animes/3522""}]"
《SAMURAI 7 七武士》的主視覺圖,2004年4月新番,1,0,"[{""title"": ""YourAnimes 連結"", ""url"": ""https://youranimes.tw/animes/3610""}]"
《花右京女侍隊 La Verite》的主視覺圖,2004年4月新番,1,0,"[{""title"": ""YourAnimes 連結"", ""url"": ""https://youranimes.tw/animes/3973""}]"
《戀風》的主視覺圖,2004年4月新番,1,0,"[{""title"": ""YourAnimes 連結"", ""url"": ""https://youranimes.tw/animes/3976""}]"
《MONSTER 怪物》的主視覺圖,2004年4月新番,1,0,"[{""title"": ""YourAnimes 連結"", ""url"": ""https://youranimes.tw/animes/4107""}]"
《醜陋美世界》的主視覺圖,2004年4月新番,1,0,"[{""title"": ""YourAnimes 連結"", ""url"": ""https://youranimes.tw/animes/4366""}]"
《陸奧圓明流外傳 修羅之刻》的主視覺圖,2004年4月新番,1,0,"[{""title"": ""YourAnimes 連結"", ""url"": ""https://youranimes.tw/animes/4729""}]"
《瑪莉亞的凝望～春～》的主視覺圖,2004年7月新番,1,0,"[{""title"": ""YourAnimes 連結"", ""url"": ""https://youranimes.tw/animes/5475""}]"
《GANTZ 殺戮都市 〜the 2nd stage〜》的主視覺圖,2004年7月新番,1,0,"[{""title"": ""YourAnimes 連結"", ""url"": ""https://youranimes.tw/animes/3523""}]"
《モンキーターン V》的主視覺圖,2004年7月新番,1,0,"[{""title"": ""YourAnimes 連結"", ""url"": ""https://youranimes.tw/animes/4724""}]"
《BLEACH 死神：memories in the rain》的主視覺圖,2004年10月新番,1,0,"[{""title"": ""YourAnimes 連結"", ""url"": ""https://youranimes.tw/animes/3226""}]"
《怪醫黑傑克》的主視覺圖,2004年10月新番,1,0,"[{""title"": ""YourAnimes 連結"", ""url"": ""https://youranimes.tw/animes/1419""}]"
《烘焙王》的主視覺圖,2004年10月新番,1,0,"[{""title"": ""YourAnimes 連結"", ""url"": ""https://youranimes.tw/animes/1852""}]"
《棒球大聯盟》的主視覺圖,2004年10月新番,1,0,"[{""title"": ""YourAnimes 連結"", ""url"": ""https://youranimes.tw/animes/2048""}]"
《機動戰士鋼彈SEED DESTINY》的主視覺圖,2004年10月新番,1,0,"[{""title"": ""YourAnimes 連結"", ""url"": ""https://youranimes.tw/animes/2137""}]"
《魔法少女奈葉》的主視覺圖,2004年10月新番,1,0,"[{""title"": ""YourAnimes 連結"", ""url"": ""https://youranimes.tw/animes/2365""}]"
《遊戲王GX》的主視覺圖,2004年10月新番,1,0,"[{""title"": ""YourAnimes 連結"", ""url"": ""https://youranimes.tw/animes/3273""}]"
《BLEACH 死神》的主視覺圖,2004年10月新番,1,0,"[{""title"": ""YourAnimes 連結"", ""url"": ""https://youranimes.tw/animes/3225""}]"
《神無月的巫女》的主視覺圖,2004年10月新番,1,0,"[{""title"": ""YourAnimes 連結"", ""url"": ""https://youranimes.tw/animes/4141""}]"
《校園迷糊大王》的主視覺圖,2004年10月新番,1,0,"[{""title"": ""YourAnimes 連結"", ""url"": ""https://youranimes.tw/animes/4543""}]"
《薔薇少女》的主視覺圖,2004年10月新番,1,0,"[{""title"": ""YourAnimes 連結"", ""url"": ""https://youranimes.tw/animes/5979""}]"
《魔法老師！》的主視覺圖,2005年1月新番,1,0,"[{""title"": ""YourAnimes 連結"", ""url"": ""https://youranimes.tw/animes/1367""}]"
《幸運女神》的主視覺圖,2005年1月新番,1,0,"[{""title"": ""YourAnimes 連結"", ""url"": ""https://youranimes.tw/animes/2817""}]"
《認真地不認真的怪傑佐羅力》的主視覺圖,2005年1月新番,1,0,"[{""title"": ""YourAnimes 連結"", ""url"": ""https://youranimes.tw/animes/3416""}]"
《星艦駕駛員》的主視覺圖,2005年1月新番,1,0,"[{""title"": ""YourAnimes 連結"", ""url"": ""https://youranimes.tw/animes/4391""}]"
《蜜桃女孩》的主視覺圖,2005年1月新番,1,0,"[{""title"": ""YourAnimes 連結"", ""url"": ""https://youranimes.tw/animes/4584""}]"
《搞笑漫畫日和》的主視覺圖,2005年1月新番,1,0,"[{""title"": ""YourAnimes 連結"", ""url"": ""https://youranimes.tw/animes/5605""}]"
《AIR》的主視覺圖,2005年1月新番,1,0,"[{""title"": ""YourAnimes 連結"", ""url"": ""https://youranimes.tw/animes/6049""}]"
《哆啦A夢（2005）》的主視覺圖,2005年4月新番,1,0,"[{""title"": ""YourAnimes 連結"", ""url"": ""https://youranimes.tw/animes/5327""}]"
《BASILISK～甲賀忍法帖～》的主視覺圖,2005年4月新番,1,0,"[{""title"": ""YourAnimes 連結"", ""url"": ""https://youranimes.tw/animes/1954""}]"
《交響詩篇》的主視覺圖,2005年4月新番,1,0,"[{""title"": ""YourAnimes 連結"", ""url"": ""https://youranimes.tw/animes/2467""}]"
《魔兵傳奇》的主視覺圖,2005年4月新番,1,0,"[{""title"": ""YourAnimes 連結"", ""url"": ""https://youranimes.tw/animes/2672""}]"
《勇者王 FINAL Grand Glorious Gathering》的主視覺圖,2005年4月新番,1,0,"[{""title"": ""YourAnimes 連結"", ""url"": ""https://youranimes.tw/animes/3293""}]"
《魔法咪路咪路 第四季：Charming》的主視覺圖,2005年4月新番,4,0,"[{""title"": ""YourAnimes 連結"", ""url"": ""https://youranimes.tw/animes/3311""}]"
《創聖的亞庫艾里翁》的主視覺圖,2005年4月新番,1,0,"[{""title"": ""YourAnimes 連結"", ""url"": ""https://youranimes.tw/animes/3444""}]"
《武器種族傳說》的主視覺圖,2005年4月新番,1,0,"[{""title"": ""YourAnimes 連結"", ""url"": ""https://youranimes.tw/animes/4131""}]"
《我的主人愛作怪》的主視覺圖,2005年4月新番,1,0,"[{""title"": ""YourAnimes 連結"", ""url"": ""https://youranimes.tw/animes/4268""}]"
《絕對少年》的主視覺圖,2005年4月新番,1,0,"[{""title"": ""YourAnimes 連結"", ""url"": ""https://youranimes.tw/animes/4609""}]"
《光速蒙面俠21》的主視覺圖,2005年4月新番,1,0,"[{""title"": ""YourAnimes 連結"", ""url"": ""https://youranimes.tw/animes/5181""}]"
《槍與劍》的主視覺圖,2005年7月新番,1,0,"[{""title"": ""YourAnimes 連結"", ""url"": ""https://youranimes.tw/animes/5363""}]"
《BLEACH 死神：The Sealed Sword Frenzy》的主視覺圖,2005年7月新番,1,0,"[{""title"": ""YourAnimes 連結"", ""url"": ""https://youranimes.tw/animes/3227""}]"
《AIR IN SUMMER》的主視覺圖,2005年7月新番,1,0,"[{""title"": ""YourAnimes 連結"", ""url"": ""https://youranimes.tw/animes/6067""}]"
《涼風》的主視覺圖,2005年7月新番,1,0,"[{""title"": ""YourAnimes 連結"", ""url"": ""https://youranimes.tw/animes/884""}]"
《驚爆危機！The Second Raid》的主視覺圖,2005年7月新番,1,0,"[{""title"": ""YourAnimes 連結"", ""url"": ""https://youranimes.tw/animes/2560""}]"
《機動新撰組 萌之劍》的主視覺圖,2005年7月新番,1,0,"[{""title"": ""YourAnimes 連結"", ""url"": ""https://youranimes.tw/animes/4550""}]"
《魔女的考驗》的主視覺圖,2005年7月新番,1,0,"[{""title"": ""YourAnimes 連結"", ""url"": ""https://youranimes.tw/animes/4781""}]"
《ONE PIECE 航海王：魯夫捕頭傳特別版》的主視覺圖,2005年10月新番,1,0,"[{""title"": ""YourAnimes 連結"", ""url"": ""https://youranimes.tw/animes/1858""}]"
《機動戰士鋼彈SEED DESTINY 被選擇的未來》的主視覺圖,2005年10月新番,1,0,"[{""title"": ""YourAnimes 連結"", ""url"": ""https://youranimes.tw/animes/2138""}]"
《烏龍派出所特別篇 8》的主視覺圖,2005年10月新番,1,0,"[{""title"": ""YourAnimes 連結"", ""url"": ""https://youranimes.tw/animes/2162""}]"
《地獄少女》的主視覺圖,2005年10月新番,1,0,"[{""title"": ""YourAnimes 連結"", ""url"": ""https://youranimes.tw/animes/1135""}]"
《Canvas2》的主視覺圖,2005年10月新番,1,0,"[{""title"": ""YourAnimes 連結"", ""url"": ""https://youranimes.tw/animes/1844""}]"
《血戰》的主視覺圖,2005年10月新番,1,0,"[{""title"": ""YourAnimes 連結"", ""url"": ""https://youranimes.tw/animes/1894""}]"
《水星領航員：ARIA The ANIMATION》的主視覺圖,2005年10月新番,1,0,"[{""title"": ""YourAnimes 連結"", ""url"": ""https://youranimes.tw/animes/1965""}]"
《棒球大聯盟 第二季》的主視覺圖,2005年10月新番,2,0,"[{""title"": ""YourAnimes 連結"", ""url"": ""https://youranimes.tw/animes/2049""}]"
《魔法少女奈葉A's》的主視覺圖,2005年10月新番,1,0,"[{""title"": ""YourAnimes 連結"", ""url"": ""https://youranimes.tw/animes/2366""}]"
《蟲師》的主視覺圖,2005年10月新番,1,0,"[{""title"": ""YourAnimes 連結"", ""url"": ""https://youranimes.tw/animes/2790""}]"
《capeta 極速方程式》的主視覺圖,2005年10月新番,1,0,"[{""title"": ""YourAnimes 連結"", ""url"": ""https://youranimes.tw/animes/4741""}]"
《薔薇少女 彷如夢境》的主視覺圖,2005年10月新番,1,0,"[{""title"": ""YourAnimes 連結"", ""url"": ""https://youranimes.tw/animes/5980""}]"
《Fate/stay night》的主視覺圖,2006年1月新番,1,0,"[{""title"": ""YourAnimes 連結"", ""url"": ""https://youranimes.tw/animes/2077""}]"
《遊戲王 怪獸之決鬥：ALEX》的主視覺圖,2006年1月新番,1,0,"[{""title"": ""YourAnimes 連結"", ""url"": ""https://youranimes.tw/animes/3268""}]"
《Ergo Proxy 死亡代理人》的主視覺圖,2006年1月新番,1,0,"[{""title"": ""YourAnimes 連結"", ""url"": ""https://youranimes.tw/animes/3600""}]"
《怪 ayakashi》的主視覺圖,2006年1月新番,1,0,"[{""title"": ""YourAnimes 連結"", ""url"": ""https://youranimes.tw/animes/3760""}]"
《犬神！》的主視覺圖,2006年4月新番,1,0,"[{""title"": ""YourAnimes 連結"", ""url"": ""https://youranimes.tw/animes/6523""}]"
《怪醫黑傑克21》的主視覺圖,2006年4月新番,1,0,"[{""title"": ""YourAnimes 連結"", ""url"": ""https://youranimes.tw/animes/1422""}]"
《BLACK LAGOON 企業傭兵》的主視覺圖,2006年4月新番,1,0,"[{""title"": ""YourAnimes 連結"", ""url"": ""https://youranimes.tw/animes/1451""}]"
《涼宮春日的憂鬱》的主視覺圖,2006年4月新番,1,0,"[{""title"": ""YourAnimes 連結"", ""url"": ""https://youranimes.tw/animes/1494""}]"
《水星領航員 第二季：ARIA The NATURAL》的主視覺圖,2006年4月新番,2,0,"[{""title"": ""YourAnimes 連結"", ""url"": ""https://youranimes.tw/animes/1966""}]"
《機動戰士鋼彈SEED DESTINY 特別篇》的主視覺圖,2006年4月新番,1,0,"[{""title"": ""YourAnimes 連結"", ""url"": ""https://youranimes.tw/animes/2139""}]"
《櫻蘭高校男公關部》的主視覺圖,2006年4月新番,1,0,"[{""title"": ""YourAnimes 連結"", ""url"": ""https://youranimes.tw/animes/2427""}]"
《NANA》的主視覺圖,2006年4月新番,1,0,"[{""title"": ""YourAnimes 連結"", ""url"": ""https://youranimes.tw/animes/2575""}]"
《幸運女神 第二季：各自的羽翼》的主視覺圖,2006年4月新番,2,0,"[{""title"": ""YourAnimes 連結"", ""url"": ""https://youranimes.tw/animes/2819""}]"
《蟲師-總集篇》的主視覺圖,2006年4月新番,1,0,"[{""title"": ""YourAnimes 連結"", ""url"": ""https://youranimes.tw/animes/2791""}]"
《銀魂》的主視覺圖,2006年4月新番,1,0,"[{""title"": ""YourAnimes 連結"", ""url"": ""https://youranimes.tw/animes/2969""}]"
《受讚頌者》的主視覺圖,2006年4月新番,1,0,"[{""title"": ""YourAnimes 連結"", ""url"": ""https://youranimes.tw/animes/3144""}]"
《暮蟬悲鳴時》的主視覺圖,2006年4月新番,1,0,"[{""title"": ""YourAnimes 連結"", ""url"": ""https://youranimes.tw/animes/3638""}]"
《學園天堂》的主視覺圖,2006年4月新番,1,0,"[{""title"": ""YourAnimes 連結"", ""url"": ""https://youranimes.tw/animes/3719""}]"
《魔界戰記》的主視覺圖,2006年4月新番,1,0,"[{""title"": ""YourAnimes 連結"", ""url"": ""https://youranimes.tw/animes/4386""}]"
《ZEGAPAIN》的主視覺圖,2006年4月新番,1,0,"[{""title"": ""YourAnimes 連結"", ""url"": ""https://youranimes.tw/animes/4514""}]"
《校園迷糊大王 二學期》的主視覺圖,2006年4月新番,1,0,"[{""title"": ""YourAnimes 連結"", ""url"": ""https://youranimes.tw/animes/4545""}]"
《花漾明星KIRARIN》的主視覺圖,2006年4月新番,1,0,"[{""title"": ""YourAnimes 連結"", ""url"": ""https://youranimes.tw/animes/4823""}]"
《鍊金三級魔法少女》的主視覺圖,2006年4月新番,1,0,"[{""title"": ""YourAnimes 連結"", ""url"": ""https://youranimes.tw/animes/5429""}]"
《機動戰士鋼彈SEED C.E.73 STARGAZER》的主視覺圖,2006年7月新番,1,0,"[{""title"": ""YourAnimes 連結"", ""url"": ""https://youranimes.tw/animes/2140""}]"
《童話槍手小紅帽》的主視覺圖,2006年7月新番,1,0,"[{""title"": ""YourAnimes 連結"", ""url"": ""https://youranimes.tw/animes/2352""}]"
《寶可夢 鑽石&珍珠》的主視覺圖,2006年7月新番,1,0,"[{""title"": ""YourAnimes 連結"", ""url"": ""https://youranimes.tw/animes/2381""}]"
《攻殼機動隊 STAND ALONE COMPLEX Solid State Society》的主視覺圖,2006年7月新番,1,0,"[{""title"": ""YourAnimes 連結"", ""url"": ""https://youranimes.tw/animes/3340""}]"
《零之使魔》的主視覺圖,2006年7月新番,1,0,"[{""title"": ""YourAnimes 連結"", ""url"": ""https://youranimes.tw/animes/3364""}]"
《歡迎加入NHK！》的主視覺圖,2006年7月新番,1,0,"[{""title"": ""YourAnimes 連結"", ""url"": ""https://youranimes.tw/animes/3988""}]"
《無敵看板娘》的主視覺圖,2006年7月新番,1,0,"[{""title"": ""YourAnimes 連結"", ""url"": ""https://youranimes.tw/animes/4233""}]"
《搞笑漫畫日和2》的主視覺圖,2006年7月新番,1,0,"[{""title"": ""YourAnimes 連結"", ""url"": ""https://youranimes.tw/animes/5610""}]"
《幕末機關說》的主視覺圖,2006年10月新番,1,0,"[{""title"": ""YourAnimes 連結"", ""url"": ""https://youranimes.tw/animes/4349""}]"
《薔薇少女 序曲》的主視覺圖,2006年10月新番,1,0,"[{""title"": ""YourAnimes 連結"", ""url"": ""https://youranimes.tw/animes/5981""}]"
《DEATH NOTE 死亡筆記本》的主視覺圖,2006年10月新番,1,0,"[{""title"": ""YourAnimes 連結"", ""url"": ""https://youranimes.tw/animes/434""}]"
《Code Geass 反叛的魯路修》的主視覺圖,2006年10月新番,1,0,"[{""title"": ""YourAnimes 連結"", ""url"": ""https://youranimes.tw/animes/1165""}]"
《地獄少女 二籠》的主視覺圖,2006年10月新番,1,0,"[{""title"": ""YourAnimes 連結"", ""url"": ""https://youranimes.tw/animes/1136""}]"
《魔法老師！？》的主視覺圖,2006年10月新番,1,0,"[{""title"": ""YourAnimes 連結"", ""url"": ""https://youranimes.tw/animes/1368""}]"
《BLACK LAGOON 企業傭兵 第二季》的主視覺圖,2006年10月新番,2,0,"[{""title"": ""YourAnimes 連結"", ""url"": ""https://youranimes.tw/animes/1452""}]"
《家庭教師 HITMAN REBORN!》的主視覺圖,2006年10月新番,1,0,"[{""title"": ""YourAnimes 連結"", ""url"": ""https://youranimes.tw/animes/1462""}]"
《史上最強弟子兼一》的主視覺圖,2006年10月新番,1,0,"[{""title"": ""YourAnimes 連結"", ""url"": ""https://youranimes.tw/animes/1881""}]"
《金色琴弦 ～primo passo～》的主視覺圖,2006年10月新番,1,0,"[{""title"": ""YourAnimes 連結"", ""url"": ""https://youranimes.tw/animes/2457""}]"
《貝貝生活日記》的主視覺圖,2006年10月新番,1,0,"[{""title"": ""YourAnimes 連結"", ""url"": ""https://youranimes.tw/animes/2779""}]"
《大眼蛙 蓮葉上的城鎮 千鈞一髮》的主視覺圖,2006年10月新番,1,0,"[{""title"": ""YourAnimes 連結"", ""url"": ""https://youranimes.tw/animes/2943""}]"
《花小免 愛作夢的芭蕾舞者》的主視覺圖,2006年10月新番,1,0,"[{""title"": ""YourAnimes 連結"", ""url"": ""https://youranimes.tw/animes/2945""}]"
《Winter Garden 冬季花園》的主視覺圖,2006年10月新番,1,0,"[{""title"": ""YourAnimes 連結"", ""url"": ""https://youranimes.tw/animes/3402""}]"
《結界師》的主視覺圖,2006年10月新番,1,0,"[{""title"": ""YourAnimes 連結"", ""url"": ""https://youranimes.tw/animes/3916""}]"
《Bartender 王牌酒保》的主視覺圖,2006年10月新番,1,0,"[{""title"": ""YourAnimes 連結"", ""url"": ""https://youranimes.tw/animes/3945""}]"
《非戰特攻隊 Pumpkin Scissors》的主視覺圖,2006年10月新番,1,0,"[{""title"": ""YourAnimes 連結"", ""url"": ""https://youranimes.tw/animes/4021""}]"
《Happiness!》的主視覺圖,2006年10月新番,1,0,"[{""title"": ""YourAnimes 連結"", ""url"": ""https://youranimes.tw/animes/4547""}]"
《蒼天之拳》的主視覺圖,2006年10月新番,1,0,"[{""title"": ""YourAnimes 連結"", ""url"": ""https://youranimes.tw/animes/4735""}]"
《Kanon（2006）》的主視覺圖,2006年10月新番,1,0,"[{""title"": ""YourAnimes 連結"", ""url"": ""https://youranimes.tw/animes/6272""}]"
《棒球大聯盟 第三季》的主視覺圖,2007年1月新番,3,0,"[{""title"": ""YourAnimes 連結"", ""url"": ""https://youranimes.tw/animes/2050""}]"
《火影忍者疾風傳》的主視覺圖,2007年1月新番,1,0,"[{""title"": ""YourAnimes 連結"", ""url"": ""https://youranimes.tw/animes/2264""}]"
《幸運女神 各自的羽翼 OVA》的主視覺圖,2007年1月新番,1,0,"[{""title"": ""YourAnimes 連結"", ""url"": ""https://youranimes.tw/animes/2820""}]"
《Hello Kitty 神秘蘋果森林》的主視覺圖,2007年1月新番,1,0,"[{""title"": ""YourAnimes 連結"", ""url"": ""https://youranimes.tw/animes/2944""}]"
《一騎當千 Dragon Destiny》的主視覺圖,2007年1月新番,1,0,"[{""title"": ""YourAnimes 連結"", ""url"": ""https://youranimes.tw/animes/3133""}]"
《京四郎與永遠的天空》的主視覺圖,2007年1月新番,1,0,"[{""title"": ""YourAnimes 連結"", ""url"": ""https://youranimes.tw/animes/4139""}]"
《Yes!光之美少女5》的主視覺圖,2007年1月新番,1,0,"[{""title"": ""YourAnimes 連結"", ""url"": ""https://youranimes.tw/animes/4166""}]"
《風之聖痕》的主視覺圖,2007年4月新番,1,0,"[{""title"": ""YourAnimes 連結"", ""url"": ""https://youranimes.tw/animes/5535""}]"
《地球防衛少年》的主視覺圖,2007年4月新番,1,0,"[{""title"": ""YourAnimes 連結"", ""url"": ""https://youranimes.tw/animes/5536""}]"
《幸運☆星》的主視覺圖,2007年4月新番,1,0,"[{""title"": ""YourAnimes 連結"", ""url"": ""https://youranimes.tw/animes/6513""}]"
《福音小戰士》的主視覺圖,2007年4月新番,1,0,"[{""title"": ""YourAnimes 連結"", ""url"": ""https://youranimes.tw/animes/3568""}]"
《天元突破 紅蓮螺巖》的主視覺圖,2007年4月新番,1,0,"[{""title"": ""YourAnimes 連結"", ""url"": ""https://youranimes.tw/animes/1518""}]"
《偶像大師 XENOGLOSSIA》的主視覺圖,2007年4月新番,1,0,"[{""title"": ""YourAnimes 連結"", ""url"": ""https://youranimes.tw/animes/1898""}]"
《魔法少女奈葉StrikerS》的主視覺圖,2007年4月新番,1,0,"[{""title"": ""YourAnimes 連結"", ""url"": ""https://youranimes.tw/animes/2367""}]"
《蜜糖邦尼 Sugarbunnies》的主視覺圖,2007年4月新番,1,0,"[{""title"": ""YourAnimes 連結"", ""url"": ""https://youranimes.tw/animes/2859""}]"
《DARKER THAN BLACK -黑之契約者-》的主視覺圖,2007年4月新番,1,0,"[{""title"": ""YourAnimes 連結"", ""url"": ""https://youranimes.tw/animes/3304""}]"
《旋風管家》的主視覺圖,2007年4月新番,1,0,"[{""title"": ""YourAnimes 連結"", ""url"": ""https://youranimes.tw/animes/3370""}]"
《電腦線圈》的主視覺圖,2007年4月新番,1,0,"[{""title"": ""YourAnimes 連結"", ""url"": ""https://youranimes.tw/animes/3389""}]"
《爆炸頭武士》的主視覺圖,2007年4月新番,1,0,"[{""title"": ""YourAnimes 連結"", ""url"": ""https://youranimes.tw/animes/3561""}]"
《鬼太郎 (2007)》的主視覺圖,2007年4月新番,1,0,"[{""title"": ""YourAnimes 連結"", ""url"": ""https://youranimes.tw/animes/3690""}]"
《獵魔戰記》的主視覺圖,2007年4月新番,1,0,"[{""title"": ""YourAnimes 連結"", ""url"": ""https://youranimes.tw/animes/3858""}]"
《魔女獵人》的主視覺圖,2007年4月新番,1,0,"[{""title"": ""YourAnimes 連結"", ""url"": ""https://youranimes.tw/animes/4020""}]"
《奔向地球》的主視覺圖,2007年4月新番,1,0,"[{""title"": ""YourAnimes 連結"", ""url"": ""https://youranimes.tw/animes/4446""}]"
《烏龍派出所特別篇 9》的主視覺圖,2007年7月新番,1,0,"[{""title"": ""YourAnimes 連結"", ""url"": ""https://youranimes.tw/animes/2163""}]"
《BACCANO！大騷動！》的主視覺圖,2007年7月新番,1,0,"[{""title"": ""YourAnimes 連結"", ""url"": ""https://youranimes.tw/animes/784""}]"
《死亡筆記本 ～Relights・幻影之神～》的主視覺圖,2007年7月新番,1,0,"[{""title"": ""YourAnimes 連結"", ""url"": ""https://youranimes.tw/animes/2735""}]"
《零之使魔 第二季：雙月的騎士》的主視覺圖,2007年7月新番,2,0,"[{""title"": ""YourAnimes 連結"", ""url"": ""https://youranimes.tw/animes/3365""}]"
《暮蟬悲鳴時解》的主視覺圖,2007年7月新番,1,0,"[{""title"": ""YourAnimes 連結"", ""url"": ""https://youranimes.tw/animes/3640""}]"
《物怪》的主視覺圖,2007年7月新番,1,0,"[{""title"": ""YourAnimes 連結"", ""url"": ""https://youranimes.tw/animes/3761""}]"
《 天翔少女》的主視覺圖,2007年7月新番,1,0,"[{""title"": ""YourAnimes 連結"", ""url"": ""https://youranimes.tw/animes/4329""}]"
《金田一少年之事件簿SP「歌劇院・最後的殺人」》的主視覺圖,2007年10月新番,1,0,"[{""title"": ""YourAnimes 連結"", ""url"": ""https://youranimes.tw/animes/5871""}]"
《金田一少年之事件簿SP「吸血鬼傳說殺人事件」》的主視覺圖,2007年10月新番,1,0,"[{""title"": ""YourAnimes 連結"", ""url"": ""https://youranimes.tw/animes/5872""}]"
《機動戰士鋼彈00》的主視覺圖,2007年10月新番,1,0,"[{""title"": ""YourAnimes 連結"", ""url"": ""https://youranimes.tw/animes/2109""}]"
《南家三姊妹》的主視覺圖,2007年10月新番,1,0,"[{""title"": ""YourAnimes 連結"", ""url"": ""https://youranimes.tw/animes/2625""}]"
《幸運女神 戰鬥之翼》的主視覺圖,2007年10月新番,1,0,"[{""title"": ""YourAnimes 連結"", ""url"": ""https://youranimes.tw/animes/2821""}]"
《電腦線圈 總複習》的主視覺圖,2007年10月新番,1,0,"[{""title"": ""YourAnimes 連結"", ""url"": ""https://youranimes.tw/animes/3390""}]"
《電腦線圈 特別篇》的主視覺圖,2007年10月新番,1,0,"[{""title"": ""YourAnimes 連結"", ""url"": ""https://youranimes.tw/animes/3391""}]"
《超時空要塞F 「近距離接觸」Deculture edition》的主視覺圖,2007年10月新番,1,0,"[{""title"": ""YourAnimes 連結"", ""url"": ""https://youranimes.tw/animes/3790""}]"
《七色★星露》的主視覺圖,2007年10月新番,1,0,"[{""title"": ""YourAnimes 連結"", ""url"": ""https://youranimes.tw/animes/4327""}]"
《守護甜心！》的主視覺圖,2007年10月新番,1,0,"[{""title"": ""YourAnimes 連結"", ""url"": ""https://youranimes.tw/animes/5106""}]"
《賭博默示錄》的主視覺圖,2007年10月新番,1,0,"[{""title"": ""YourAnimes 連結"", ""url"": ""https://youranimes.tw/animes/5611""}]"
《狼與辛香料》的主視覺圖,2008年1月新番,1,0,"[{""title"": ""YourAnimes 連結"", ""url"": ""https://youranimes.tw/animes/1241""}]"
《水星領航員 第三季：ARIA The ORIGINATION》的主視覺圖,2008年1月新番,3,0,"[{""title"": ""YourAnimes 連結"", ""url"": ""https://youranimes.tw/animes/1969""}]"
《棒球大聯盟 第四季》的主視覺圖,2008年1月新番,4,0,"[{""title"": ""YourAnimes 連結"", ""url"": ""https://youranimes.tw/animes/2051""}]"
《南家三姊妹～再來一碗～》的主視覺圖,2008年1月新番,1,0,"[{""title"": ""YourAnimes 連結"", ""url"": ""https://youranimes.tw/animes/2626""}]"
《奇奇冒險日記》的主視覺圖,2008年1月新番,1,0,"[{""title"": ""YourAnimes 連結"", ""url"": ""https://youranimes.tw/animes/2899""}]"
《十字架 + 吸血姬》的主視覺圖,2008年1月新番,1,0,"[{""title"": ""YourAnimes 連結"", ""url"": ""https://youranimes.tw/animes/3603""}]"
《女神異聞錄 ～三位一體之魂～》的主視覺圖,2008年1月新番,1,0,"[{""title"": ""YourAnimes 連結"", ""url"": ""https://youranimes.tw/animes/3573""}]"
《墓場鬼太郎》的主視覺圖,2008年1月新番,1,0,"[{""title"": ""YourAnimes 連結"", ""url"": ""https://youranimes.tw/animes/3693""}]"
《Yes!光之美少女5GoGo!》的主視覺圖,2008年1月新番,1,0,"[{""title"": ""YourAnimes 連結"", ""url"": ""https://youranimes.tw/animes/4167""}]"
《BUS GAMER 玩命遊戲》的主視覺圖,2008年1月新番,1,0,"[{""title"": ""YourAnimes 連結"", ""url"": ""https://youranimes.tw/animes/4232""}]"
《GUNSLINGER GIRL -IL TEATRINO- 神槍少女》的主視覺圖,2008年1月新番,1,0,"[{""title"": ""YourAnimes 連結"", ""url"": ""https://youranimes.tw/animes/4559""}]"
《全力兔》的主視覺圖,2008年1月新番,1,0,"[{""title"": ""YourAnimes 連結"", ""url"": ""https://youranimes.tw/animes/4788""}]"
《搞笑漫畫日和3》的主視覺圖,2008年1月新番,1,0,"[{""title"": ""YourAnimes 連結"", ""url"": ""https://youranimes.tw/animes/5614""}]"
《蒼色騎士》的主視覺圖,2008年4月新番,1,0,"[{""title"": ""YourAnimes 連結"", ""url"": ""https://youranimes.tw/animes/6400""}]"
《夏娃的時間》的主視覺圖,2008年4月新番,1,0,"[{""title"": ""YourAnimes 連結"", ""url"": ""https://youranimes.tw/animes/5091""}]"
《Code Geass 反叛的魯路修 R2》的主視覺圖,2008年4月新番,1,0,"[{""title"": ""YourAnimes 連結"", ""url"": ""https://youranimes.tw/animes/1170""}]"
《SOUL EATER 噬魂者》的主視覺圖,2008年4月新番,1,0,"[{""title"": ""YourAnimes 連結"", ""url"": ""https://youranimes.tw/animes/1957""}]"
《烏龍派出所特別篇 10》的主視覺圖,2008年4月新番,1,0,"[{""title"": ""YourAnimes 連結"", ""url"": ""https://youranimes.tw/animes/2164""}]"
《純情羅曼史》的主視覺圖,2008年4月新番,1,0,"[{""title"": ""YourAnimes 連結"", ""url"": ""https://youranimes.tw/animes/2605""}]"
《蜜糖邦尼 Sugarbunnies 第二季》的主視覺圖,2008年4月新番,2,0,"[{""title"": ""YourAnimes 連結"", ""url"": ""https://youranimes.tw/animes/2861""}]"
《一騎當千 Great Guardians》的主視覺圖,2008年4月新番,1,0,"[{""title"": ""YourAnimes 連結"", ""url"": ""https://youranimes.tw/animes/3135""}]"
《遊戲王5D's》的主視覺圖,2008年4月新番,1,0,"[{""title"": ""YourAnimes 連結"", ""url"": ""https://youranimes.tw/animes/3274""}]"
《光速大冒險PIPOPA》的主視覺圖,2008年4月新番,1,0,"[{""title"": ""YourAnimes 連結"", ""url"": ""https://youranimes.tw/animes/3363""}]"
《超時空要塞F》的主視覺圖,2008年4月新番,1,0,"[{""title"": ""YourAnimes 連結"", ""url"": ""https://youranimes.tw/animes/3789""}]"
《假面男僕》的主視覺圖,2008年4月新番,1,0,"[{""title"": ""YourAnimes 連結"", ""url"": ""https://youranimes.tw/animes/3982""}]"
《隱王》的主視覺圖,2008年4月新番,1,0,"[{""title"": ""YourAnimes 連結"", ""url"": ""https://youranimes.tw/animes/3987""}]"
《艾莉森與莉莉亞》的主視覺圖,2008年4月新番,1,0,"[{""title"": ""YourAnimes 連結"", ""url"": ""https://youranimes.tw/animes/4015""}]"
《二十面相少女》的主視覺圖,2008年4月新番,1,0,"[{""title"": ""YourAnimes 連結"", ""url"": ""https://youranimes.tw/animes/4253""}]"
《出包王女》的主視覺圖,2008年4月新番,1,0,"[{""title"": ""YourAnimes 連結"", ""url"": ""https://youranimes.tw/animes/4404""}]"
《吸血鬼騎士》的主視覺圖,2008年4月新番,1,0,"[{""title"": ""YourAnimes 連結"", ""url"": ""https://youranimes.tw/animes/4896""}]"
《新 安琪莉可 Abyss》的主視覺圖,2008年4月新番,1,0,"[{""title"": ""YourAnimes 連結"", ""url"": ""https://youranimes.tw/animes/5132""}]"
《楚楚可憐超能少女組》的主視覺圖,2008年4月新番,1,0,"[{""title"": ""YourAnimes 連結"", ""url"": ""https://youranimes.tw/animes/5684""}]"
《BLEACH カラブリ! 護廷十三屋台大作戦!》的主視覺圖,2008年7月新番,1,0,"[{""title"": ""YourAnimes 連結"", ""url"": ""https://youranimes.tw/animes/3228""}]"
《強襲魔女》的主視覺圖,2008年7月新番,1,0,"[{""title"": ""YourAnimes 連結"", ""url"": ""https://youranimes.tw/animes/1186""}]"
《夏目友人帳》的主視覺圖,2008年7月新番,1,0,"[{""title"": ""YourAnimes 連結"", ""url"": ""https://youranimes.tw/animes/1388""}]"
《秀逗魔導士 REVOLUTION》的主視覺圖,2008年7月新番,1,0,"[{""title"": ""YourAnimes 連結"", ""url"": ""https://youranimes.tw/animes/1444""}]"
《機動戰士鋼彈00 天使們的軌跡》的主視覺圖,2008年7月新番,1,0,"[{""title"": ""YourAnimes 連結"", ""url"": ""https://youranimes.tw/animes/2111""}]"
《死亡筆記本～Relights・L的繼承者～》的主視覺圖,2008年7月新番,1,0,"[{""title"": ""YourAnimes 連結"", ""url"": ""https://youranimes.tw/animes/2736""}]"
《零之使魔 第三季：三美姬的輪舞》的主視覺圖,2008年7月新番,3,0,"[{""title"": ""YourAnimes 連結"", ""url"": ""https://youranimes.tw/animes/3366""}]"
《超能力少女 蘭》的主視覺圖,2008年7月新番,1,0,"[{""title"": ""YourAnimes 連結"", ""url"": ""https://youranimes.tw/animes/4647""}]"
《新 安琪莉可 Abyss -Second Age- 》的主視覺圖,2008年7月新番,1,0,"[{""title"": ""YourAnimes 連結"", ""url"": ""https://youranimes.tw/animes/5133""}]"
《鬼影投手》的主視覺圖,2008年10月新番,1,0,"[{""title"": ""YourAnimes 連結"", ""url"": ""https://youranimes.tw/animes/6206""}]"
《虎與龍 TIGER×DRAGON!》的主視覺圖,2008年10月新番,1,0,"[{""title"": ""YourAnimes 連結"", ""url"": ""https://youranimes.tw/animes/144""}]"
《魔法禁書目錄》的主視覺圖,2008年10月新番,1,0,"[{""title"": ""YourAnimes 連結"", ""url"": ""https://youranimes.tw/animes/312""}]"
《地獄少女 三鼎》的主視覺圖,2008年10月新番,1,0,"[{""title"": ""YourAnimes 連結"", ""url"": ""https://youranimes.tw/animes/1137""}]"
《機動戰士鋼彈00 第二季》的主視覺圖,2008年10月新番,2,0,"[{""title"": ""YourAnimes 連結"", ""url"": ""https://youranimes.tw/animes/2110""}]"
《食靈-零-》的主視覺圖,2008年10月新番,1,0,"[{""title"": ""YourAnimes 連結"", ""url"": ""https://youranimes.tw/animes/2248""}]"
《純情羅曼史2》的主視覺圖,2008年10月新番,1,0,"[{""title"": ""YourAnimes 連結"", ""url"": ""https://youranimes.tw/animes/2606""}]"
《閃電十一人》的主視覺圖,2008年10月新番,1,0,"[{""title"": ""YourAnimes 連結"", ""url"": ""https://youranimes.tw/animes/2655""}]"
《神薙》的主視覺圖,2008年10月新番,1,0,"[{""title"": ""YourAnimes 連結"", ""url"": ""https://youranimes.tw/animes/3101""}]"
《零之使魔 「誘惑的沙灘」》的主視覺圖,2008年10月新番,1,0,"[{""title"": ""YourAnimes 連結"", ""url"": ""https://youranimes.tw/animes/3368""}]"
《十字架 + 吸血姬 CAPU2》的主視覺圖,2008年10月新番,1,0,"[{""title"": ""YourAnimes 連結"", ""url"": ""https://youranimes.tw/animes/3604""}]"
《泰坦尼亞》的主視覺圖,2008年10月新番,1,0,"[{""title"": ""YourAnimes 連結"", ""url"": ""https://youranimes.tw/animes/4620""}]"
《吸血鬼騎士 Guilty》的主視覺圖,2008年10月新番,1,0,"[{""title"": ""YourAnimes 連結"", ""url"": ""https://youranimes.tw/animes/4897""}]"
《CHAOS;HEAD 混沌之腦》的主視覺圖,2008年10月新番,1,0,"[{""title"": ""YourAnimes 連結"", ""url"": ""https://youranimes.tw/animes/5062""}]"
《守護甜心！！心跳》的主視覺圖,2008年10月新番,1,0,"[{""title"": ""YourAnimes 連結"", ""url"": ""https://youranimes.tw/animes/5107""}]"
《夜櫻四重奏》的主視覺圖,2008年10月新番,1,0,"[{""title"": ""YourAnimes 連結"", ""url"": ""https://youranimes.tw/animes/5820""}]"
《鋼鐵新娘》的主視覺圖,2008年10月新番,1,0,"[{""title"": ""YourAnimes 連結"", ""url"": ""https://youranimes.tw/animes/5841""}]"
《瑪莉亞的凝望 第四季》的主視覺圖,2009年1月新番,4,0,"[{""title"": ""YourAnimes 連結"", ""url"": ""https://youranimes.tw/animes/5487""}]"
《小涼宮春日的憂鬱》的主視覺圖,2009年1月新番,1,0,"[{""title"": ""YourAnimes 連結"", ""url"": ""https://youranimes.tw/animes/1496""}]"
《Nyoron小鶴屋學姊》的主視覺圖,2009年1月新番,1,0,"[{""title"": ""YourAnimes 連結"", ""url"": ""https://youranimes.tw/animes/1497""}]"
《義呆利 Axis Powers》的主視覺圖,2009年1月新番,1,0,"[{""title"": ""YourAnimes 連結"", ""url"": ""https://youranimes.tw/animes/4634""}]"
《魯邦三世VS名偵探柯南》的主視覺圖,2009年1月新番,1,0,"[{""title"": ""YourAnimes 連結"", ""url"": ""https://youranimes.tw/animes/2279""}]"
《秀逗魔導士 EVOLUTION-R》的主視覺圖,2009年1月新番,1,0,"[{""title"": ""YourAnimes 連結"", ""url"": ""https://youranimes.tw/animes/1445""}]"
《夏目友人帳 第二季》的主視覺圖,2009年1月新番,2,0,"[{""title"": ""YourAnimes 連結"", ""url"": ""https://youranimes.tw/animes/1389""}]"
《第一神拳 New Challenger》的主視覺圖,2009年1月新番,1,0,"[{""title"": ""YourAnimes 連結"", ""url"": ""https://youranimes.tw/animes/1997""}]"
《棒球大聯盟 第五季》的主視覺圖,2009年1月新番,5,0,"[{""title"": ""YourAnimes 連結"", ""url"": ""https://youranimes.tw/animes/2052""}]"
《金色琴弦 〜secondo passo〜》的主視覺圖,2009年1月新番,1,0,"[{""title"": ""YourAnimes 連結"", ""url"": ""https://youranimes.tw/animes/2459""}]"
《南家三姊妹 歡迎回家》的主視覺圖,2009年1月新番,1,0,"[{""title"": ""YourAnimes 連結"", ""url"": ""https://youranimes.tw/animes/2627""}]"
《奇奇冒險日記 第2季》的主視覺圖,2009年1月新番,2,0,"[{""title"": ""YourAnimes 連結"", ""url"": ""https://youranimes.tw/animes/2900""}]"
《白色相簿》的主視覺圖,2009年1月新番,1,0,"[{""title"": ""YourAnimes 連結"", ""url"": ""https://youranimes.tw/animes/3073""}]"
《仰望天空的少女瞳中的世界》的主視覺圖,2009年1月新番,1,0,"[{""title"": ""YourAnimes 連結"", ""url"": ""https://youranimes.tw/animes/3728""}]"
《明日的與一》的主視覺圖,2009年1月新番,1,0,"[{""title"": ""YourAnimes 連結"", ""url"": ""https://youranimes.tw/animes/4239""}]"
《獸之奏者 艾琳》的主視覺圖,2009年1月新番,1,0,"[{""title"": ""YourAnimes 連結"", ""url"": ""https://youranimes.tw/animes/4621""}]"
《続 夏目友人帳 3Ｄニャンコ先生劇場》的主視覺圖,2009年4月新番,1,0,"[{""title"": ""YourAnimes 連結"", ""url"": ""https://youranimes.tw/animes/1390""}]"
《簡單易懂的現代魔法「cruncha cruncha cruncha」》的主視覺圖,2009年4月新番,1,0,"[{""title"": ""YourAnimes 連結"", ""url"": ""https://youranimes.tw/animes/4235""}]"
《K-ON！輕音部》的主視覺圖,2009年4月新番,1,0,"[{""title"": ""YourAnimes 連結"", ""url"": ""https://youranimes.tw/animes/356""}]"
《鋼之鍊金術師 BROTHERHOOD》的主視覺圖,2009年4月新番,1,0,"[{""title"": ""YourAnimes 連結"", ""url"": ""https://youranimes.tw/animes/1782""}]"
《貝貝生活日記 第二季》的主視覺圖,2009年4月新番,2,0,"[{""title"": ""YourAnimes 連結"", ""url"": ""https://youranimes.tw/animes/2780""}]"
《蜜糖邦尼 Sugarbunnies 第三季》的主視覺圖,2009年4月新番,3,0,"[{""title"": ""YourAnimes 連結"", ""url"": ""https://youranimes.tw/animes/2863""}]"
《蒼天航路》的主視覺圖,2009年4月新番,1,0,"[{""title"": ""YourAnimes 連結"", ""url"": ""https://youranimes.tw/animes/3263""}]"
《旋風管家 第二季》的主視覺圖,2009年4月新番,2,0,"[{""title"": ""YourAnimes 連結"", ""url"": ""https://youranimes.tw/animes/3372""}]"
《七龍珠改》的主視覺圖,2009年4月新番,1,0,"[{""title"": ""YourAnimes 連結"", ""url"": ""https://youranimes.tw/animes/3828""}]"
《香格里拉》的主視覺圖,2009年4月新番,1,0,"[{""title"": ""YourAnimes 連結"", ""url"": ""https://youranimes.tw/animes/3849""}]"
《元氣媽媽》的主視覺圖,2009年4月新番,1,0,"[{""title"": ""YourAnimes 連結"", ""url"": ""https://youranimes.tw/animes/4152""}]"
《潘朵拉之心 PandoraHearts》的主視覺圖,2009年4月新番,1,0,"[{""title"": ""YourAnimes 連結"", ""url"": ""https://youranimes.tw/animes/4348""}]"
《夏日風暴！》的主視覺圖,2009年4月新番,1,0,"[{""title"": ""YourAnimes 連結"", ""url"": ""https://youranimes.tw/animes/4473""}]"
《真無敵鐵金剛 衝擊！Z篇》的主視覺圖,2009年4月新番,1,0,"[{""title"": ""YourAnimes 連結"", ""url"": ""https://youranimes.tw/animes/4714""}]"
《天才麻將少女》的主視覺圖,2009年4月新番,1,0,"[{""title"": ""YourAnimes 連結"", ""url"": ""https://youranimes.tw/animes/5117""}]"
《Peeping Life The Perfect Edition》的主視覺圖,2009年4月新番,1,0,"[{""title"": ""YourAnimes 連結"", ""url"": ""https://youranimes.tw/animes/5204""}]"
《清秀佳人前傳》的主視覺圖,2009年4月新番,1,0,"[{""title"": ""YourAnimes 連結"", ""url"": ""https://youranimes.tw/animes/5579""}]"
《音速小子X 後半部 (2003)》的主視覺圖,2009年7月新番,1,0,"[{""title"": ""YourAnimes 連結"", ""url"": ""https://youranimes.tw/animes/3529""}]"
《狼與辛香料 第二季》的主視覺圖,2009年7月新番,2,0,"[{""title"": ""YourAnimes 連結"", ""url"": ""https://youranimes.tw/animes/1243""}]"
《森林大帝 勇氣將改變未來》的主視覺圖,2009年7月新番,1,0,"[{""title"": ""YourAnimes 連結"", ""url"": ""https://youranimes.tw/animes/2209""}]"
《東京地震8.0》的主視覺圖,2009年7月新番,1,0,"[{""title"": ""YourAnimes 連結"", ""url"": ""https://youranimes.tw/animes/2322""}]"
《簡單易懂的現代魔法》的主視覺圖,2009年7月新番,1,0,"[{""title"": ""YourAnimes 連結"", ""url"": ""https://youranimes.tw/animes/4234""}]"
《浪漫追星社》的主視覺圖,2009年7月新番,1,0,"[{""title"": ""YourAnimes 連結"", ""url"": ""https://youranimes.tw/animes/4582""}]"
《元素獵人》的主視覺圖,2009年7月新番,1,0,"[{""title"": ""YourAnimes 連結"", ""url"": ""https://youranimes.tw/animes/4646""}]"
《富美子的告白》的主視覺圖,2009年10月新番,1,0,"[{""title"": ""YourAnimes 連結"", ""url"": ""https://youranimes.tw/animes/2211""}]"
《魔力女管家特別篇 我回來了◆歡迎回來》的主視覺圖,2009年10月新番,1,0,"[{""title"": ""YourAnimes 連結"", ""url"": ""https://youranimes.tw/animes/4010""}]"
《科學超電磁砲》的主視覺圖,2009年10月新番,1,0,"[{""title"": ""YourAnimes 連結"", ""url"": ""https://youranimes.tw/animes/388""}]"
《FAIRY TAIL 魔導少年》的主視覺圖,2009年10月新番,1,0,"[{""title"": ""YourAnimes 連結"", ""url"": ""https://youranimes.tw/animes/1504""}]"
《黑執事》的主視覺圖,2009年10月新番,1,0,"[{""title"": ""YourAnimes 連結"", ""url"": ""https://youranimes.tw/animes/1743""}]"
《犬夜叉 完結篇》的主視覺圖,2009年10月新番,1,0,"[{""title"": ""YourAnimes 連結"", ""url"": ""https://youranimes.tw/animes/2241""}]"
《天降之物》的主視覺圖,2009年10月新番,1,0,"[{""title"": ""YourAnimes 連結"", ""url"": ""https://youranimes.tw/animes/2416""}]"
《大耳查布》的主視覺圖,2009年10月新番,1,0,"[{""title"": ""YourAnimes 連結"", ""url"": ""https://youranimes.tw/animes/2515""}]"
《動物偵探奇魯米》的主視覺圖,2009年10月新番,1,0,"[{""title"": ""YourAnimes 連結"", ""url"": ""https://youranimes.tw/animes/2637""}]"
《白色相簿 第二季度》的主視覺圖,2009年10月新番,2,0,"[{""title"": ""YourAnimes 連結"", ""url"": ""https://youranimes.tw/animes/3074""}]"
《DARKER THAN BLACK 黑之契約者 -流星之雙子-》的主視覺圖,2009年10月新番,1,0,"[{""title"": ""YourAnimes 連結"", ""url"": ""https://youranimes.tw/animes/3307""}]"
《信蜂》的主視覺圖,2009年10月新番,1,0,"[{""title"": ""YourAnimes 連結"", ""url"": ""https://youranimes.tw/animes/3286""}]"
《只想告訴你》的主視覺圖,2009年10月新番,1,0,"[{""title"": ""YourAnimes 連結"", ""url"": ""https://youranimes.tw/animes/3967""}]"
《戰鬥司書 The book of Bantorra》的主視覺圖,2009年10月新番,1,0,"[{""title"": ""YourAnimes 連結"", ""url"": ""https://youranimes.tw/animes/4255""}]"
《夏日風暴！〜春夏冬中〜》的主視覺圖,2009年10月新番,1,0,"[{""title"": ""YourAnimes 連結"", ""url"": ""https://youranimes.tw/animes/4474""}]"
《Myself ; Yourself》的主視覺圖,2009年10月新番,1,0,"[{""title"": ""YourAnimes 連結"", ""url"": ""https://youranimes.tw/animes/4567""}]"
《11eyes》的主視覺圖,2009年10月新番,1,0,"[{""title"": ""YourAnimes 連結"", ""url"": ""https://youranimes.tw/animes/4676""}]"
《守護甜心！派對！》的主視覺圖,2009年10月新番,1,0,"[{""title"": ""YourAnimes 連結"", ""url"": ""https://youranimes.tw/animes/5108""}]"
《無頭騎士異聞錄 DuRaRaRa!!》的主視覺圖,2010年1月新番,1,0,"[{""title"": ""YourAnimes 連結"", ""url"": ""https://youranimes.tw/animes/1575""}]"
《一騎當千 XTREME XECUTOR》的主視覺圖,2010年1月新番,1,0,"[{""title"": ""YourAnimes 連結"", ""url"": ""https://youranimes.tw/animes/3137""}]"
《笨蛋、測驗、召喚獸》的主視覺圖,2010年1月新番,1,0,"[{""title"": ""YourAnimes 連結"", ""url"": ""https://youranimes.tw/animes/3165""}]"
《大小姐×執事！》的主視覺圖,2010年1月新番,1,0,"[{""title"": ""YourAnimes 連結"", ""url"": ""https://youranimes.tw/animes/4263""}]"
《怪盜麗婭》的主視覺圖,2010年1月新番,1,0,"[{""title"": ""YourAnimes 連結"", ""url"": ""https://youranimes.tw/animes/5128""}]"
《搞笑漫畫日和+》的主視覺圖,2010年1月新番,1,0,"[{""title"": ""YourAnimes 連結"", ""url"": ""https://youranimes.tw/animes/5615""}]"
《妖怪手錶 光影之卷》的主視覺圖,2010年1月新番,1,0,"[{""title"": ""YourAnimes 連結"", ""url"": ""https://youranimes.tw/animes/709""}]"
《kemurikusa.》的主視覺圖,2010年4月新番,1,0,"[{""title"": ""YourAnimes 連結"", ""url"": ""https://youranimes.tw/animes/4483""}]"
《義呆利 World Series》的主視覺圖,2010年4月新番,1,0,"[{""title"": ""YourAnimes 連結"", ""url"": ""https://youranimes.tw/animes/4636""}]"
《K-ON！！輕音部 第二季》的主視覺圖,2010年4月新番,2,0,"[{""title"": ""YourAnimes 連結"", ""url"": ""https://youranimes.tw/animes/63""}]"
《四疊半神話大系》的主視覺圖,2010年4月新番,1,0,"[{""title"": ""YourAnimes 連結"", ""url"": ""https://youranimes.tw/animes/852""}]"
《WORKING!! 迷糊餐廳》的主視覺圖,2010年4月新番,1,0,"[{""title"": ""YourAnimes 連結"", ""url"": ""https://youranimes.tw/animes/1160""}]"
《Angel Beats!》的主視覺圖,2010年4月新番,1,0,"[{""title"": ""YourAnimes 連結"", ""url"": ""https://youranimes.tw/animes/1141""}]"
《棒球大聯盟 第六季》的主視覺圖,2010年4月新番,6,0,"[{""title"": ""YourAnimes 連結"", ""url"": ""https://youranimes.tw/animes/2053""}]"
《神偷怪盜》的主視覺圖,2010年4月新番,1,0,"[{""title"": ""YourAnimes 連結"", ""url"": ""https://youranimes.tw/animes/2593""}]"
《奇奇冒險日記 OVA》的主視覺圖,2010年4月新番,1,0,"[{""title"": ""YourAnimes 連結"", ""url"": ""https://youranimes.tw/animes/2901""}]"
《薄櫻鬼》的主視覺圖,2010年4月新番,1,0,"[{""title"": ""YourAnimes 連結"", ""url"": ""https://youranimes.tw/animes/3083""}]"
《嬌蠻貓娘大橫行！》的主視覺圖,2010年4月新番,1,0,"[{""title"": ""YourAnimes 連結"", ""url"": ""https://youranimes.tw/animes/4256""}]"
《學生會長是女僕！》的主視覺圖,2010年4月新番,1,0,"[{""title"": ""YourAnimes 連結"", ""url"": ""https://youranimes.tw/animes/4420""}]"
《荒川爆笑團》的主視覺圖,2010年4月新番,1,0,"[{""title"": ""YourAnimes 連結"", ""url"": ""https://youranimes.tw/animes/5948""}]"
《妖怪少爺》的主視覺圖,2010年7月新番,1,0,"[{""title"": ""YourAnimes 連結"", ""url"": ""https://youranimes.tw/animes/1029""}]"
《黑執事 II》的主視覺圖,2010年7月新番,1,0,"[{""title"": ""YourAnimes 連結"", ""url"": ""https://youranimes.tw/animes/1746""}]"
《寶可夢 超級願望》的主視覺圖,2010年7月新番,1,0,"[{""title"": ""YourAnimes 連結"", ""url"": ""https://youranimes.tw/animes/2383""}]"
《學園默示錄 HIGHSCHOOL OF THE DEAD》的主視覺圖,2010年7月新番,1,0,"[{""title"": ""YourAnimes 連結"", ""url"": ""https://youranimes.tw/animes/4046""}]"
《傳說的勇者的傳說》的主視覺圖,2010年7月新番,1,0,"[{""title"": ""YourAnimes 連結"", ""url"": ""https://youranimes.tw/animes/4112""}]"
《屍鬼》的主視覺圖,2010年7月新番,1,0,"[{""title"": ""YourAnimes 連結"", ""url"": ""https://youranimes.tw/animes/4332""}]"
《モンハン日記 ぎりぎりアイルー村☆アイルー危機一髪☆》的主視覺圖,2010年7月新番,1,0,"[{""title"": ""YourAnimes 連結"", ""url"": ""https://youranimes.tw/animes/4423""}]"
《祝福的鐘聲》的主視覺圖,2010年7月新番,1,0,"[{""title"": ""YourAnimes 連結"", ""url"": ""https://youranimes.tw/animes/4678""}]"
《玩伴貓耳娘》的主視覺圖,2010年7月新番,1,0,"[{""title"": ""YourAnimes 連結"", ""url"": ""https://youranimes.tw/animes/5167""}]"
《爆漫王。》的主視覺圖,2010年10月新番,1,0,"[{""title"": ""YourAnimes 連結"", ""url"": ""https://youranimes.tw/animes/5368""}]"
《FORTUNE ARTERIAL -赤之約束-》的主視覺圖,2010年10月新番,1,0,"[{""title"": ""YourAnimes 連結"", ""url"": ""https://youranimes.tw/animes/6021""}]"
《BLEACH 死神 (2010)》的主視覺圖,2010年10月新番,1,0,"[{""title"": ""YourAnimes 連結"", ""url"": ""https://youranimes.tw/animes/3229""}]"
《池袋西口公園》的主視覺圖,2010年10月新番,1,0,"[{""title"": ""YourAnimes 連結"", ""url"": ""https://youranimes.tw/animes/619""}]"
《魔法禁書目錄 第二季》的主視覺圖,2010年10月新番,2,0,"[{""title"": ""YourAnimes 連結"", ""url"": ""https://youranimes.tw/animes/313""}]"
《我的妹妹哪有這麼可愛》的主視覺圖,2010年10月新番,1,0,"[{""title"": ""YourAnimes 連結"", ""url"": ""https://youranimes.tw/animes/913""}]"
《小貓巴克里》的主視覺圖,2010年10月新番,1,0,"[{""title"": ""YourAnimes 連結"", ""url"": ""https://youranimes.tw/animes/2272""}]"
《天降之物f》的主視覺圖,2010年10月新番,1,0,"[{""title"": ""YourAnimes 連結"", ""url"": ""https://youranimes.tw/animes/2418""}]"
《襲來！美少女邪神 Remember My Love（craft先生）》的主視覺圖,2010年10月新番,1,0,"[{""title"": ""YourAnimes 連結"", ""url"": ""https://youranimes.tw/animes/3035""}]"
《薄櫻鬼 「特別篇 京都回想錄」》的主視覺圖,2010年10月新番,1,0,"[{""title"": ""YourAnimes 連結"", ""url"": ""https://youranimes.tw/animes/3085""}]"
《薄櫻鬼 碧血錄》的主視覺圖,2010年10月新番,1,0,"[{""title"": ""YourAnimes 連結"", ""url"": ""https://youranimes.tw/animes/3086""}]"
《信蜂 第二季：REVERSE》的主視覺圖,2010年10月新番,2,0,"[{""title"": ""YourAnimes 連結"", ""url"": ""https://youranimes.tw/animes/3289""}]"
《吊帶襪天使》的主視覺圖,2010年10月新番,1,0,"[{""title"": ""YourAnimes 連結"", ""url"": ""https://youranimes.tw/animes/3784""}]"
《傳說的勇者的傳說「伊莉絲・報告」》的主視覺圖,2010年10月新番,1,0,"[{""title"": ""YourAnimes 連結"", ""url"": ""https://youranimes.tw/animes/4113""}]"
《更多的出包王女》的主視覺圖,2010年10月新番,1,0,"[{""title"": ""YourAnimes 連結"", ""url"": ""https://youranimes.tw/animes/4406""}]"
《IRON MAN 鋼鐵人》的主視覺圖,2010年10月新番,1,0,"[{""title"": ""YourAnimes 連結"", ""url"": ""https://youranimes.tw/animes/4891""}]"
《荒川爆笑團 2》的主視覺圖,2010年10月新番,1,0,"[{""title"": ""YourAnimes 連結"", ""url"": ""https://youranimes.tw/animes/5949""}]"
《我的妹妹哪有這麼可愛（TRUE ROUTE版）》的主視覺圖,2011年1月新番,1,0,"[{""title"": ""YourAnimes 連結"", ""url"": ""https://youranimes.tw/animes/915""}]"
《鋼之鍊金術師 嘆息之丘的聖星 網路動畫》的主視覺圖,2011年1月新番,1,0,"[{""title"": ""YourAnimes 連結"", ""url"": ""https://youranimes.tw/animes/1786""}]"
《IS〈Infinite Stratos〉》的主視覺圖,2011年1月新番,1,0,"[{""title"": ""YourAnimes 連結"", ""url"": ""https://youranimes.tw/animes/1325""}]"
《魔法少女小圓》的主視覺圖,2011年1月新番,1,0,"[{""title"": ""YourAnimes 連結"", ""url"": ""https://youranimes.tw/animes/1457""}]"
《惡魔奶爸》的主視覺圖,2011年1月新番,1,0,"[{""title"": ""YourAnimes 連結"", ""url"": ""https://youranimes.tw/animes/1891""}]"
《寶可夢 鑽石&珍珠 特別篇》的主視覺圖,2011年1月新番,1,0,"[{""title"": ""YourAnimes 連結"", ""url"": ""https://youranimes.tw/animes/2382""}]"
《DD北斗之拳 (2011)》的主視覺圖,2011年1月新番,1,0,"[{""title"": ""YourAnimes 連結"", ""url"": ""https://youranimes.tw/animes/2589""}]"
《GOSICK》的主視覺圖,2011年1月新番,1,0,"[{""title"": ""YourAnimes 連結"", ""url"": ""https://youranimes.tw/animes/3601""}]"
《這樣算是殭屍嗎？》的主視覺圖,2011年1月新番,1,0,"[{""title"": ""YourAnimes 連結"", ""url"": ""https://youranimes.tw/animes/3605""}]"
《只想告訴你 第二季》的主視覺圖,2011年1月新番,2,0,"[{""title"": ""YourAnimes 連結"", ""url"": ""https://youranimes.tw/animes/3968""}]"
《只想告訴你「單戀」》的主視覺圖,2011年1月新番,1,0,"[{""title"": ""YourAnimes 連結"", ""url"": ""https://youranimes.tw/animes/3969""}]"
《WOLVERINE》的主視覺圖,2011年1月新番,1,0,"[{""title"": ""YourAnimes 連結"", ""url"": ""https://youranimes.tw/animes/4892""}]"
《フラクタル》的主視覺圖,2011年1月新番,1,0,"[{""title"": ""YourAnimes 連結"", ""url"": ""https://youranimes.tw/animes/5184""}]"
《美食獵人》的主視覺圖,2011年4月新番,1,0,"[{""title"": ""YourAnimes 連結"", ""url"": ""https://youranimes.tw/animes/5497""}]"
《賭博默示錄 破戒錄篇》的主視覺圖,2011年4月新番,1,0,"[{""title"": ""YourAnimes 連結"", ""url"": ""https://youranimes.tw/animes/5612""}]"
《rain town》的主視覺圖,2011年4月新番,1,0,"[{""title"": ""YourAnimes 連結"", ""url"": ""https://youranimes.tw/animes/2212""}]"
《花開物語》的主視覺圖,2011年4月新番,1,0,"[{""title"": ""YourAnimes 連結"", ""url"": ""https://youranimes.tw/animes/345""}]"
《青之驅魔師》的主視覺圖,2011年4月新番,1,0,"[{""title"": ""YourAnimes 連結"", ""url"": ""https://youranimes.tw/animes/419""}]"
《我們仍未知道那天所看見的花名。》的主視覺圖,2011年4月新番,1,0,"[{""title"": ""YourAnimes 連結"", ""url"": ""https://youranimes.tw/animes/2119""}]"
《星光少女 極光之夢》的主視覺圖,2011年4月新番,1,0,"[{""title"": ""YourAnimes 連結"", ""url"": ""https://youranimes.tw/animes/2338""}]"
《緋彈的亞莉亞》的主視覺圖,2011年4月新番,1,0,"[{""title"": ""YourAnimes 連結"", ""url"": ""https://youranimes.tw/animes/2410""}]"
《閃電十一人GO》的主視覺圖,2011年4月新番,1,0,"[{""title"": ""YourAnimes 連結"", ""url"": ""https://youranimes.tw/animes/2658""}]"
《TIGER & BUNNY》的主視覺圖,2011年4月新番,1,0,"[{""title"": ""YourAnimes 連結"", ""url"": ""https://youranimes.tw/animes/2711""}]"
《銀魂’》的主視覺圖,2011年4月新番,1,0,"[{""title"": ""YourAnimes 連結"", ""url"": ""https://youranimes.tw/animes/2972""}]"
《遊戲王 ZEXAL》的主視覺圖,2011年4月新番,1,0,"[{""title"": ""YourAnimes 連結"", ""url"": ""https://youranimes.tw/animes/3276""}]"
《死囚樂園》的主視覺圖,2011年4月新番,1,0,"[{""title"": ""YourAnimes 連結"", ""url"": ""https://youranimes.tw/animes/3636""}]"
《迷糊軟網社》的主視覺圖,2011年4月新番,1,0,"[{""title"": ""YourAnimes 連結"", ""url"": ""https://youranimes.tw/animes/4258""}]"
《架向星空之橋》的主視覺圖,2011年4月新番,1,0,"[{""title"": ""YourAnimes 連結"", ""url"": ""https://youranimes.tw/animes/4553""}]"
《X-MEN》的主視覺圖,2011年4月新番,1,0,"[{""title"": ""YourAnimes 連結"", ""url"": ""https://youranimes.tw/animes/4890""}]"
《命運石之門》的主視覺圖,2011年4月新番,1,0,"[{""title"": ""YourAnimes 連結"", ""url"": ""https://youranimes.tw/animes/5064""}]"
《SKET DANCE 學園救援團》的主視覺圖,2011年4月新番,1,0,"[{""title"": ""YourAnimes 連結"", ""url"": ""https://youranimes.tw/animes/5105""}]"
《戰國少女～桃色異傳～》的主視覺圖,2011年4月新番,1,0,"[{""title"": ""YourAnimes 連結"", ""url"": ""https://youranimes.tw/animes/5169""}]"
《DOG DAYS》的主視覺圖,2011年4月新番,1,0,"[{""title"": ""YourAnimes 連結"", ""url"": ""https://youranimes.tw/animes/5176""}]"
《A頻道》的主視覺圖,2011年4月新番,1,0,"[{""title"": ""YourAnimes 連結"", ""url"": ""https://youranimes.tw/animes/5266""}]"
《日常》的主視覺圖,2011年4月新番,1,0,"[{""title"": ""YourAnimes 連結"", ""url"": ""https://youranimes.tw/animes/5819""}]"
《召喚惡魔》的主視覺圖,2011年4月新番,1,0,"[{""title"": ""YourAnimes 連結"", ""url"": ""https://youranimes.tw/animes/5839""}]"
《世界一初戀》的主視覺圖,2011年4月新番,1,0,"[{""title"": ""YourAnimes 連結"", ""url"": ""https://youranimes.tw/animes/5864""}]"
《未來都市NO.6》的主視覺圖,2011年7月新番,1,0,"[{""title"": ""YourAnimes 連結"", ""url"": ""https://youranimes.tw/animes/6410""}]"
《快盜天使雙胞胎 ～KYUNKYUN☆心跳樂園～》的主視覺圖,2011年7月新番,1,0,"[{""title"": ""YourAnimes 連結"", ""url"": ""https://youranimes.tw/animes/849""}]"
《妖怪少爺 第二季：～千年魔京～》的主視覺圖,2011年7月新番,2,0,"[{""title"": ""YourAnimes 連結"", ""url"": ""https://youranimes.tw/animes/1031""}]"
《歌之☆王子殿下♪ 真爱1000%》的主視覺圖,2011年7月新番,1,0,"[{""title"": ""YourAnimes 連結"", ""url"": ""https://youranimes.tw/animes/1335""}]"
《夏目友人帳 第三季》的主視覺圖,2011年7月新番,3,0,"[{""title"": ""YourAnimes 連結"", ""url"": ""https://youranimes.tw/animes/1391""}]"
《轉吧！企鵝罐》的主視覺圖,2011年7月新番,1,0,"[{""title"": ""YourAnimes 連結"", ""url"": ""https://youranimes.tw/animes/1539""}]"
《血戰-C》的主視覺圖,2011年7月新番,1,0,"[{""title"": ""YourAnimes 連結"", ""url"": ""https://youranimes.tw/animes/1895""}]"
《偶像大師》的主視覺圖,2011年7月新番,1,0,"[{""title"": ""YourAnimes 連結"", ""url"": ""https://youranimes.tw/animes/1904""}]"
《笨蛋、測驗、召喚獸2》的主視覺圖,2011年7月新番,1,0,"[{""title"": ""YourAnimes 連結"", ""url"": ""https://youranimes.tw/animes/3169""}]"
《Sacred Seven》的主視覺圖,2011年7月新番,1,0,"[{""title"": ""YourAnimes 連結"", ""url"": ""https://youranimes.tw/animes/4016""}]"
《モンハン日記 ぎりぎりアイルー村G》的主視覺圖,2011年7月新番,1,0,"[{""title"": ""YourAnimes 連結"", ""url"": ""https://youranimes.tw/animes/4437""}]"
《輕鬆百合》的主視覺圖,2011年7月新番,1,0,"[{""title"": ""YourAnimes 連結"", ""url"": ""https://youranimes.tw/animes/4453""}]"
《眾神中的貓神》的主視覺圖,2011年7月新番,1,0,"[{""title"": ""YourAnimes 連結"", ""url"": ""https://youranimes.tw/animes/4555""}]"
《BLADE》的主視覺圖,2011年7月新番,1,0,"[{""title"": ""YourAnimes 連結"", ""url"": ""https://youranimes.tw/animes/4967""}]"
《森田同學很沉默》的主視覺圖,2011年7月新番,1,0,"[{""title"": ""YourAnimes 連結"", ""url"": ""https://youranimes.tw/animes/5140""}]"
《爆漫王。 第二季》的主視覺圖,2011年10月新番,2,0,"[{""title"": ""YourAnimes 連結"", ""url"": ""https://youranimes.tw/animes/5369""}]"
《機動戰士鋼彈AGE》的主視覺圖,2011年10月新番,1,0,"[{""title"": ""YourAnimes 連結"", ""url"": ""https://youranimes.tw/animes/6398""}]"
《Fate/Zero》的主視覺圖,2011年10月新番,1,0,"[{""title"": ""YourAnimes 連結"", ""url"": ""https://youranimes.tw/animes/391""}]"
《花牌情緣》的主視覺圖,2011年10月新番,1,0,"[{""title"": ""YourAnimes 連結"", ""url"": ""https://youranimes.tw/animes/243""}]"
《女神異聞錄4》的主視覺圖,2011年10月新番,1,0,"[{""title"": ""YourAnimes 連結"", ""url"": ""https://youranimes.tw/animes/1145""}]"
《罪惡王冠》的主視覺圖,2011年10月新番,1,0,"[{""title"": ""YourAnimes 連結"", ""url"": ""https://youranimes.tw/animes/1200""}]"
《WORKING!! 迷糊餐廳 第二季》的主視覺圖,2011年10月新番,2,0,"[{""title"": ""YourAnimes 連結"", ""url"": ""https://youranimes.tw/animes/1161""}]"
《HUNTER×HUNTER 獵人 (2011)》的主視覺圖,2011年10月新番,1,0,"[{""title"": ""YourAnimes 連結"", ""url"": ""https://youranimes.tw/animes/2466""}]"
《我的朋友很少》的主視覺圖,2011年10月新番,1,0,"[{""title"": ""YourAnimes 連結"", ""url"": ""https://youranimes.tw/animes/2599""}]"
《未來日記》的主視覺圖,2011年10月新番,1,0,"[{""title"": ""YourAnimes 連結"", ""url"": ""https://youranimes.tw/animes/3024""}]"
《魔劍姬！》的主視覺圖,2011年10月新番,1,0,"[{""title"": ""YourAnimes 連結"", ""url"": ""https://youranimes.tw/animes/4782""}]"
《少年同盟》的主視覺圖,2011年10月新番,1,0,"[{""title"": ""YourAnimes 連結"", ""url"": ""https://youranimes.tw/animes/5086""}]"
《森田同學很沉默2》的主視覺圖,2011年10月新番,1,0,"[{""title"": ""YourAnimes 連結"", ""url"": ""https://youranimes.tw/animes/5141""}]"
《gdgd妖精s》的主視覺圖,2011年10月新番,1,0,"[{""title"": ""YourAnimes 連結"", ""url"": ""https://youranimes.tw/animes/5191""}]"
《世界一初戀2》的主視覺圖,2011年10月新番,1,0,"[{""title"": ""YourAnimes 連結"", ""url"": ""https://youranimes.tw/animes/5867""}]"
《妖狐×僕SS》的主視覺圖,2012年1月新番,1,0,"[{""title"": ""YourAnimes 連結"", ""url"": ""https://youranimes.tw/animes/6390""}]"
《帕蒂瑪的顛倒世界 Beginning of the day》的主視覺圖,2012年1月新番,1,0,"[{""title"": ""YourAnimes 連結"", ""url"": ""https://youranimes.tw/animes/2675""}]"
《惡魔高校D×D》的主視覺圖,2012年1月新番,1,0,"[{""title"": ""YourAnimes 連結"", ""url"": ""https://youranimes.tw/animes/658""}]"
《男子高校生的日常》的主視覺圖,2012年1月新番,1,0,"[{""title"": ""YourAnimes 連結"", ""url"": ""https://youranimes.tw/animes/1333""}]"
《夏目友人帳 第四季》的主視覺圖,2012年1月新番,4,0,"[{""title"": ""YourAnimes 連結"", ""url"": ""https://youranimes.tw/animes/1392""}]"
《我們仍未知道那天所看見的花名 「めんまへの手紙」》的主視覺圖,2012年1月新番,1,0,"[{""title"": ""YourAnimes 連結"", ""url"": ""https://youranimes.tw/animes/2120""}]"
《新網球王子》的主視覺圖,2012年1月新番,1,0,"[{""title"": ""YourAnimes 連結"", ""url"": ""https://youranimes.tw/animes/2510""}]"
《Another》的主視覺圖,2012年1月新番,1,0,"[{""title"": ""YourAnimes 連結"", ""url"": ""https://youranimes.tw/animes/2492""}]"
《BLACK★ROCK SHOOTER 黑岩射手》的主視覺圖,2012年1月新番,1,0,"[{""title"": ""YourAnimes 連結"", ""url"": ""https://youranimes.tw/animes/2927""}]"
《羅馬浴場》的主視覺圖,2012年1月新番,1,0,"[{""title"": ""YourAnimes 連結"", ""url"": ""https://youranimes.tw/animes/3070""}]"
《零之使魔 第四季：F》的主視覺圖,2012年1月新番,4,0,"[{""title"": ""YourAnimes 連結"", ""url"": ""https://youranimes.tw/animes/3369""}]"
《亞庫艾里翁EVOL》的主視覺圖,2012年1月新番,1,0,"[{""title"": ""YourAnimes 連結"", ""url"": ""https://youranimes.tw/animes/3448""}]"
《在那個夏天等待》的主視覺圖,2012年1月新番,1,0,"[{""title"": ""YourAnimes 連結"", ""url"": ""https://youranimes.tw/animes/4026""}]"
《戰姬絕唱SYMPHOGEAR》的主視覺圖,2012年1月新番,1,0,"[{""title"": ""YourAnimes 連結"", ""url"": ""https://youranimes.tw/animes/4880""}]"
《直笛與背包 Do♪》的主視覺圖,2012年1月新番,1,0,"[{""title"": ""YourAnimes 連結"", ""url"": ""https://youranimes.tw/animes/5121""}]"
《嘟嘟貓觀察日記》的主視覺圖,2012年1月新番,1,0,"[{""title"": ""YourAnimes 連結"", ""url"": ""https://youranimes.tw/animes/5126""}]"
《血戰-C のねのね劇場》的主視覺圖,2012年4月新番,1,0,"[{""title"": ""YourAnimes 連結"", ""url"": ""https://youranimes.tw/animes/1897""}]"
《PES: Peace Eco Smile》的主視覺圖,2012年4月新番,1,0,"[{""title"": ""YourAnimes 連結"", ""url"": ""https://youranimes.tw/animes/5131""}]"
《冰菓》的主視覺圖,2012年4月新番,1,0,"[{""title"": ""YourAnimes 連結"", ""url"": ""https://youranimes.tw/animes/392""}]"
《Fate/Zero 第二季》的主視覺圖,2012年4月新番,2,0,"[{""title"": ""YourAnimes 連結"", ""url"": ""https://youranimes.tw/animes/348""}]"
《加速世界》的主視覺圖,2012年4月新番,1,0,"[{""title"": ""YourAnimes 連結"", ""url"": ""https://youranimes.tw/animes/177""}]"
《王者天下》的主視覺圖,2012年4月新番,1,0,"[{""title"": ""YourAnimes 連結"", ""url"": ""https://youranimes.tw/animes/233""}]"
《緋色的碎片》的主視覺圖,2012年4月新番,1,0,"[{""title"": ""YourAnimes 連結"", ""url"": ""https://youranimes.tw/animes/1931""}]"
《影子籃球員》的主視覺圖,2012年4月新番,1,0,"[{""title"": ""YourAnimes 連結"", ""url"": ""https://youranimes.tw/animes/2222""}]"
《星光少女 美夢成真》的主視覺圖,2012年4月新番,1,0,"[{""title"": ""YourAnimes 連結"", ""url"": ""https://youranimes.tw/animes/2340""}]"
《寶可夢 超級願望 第二季》的主視覺圖,2012年4月新番,2,0,"[{""title"": ""YourAnimes 連結"", ""url"": ""https://youranimes.tw/animes/2384""}]"
《火影忍者SD 李洛克的青春全力忍傳》的主視覺圖,2012年4月新番,1,0,"[{""title"": ""YourAnimes 連結"", ""url"": ""https://youranimes.tw/animes/2452""}]"
《閃電十一人GO 時空之石》的主視覺圖,2012年4月新番,1,0,"[{""title"": ""YourAnimes 連結"", ""url"": ""https://youranimes.tw/animes/2660""}]"
《宇宙兄弟》的主視覺圖,2012年4月新番,1,0,"[{""title"": ""YourAnimes 連結"", ""url"": ""https://youranimes.tw/animes/2965""}]"
《襲來！美少女邪神》的主視覺圖,2012年4月新番,1,0,"[{""title"": ""YourAnimes 連結"", ""url"": ""https://youranimes.tw/animes/3038""}]"
《這樣算是殭屍嗎？OF THE DEAD》的主視覺圖,2012年4月新番,1,0,"[{""title"": ""YourAnimes 連結"", ""url"": ""https://youranimes.tw/animes/3608""}]"
《坂道上的阿波羅》的主視覺圖,2012年4月新番,1,0,"[{""title"": ""YourAnimes 連結"", ""url"": ""https://youranimes.tw/animes/4295""}]"
《決鬥大師Victory V》的主視覺圖,2012年4月新番,1,0,"[{""title"": ""YourAnimes 連結"", ""url"": ""https://youranimes.tw/animes/4759""}]"
《聖鬥士星矢Ω》的主視覺圖,2012年4月新番,1,0,"[{""title"": ""YourAnimes 連結"", ""url"": ""https://youranimes.tw/animes/4878""}]"
《希望宅邸 3D》的主視覺圖,2012年4月新番,1,0,"[{""title"": ""YourAnimes 連結"", ""url"": ""https://youranimes.tw/animes/5083""}]"
《少年同盟2》的主視覺圖,2012年4月新番,1,0,"[{""title"": ""YourAnimes 連結"", ""url"": ""https://youranimes.tw/animes/5087""}]"
《戰國Collection》的主視覺圖,2012年4月新番,1,0,"[{""title"": ""YourAnimes 連結"", ""url"": ""https://youranimes.tw/animes/5116""}]"
《天才麻將少女 阿知賀篇 episode of side-A》的主視覺圖,2012年4月新番,1,0,"[{""title"": ""YourAnimes 連結"", ""url"": ""https://youranimes.tw/animes/5120""}]"
《直笛與背包 Re♪》的主視覺圖,2012年4月新番,1,0,"[{""title"": ""YourAnimes 連結"", ""url"": ""https://youranimes.tw/animes/5122""}]"
《北極熊Café》的主視覺圖,2012年4月新番,1,0,"[{""title"": ""YourAnimes 連結"", ""url"": ""https://youranimes.tw/animes/5127""}]"
《ふるさと再生 日本の昔話》的主視覺圖,2012年4月新番,1,0,"[{""title"": ""YourAnimes 連結"", ""url"": ""https://youranimes.tw/animes/5183""}]"
《窮神》的主視覺圖,2012年7月新番,1,0,"[{""title"": ""YourAnimes 連結"", ""url"": ""https://youranimes.tw/animes/6314""}]"
《中二病也想談戀愛！Lite》的主視覺圖,2012年7月新番,1,0,"[{""title"": ""YourAnimes 連結"", ""url"": ""https://youranimes.tw/animes/3106""}]"
《ONE PIECE 航海王：娜美之章領航員之淚與伙伴的羈絆》的主視覺圖,2012年7月新番,1,0,"[{""title"": ""YourAnimes 連結"", ""url"": ""https://youranimes.tw/animes/1859""}]"
《刀劍神域》的主視覺圖,2012年7月新番,1,0,"[{""title"": ""YourAnimes 連結"", ""url"": ""https://youranimes.tw/animes/120""}]"
《Muv-Luv Alternative 全蝕》的主視覺圖,2012年7月新番,1,0,"[{""title"": ""YourAnimes 連結"", ""url"": ""https://youranimes.tw/animes/811""}]"
《聖靈家族》的主視覺圖,2012年7月新番,1,0,"[{""title"": ""YourAnimes 連結"", ""url"": ""https://youranimes.tw/animes/1375""}]"
《緋色的碎片 第二章》的主視覺圖,2012年7月新番,1,0,"[{""title"": ""YourAnimes 連結"", ""url"": ""https://youranimes.tw/animes/1932""}]"
《女子落語》的主視覺圖,2012年7月新番,1,0,"[{""title"": ""YourAnimes 連結"", ""url"": ""https://youranimes.tw/animes/2963""}]"
《薄櫻鬼 黎明錄》的主視覺圖,2012年7月新番,1,0,"[{""title"": ""YourAnimes 連結"", ""url"": ""https://youranimes.tw/animes/3088""}]"
《遊戲王 ZEXAL 番外篇》的主視覺圖,2012年7月新番,1,0,"[{""title"": ""YourAnimes 連結"", ""url"": ""https://youranimes.tw/animes/3277""}]"
《TARI TARI》的主視覺圖,2012年7月新番,1,0,"[{""title"": ""YourAnimes 連結"", ""url"": ""https://youranimes.tw/animes/4395""}]"
《輕鬆百合♪♪》的主視覺圖,2012年7月新番,1,0,"[{""title"": ""YourAnimes 連結"", ""url"": ""https://youranimes.tw/animes/4463""}]"
《人類衰退之後》的主視覺圖,2012年7月新番,1,0,"[{""title"": ""YourAnimes 連結"", ""url"": ""https://youranimes.tw/animes/4562""}]"
《希望宅邸 3D PLUS》的主視覺圖,2012年7月新番,1,0,"[{""title"": ""YourAnimes 連結"", ""url"": ""https://youranimes.tw/animes/5085""}]"
《織田信奈的野望》的主視覺圖,2012年7月新番,1,0,"[{""title"": ""YourAnimes 連結"", ""url"": ""https://youranimes.tw/animes/5097""}]"
《千歲Get You!!》的主視覺圖,2012年7月新番,1,0,"[{""title"": ""YourAnimes 連結"", ""url"": ""https://youranimes.tw/animes/5171""}]"
《DOG DAYS'》的主視覺圖,2012年7月新番,1,0,"[{""title"": ""YourAnimes 連結"", ""url"": ""https://youranimes.tw/animes/5177""}]"
《爆漫王。 第三季》的主視覺圖,2012年10月新番,3,0,"[{""title"": ""YourAnimes 連結"", ""url"": ""https://youranimes.tw/animes/5371""}]"
《インフェルノコップ》的主視覺圖,2012年10月新番,1,0,"[{""title"": ""YourAnimes 連結"", ""url"": ""https://youranimes.tw/animes/5200""}]"
《ONE PIECE 航海王：魯夫之章手掌島的冒險》的主視覺圖,2012年10月新番,1,0,"[{""title"": ""YourAnimes 連結"", ""url"": ""https://youranimes.tw/animes/1860""}]"
《PSYCHO-PASS 心靈判官》的主視覺圖,2012年10月新番,1,0,"[{""title"": ""YourAnimes 連結"", ""url"": ""https://youranimes.tw/animes/408""}]"
《絕園的暴風雨》的主視覺圖,2012年10月新番,1,0,"[{""title"": ""YourAnimes 連結"", ""url"": ""https://youranimes.tw/animes/912""}]"
《我的妹妹哪有這麼可愛（TRUE ROUTE特別版）》的主視覺圖,2012年10月新番,1,0,"[{""title"": ""YourAnimes 連結"", ""url"": ""https://youranimes.tw/animes/916""}]"
《MAGI 魔奇少年》的主視覺圖,2012年10月新番,1,0,"[{""title"": ""YourAnimes 連結"", ""url"": ""https://youranimes.tw/animes/1156""}]"
《JOJO的奇妙冒險》的主視覺圖,2012年10月新番,1,0,"[{""title"": ""YourAnimes 連結"", ""url"": ""https://youranimes.tw/animes/1427""}]"
《少女與戰車》的主視覺圖,2012年10月新番,1,0,"[{""title"": ""YourAnimes 連結"", ""url"": ""https://youranimes.tw/animes/1973""}]"
《Little Busters！》的主視覺圖,2012年10月新番,1,0,"[{""title"": ""YourAnimes 連結"", ""url"": ""https://youranimes.tw/animes/2039""}]"
《偶像學園》的主視覺圖,2012年10月新番,1,0,"[{""title"": ""YourAnimes 連結"", ""url"": ""https://youranimes.tw/animes/2170""}]"
《機器人筆記》的主視覺圖,2012年10月新番,1,0,"[{""title"": ""YourAnimes 連結"", ""url"": ""https://youranimes.tw/animes/2517""}]"
《K》的主視覺圖,2012年10月新番,1,0,"[{""title"": ""YourAnimes 連結"", ""url"": ""https://youranimes.tw/animes/2620""}]"
《頭文字D Fifth Stage》的主視覺圖,2012年10月新番,1,0,"[{""title"": ""YourAnimes 連結"", ""url"": ""https://youranimes.tw/animes/2846""}]"
《鄰座的怪同學》的主視覺圖,2012年10月新番,1,0,"[{""title"": ""YourAnimes 連結"", ""url"": ""https://youranimes.tw/animes/2908""}]"
《銀魂’ 延長戰》的主視覺圖,2012年10月新番,1,0,"[{""title"": ""YourAnimes 連結"", ""url"": ""https://youranimes.tw/animes/2974""}]"
《中二病也想談戀愛！》的主視覺圖,2012年10月新番,1,0,"[{""title"": ""YourAnimes 連結"", ""url"": ""https://youranimes.tw/animes/3105""}]"
《櫻花莊的寵物女孩》的主視覺圖,2012年10月新番,1,0,"[{""title"": ""YourAnimes 連結"", ""url"": ""https://youranimes.tw/animes/3157""}]"
《元氣少女緣結神》的主視覺圖,2012年10月新番,1,0,"[{""title"": ""YourAnimes 連結"", ""url"": ""https://youranimes.tw/animes/3197""}]"
《遊戲王 ZEXAL II》的主視覺圖,2012年10月新番,1,0,"[{""title"": ""YourAnimes 連結"", ""url"": ""https://youranimes.tw/animes/3278""}]"
《旋風管家！ CAN'T TAKE MY EYES OFF YOU》的主視覺圖,2012年10月新番,1,0,"[{""title"": ""YourAnimes 連結"", ""url"": ""https://youranimes.tw/animes/3374""}]"
《遊戲王 ZEXAL II 「みどころてんこ盛りスペシャル」》的主視覺圖,2012年10月新番,1,0,"[{""title"": ""YourAnimes 連結"", ""url"": ""https://youranimes.tw/animes/3279""}]"
《出包王女DARKNESS》的主視覺圖,2012年10月新番,1,0,"[{""title"": ""YourAnimes 連結"", ""url"": ""https://youranimes.tw/animes/4407""}]"
《T寶的悲慘日常》的主視覺圖,2012年10月新番,1,0,"[{""title"": ""YourAnimes 連結"", ""url"": ""https://youranimes.tw/animes/4578""}]"
《庭球社》的主視覺圖,2012年10月新番,1,0,"[{""title"": ""YourAnimes 連結"", ""url"": ""https://youranimes.tw/animes/4585""}]"
《おしりかじり虫》的主視覺圖,2012年10月新番,1,0,"[{""title"": ""YourAnimes 連結"", ""url"": ""https://youranimes.tw/animes/4710""}]"
《蒼藍世界的中心》的主視覺圖,2012年10月新番,1,0,"[{""title"": ""YourAnimes 連結"", ""url"": ""https://youranimes.tw/animes/5166""}]"
《イクシオン サーガ DT》的主視覺圖,2012年10月新番,1,0,"[{""title"": ""YourAnimes 連結"", ""url"": ""https://youranimes.tw/animes/5202""}]"
《來自新世界》的主視覺圖,2012年10月新番,1,0,"[{""title"": ""YourAnimes 連結"", ""url"": ""https://youranimes.tw/animes/5984""}]"
《迷你偶像大師》的主視覺圖,2013年1月新番,1,0,"[{""title"": ""YourAnimes 連結"", ""url"": ""https://youranimes.tw/animes/1938""}]"
《義呆利 The Beautiful World》的主視覺圖,2013年1月新番,1,0,"[{""title"": ""YourAnimes 連結"", ""url"": ""https://youranimes.tw/animes/4640""}]"
《花牌情緣 第二季》的主視覺圖,2013年1月新番,2,0,"[{""title"": ""YourAnimes 連結"", ""url"": ""https://youranimes.tw/animes/244""}]"
《前進吧！登山少女》的主視覺圖,2013年1月新番,1,0,"[{""title"": ""YourAnimes 連結"", ""url"": ""https://youranimes.tw/animes/652""}]"
《AMNESIA 失憶症》的主視覺圖,2013年1月新番,1,0,"[{""title"": ""YourAnimes 連結"", ""url"": ""https://youranimes.tw/animes/2036""}]"
《八犬傳－東方八犬異聞－》的主視覺圖,2013年1月新番,1,0,"[{""title"": ""YourAnimes 連結"", ""url"": ""https://youranimes.tw/animes/2151""}]"
《Love Live！》的主視覺圖,2013年1月新番,1,0,"[{""title"": ""YourAnimes 連結"", ""url"": ""https://youranimes.tw/animes/2194""}]"
《我的朋友很少 NEXT》的主視覺圖,2013年1月新番,1,0,"[{""title"": ""YourAnimes 連結"", ""url"": ""https://youranimes.tw/animes/2602""}]"
《魔王勇者》的主視覺圖,2013年1月新番,1,0,"[{""title"": ""YourAnimes 連結"", ""url"": ""https://youranimes.tw/animes/2576""}]"
《南家三姊妹 我回來了》的主視覺圖,2013年1月新番,1,0,"[{""title"": ""YourAnimes 連結"", ""url"": ""https://youranimes.tw/animes/2630""}]"
《女子落語 OVA》的主視覺圖,2013年1月新番,1,0,"[{""title"": ""YourAnimes 連結"", ""url"": ""https://youranimes.tw/animes/2964""}]"
《DokiDoki! 光之美少女》的主視覺圖,2013年1月新番,1,0,"[{""title"": ""YourAnimes 連結"", ""url"": ""https://youranimes.tw/animes/4846""}]"
《THE UNLIMITED 兵部京介》的主視覺圖,2013年1月新番,1,0,"[{""title"": ""YourAnimes 連結"", ""url"": ""https://youranimes.tw/animes/5093""}]"
《直球表題ロボットアニメ》的主視覺圖,2013年1月新番,1,0,"[{""title"": ""YourAnimes 連結"", ""url"": ""https://youranimes.tw/animes/5101""}]"
《戰勇。》的主視覺圖,2013年1月新番,1,0,"[{""title"": ""YourAnimes 連結"", ""url"": ""https://youranimes.tw/animes/5109""}]"
《閃亂神樂》的主視覺圖,2013年1月新番,1,0,"[{""title"": ""YourAnimes 連結"", ""url"": ""https://youranimes.tw/animes/5112""}]"
《ちょぼらうにょぽみ劇場 あいまいみー》的主視覺圖,2013年1月新番,1,0,"[{""title"": ""YourAnimes 連結"", ""url"": ""https://youranimes.tw/animes/5160""}]"
《gdgd妖精s 第二季》的主視覺圖,2013年1月新番,2,0,"[{""title"": ""YourAnimes 連結"", ""url"": ""https://youranimes.tw/animes/5192""}]"
《琴浦小姐》的主視覺圖,2013年1月新番,1,0,"[{""title"": ""YourAnimes 連結"", ""url"": ""https://youranimes.tw/animes/6004""}]"
《問題兒童都來自異世界？》的主視覺圖,2013年1月新番,1,0,"[{""title"": ""YourAnimes 連結"", ""url"": ""https://youranimes.tw/animes/6008""}]"
《玉子市場》的主視覺圖,2013年1月新番,1,0,"[{""title"": ""YourAnimes 連結"", ""url"": ""https://youranimes.tw/animes/6223""}]"
《宮河家的空腹》的主視覺圖,2013年4月新番,1,0,"[{""title"": ""YourAnimes 連結"", ""url"": ""https://youranimes.tw/animes/6521""}]"
《王者天下 第二季》的主視覺圖,2013年4月新番,2,0,"[{""title"": ""YourAnimes 連結"", ""url"": ""https://youranimes.tw/animes/234""}]"
《果然我的青春戀愛喜劇搞錯了。》的主視覺圖,2013年4月新番,1,0,"[{""title"": ""YourAnimes 連結"", ""url"": ""https://youranimes.tw/animes/6""}]"
《約會大作戰》的主視覺圖,2013年4月新番,1,0,"[{""title"": ""YourAnimes 連結"", ""url"": ""https://youranimes.tw/animes/405""}]"
《科學超電磁砲S》的主視覺圖,2013年4月新番,1,0,"[{""title"": ""YourAnimes 連結"", ""url"": ""https://youranimes.tw/animes/310""}]"
《進擊的巨人》的主視覺圖,2013年4月新番,1,0,"[{""title"": ""YourAnimes 連結"", ""url"": ""https://youranimes.tw/animes/814""}]"
《我的妹妹哪有這麼可愛 第二季》的主視覺圖,2013年4月新番,2,0,"[{""title"": ""YourAnimes 連結"", ""url"": ""https://youranimes.tw/animes/917""}]"
《歌之☆王子殿下♪ 真爱2000%》的主視覺圖,2013年4月新番,1,0,"[{""title"": ""YourAnimes 連結"", ""url"": ""https://youranimes.tw/animes/1336""}]"
《打工吧！魔王大人》的主視覺圖,2013年4月新番,1,0,"[{""title"": ""YourAnimes 連結"", ""url"": ""https://youranimes.tw/animes/1363""}]"
《翠星上的加爾岡緹亞》的主視覺圖,2013年4月新番,1,0,"[{""title"": ""YourAnimes 連結"", ""url"": ""https://youranimes.tw/animes/2122""}]"
《鐵道小英雄》的主視覺圖,2013年4月新番,1,0,"[{""title"": ""YourAnimes 連結"", ""url"": ""https://youranimes.tw/animes/2251""}]"
《星光少女 彩虹舞台》的主視覺圖,2013年4月新番,1,0,"[{""title"": ""YourAnimes 連結"", ""url"": ""https://youranimes.tw/animes/2341""}]"
《魔王勇者 總集篇》的主視覺圖,2013年4月新番,1,0,"[{""title"": ""YourAnimes 連結"", ""url"": ""https://youranimes.tw/animes/2577""}]"
《DD北斗之拳 (2013)》的主視覺圖,2013年4月新番,1,0,"[{""title"": ""YourAnimes 連結"", ""url"": ""https://youranimes.tw/animes/2590""}]"
《閃電十一人GO 銀河》的主視覺圖,2013年4月新番,1,0,"[{""title"": ""YourAnimes 連結"", ""url"": ""https://youranimes.tw/animes/2662""}]"
《襲來！美少女邪神 W》的主視覺圖,2013年4月新番,1,0,"[{""title"": ""YourAnimes 連結"", ""url"": ""https://youranimes.tw/animes/3039""}]"
《忍者哈特利 (2012)》的主視覺圖,2013年4月新番,1,0,"[{""title"": ""YourAnimes 連結"", ""url"": ""https://youranimes.tw/animes/3248""}]"
《黑色嘉年華》的主視覺圖,2013年4月新番,1,0,"[{""title"": ""YourAnimes 連結"", ""url"": ""https://youranimes.tw/animes/3361""}]"
《旋風管家！ Cuties》的主視覺圖,2013年4月新番,1,0,"[{""title"": ""YourAnimes 連結"", ""url"": ""https://youranimes.tw/animes/3375""}]"
《革神語～天啟劍神～》的主視覺圖,2013年4月新番,1,0,"[{""title"": ""YourAnimes 連結"", ""url"": ""https://youranimes.tw/animes/4129""}]"
《YUYU式》的主視覺圖,2013年4月新番,1,0,"[{""title"": ""YourAnimes 連結"", ""url"": ""https://youranimes.tw/animes/4133""}]"
《スパロウズホテル》的主視覺圖,2013年4月新番,1,0,"[{""title"": ""YourAnimes 連結"", ""url"": ""https://youranimes.tw/animes/5102""}]"
《蟲奉行》的主視覺圖,2013年4月新番,1,0,"[{""title"": ""YourAnimes 連結"", ""url"": ""https://youranimes.tw/animes/5137""}]"
《AIURA 校園日記》的主視覺圖,2013年4月新番,1,0,"[{""title"": ""YourAnimes 連結"", ""url"": ""https://youranimes.tw/animes/5165""}]"
《召喚惡魔Z》的主視覺圖,2013年4月新番,1,0,"[{""title"": ""YourAnimes 連結"", ""url"": ""https://youranimes.tw/animes/5840""}]"
《小鎮有你》的主視覺圖,2013年7月新番,1,0,"[{""title"": ""YourAnimes 連結"", ""url"": ""https://youranimes.tw/animes/5533""}]"
《我的妹妹哪有這麼可愛 第二季 （ONA版本）》的主視覺圖,2013年7月新番,2,0,"[{""title"": ""YourAnimes 連結"", ""url"": ""https://youranimes.tw/animes/918""}]"
《ONE PIECE 航海王：黃金梅利號之章另一位夥伴的故事》的主視覺圖,2013年7月新番,1,0,"[{""title"": ""YourAnimes 連結"", ""url"": ""https://youranimes.tw/animes/1861""}]"
《銀之匙 Silver Spoon》的主視覺圖,2013年7月新番,1,0,"[{""title"": ""YourAnimes 連結"", ""url"": ""https://youranimes.tw/animes/195""}]"
《惡魔高校D×D 第二季》的主視覺圖,2013年7月新番,2,0,"[{""title"": ""YourAnimes 連結"", ""url"": ""https://youranimes.tw/animes/659""}]"
《科學小飛俠 Crowds》的主視覺圖,2013年7月新番,1,0,"[{""title"": ""YourAnimes 連結"", ""url"": ""https://youranimes.tw/animes/756""}]"
《Fate/kaleid liner 魔法少女☆伊莉雅》的主視覺圖,2013年7月新番,1,0,"[{""title"": ""YourAnimes 連結"", ""url"": ""https://youranimes.tw/animes/996""}]"
《黃金拼圖》的主視覺圖,2013年7月新番,1,0,"[{""title"": ""YourAnimes 連結"", ""url"": ""https://youranimes.tw/animes/1225""}]"
《BLOOD LAD 血意少年》的主視覺圖,2013年7月新番,1,0,"[{""title"": ""YourAnimes 連結"", ""url"": ""https://youranimes.tw/animes/1132""}]"
《槍彈辯駁 希望學園與絕望高中生》的主視覺圖,2013年7月新番,1,0,"[{""title"": ""YourAnimes 連結"", ""url"": ""https://youranimes.tw/animes/1382""}]"
《闇芝居》的主視覺圖,2013年7月新番,1,0,"[{""title"": ""YourAnimes 連結"", ""url"": ""https://youranimes.tw/animes/1733""}]"
《幻想玩偶 Fantasista Doll》的主視覺圖,2013年7月新番,1,0,"[{""title"": ""YourAnimes 連結"", ""url"": ""https://youranimes.tw/animes/1838""}]"
《Servant×Service 迷糊公務員》的主視覺圖,2013年7月新番,1,0,"[{""title"": ""YourAnimes 連結"", ""url"": ""https://youranimes.tw/animes/1839""}]"
《Free! 男子游泳部》的主視覺圖,2013年7月新番,1,0,"[{""title"": ""YourAnimes 連結"", ""url"": ""https://youranimes.tw/animes/2008""}]"
《DIABOLIK LOVERS 魔鬼戀人》的主視覺圖,2013年7月新番,1,0,"[{""title"": ""YourAnimes 連結"", ""url"": ""https://youranimes.tw/animes/1944""}]"
《八犬傳－東方八犬異聞－ 第二季》的主視覺圖,2013年7月新番,2,0,"[{""title"": ""YourAnimes 連結"", ""url"": ""https://youranimes.tw/animes/2152""}]"
《貝貝生活日記 第三季》的主視覺圖,2013年7月新番,3,0,"[{""title"": ""YourAnimes 連結"", ""url"": ""https://youranimes.tw/animes/2781""}]"
《鄰座的怪同學 OVA》的主視覺圖,2013年7月新番,1,0,"[{""title"": ""YourAnimes 連結"", ""url"": ""https://youranimes.tw/animes/2909""}]"
《有頂天家族》的主視覺圖,2013年7月新番,1,0,"[{""title"": ""YourAnimes 連結"", ""url"": ""https://youranimes.tw/animes/4028""}]"
《BROTHERS CONFLICT 兄弟鬥爭》的主視覺圖,2013年7月新番,1,0,"[{""title"": ""YourAnimes 連結"", ""url"": ""https://youranimes.tw/animes/4350""}]"
《庭球社 第二季》的主視覺圖,2013年7月新番,2,0,"[{""title"": ""YourAnimes 連結"", ""url"": ""https://youranimes.tw/animes/4586""}]"
《ラブリームービー いとしのムーコ》的主視覺圖,2013年7月新番,1,0,"[{""title"": ""YourAnimes 連結"", ""url"": ""https://youranimes.tw/animes/4624""}]"
《 戰姬絕唱SYMPHOGEAR G》的主視覺圖,2013年7月新番,1,0,"[{""title"": ""YourAnimes 連結"", ""url"": ""https://youranimes.tw/animes/4881""}]"
《戰勇。2》的主視覺圖,2013年7月新番,1,0,"[{""title"": ""YourAnimes 連結"", ""url"": ""https://youranimes.tw/animes/5110""}]"
《直笛與背包 Mi☆》的主視覺圖,2013年7月新番,1,0,"[{""title"": ""YourAnimes 連結"", ""url"": ""https://youranimes.tw/animes/5123""}]"
《新薔薇少女》的主視覺圖,2013年7月新番,1,0,"[{""title"": ""YourAnimes 連結"", ""url"": ""https://youranimes.tw/animes/5982""}]"
《中二病也想談戀愛！戀 Lite》的主視覺圖,2013年10月新番,1,0,"[{""title"": ""YourAnimes 連結"", ""url"": ""https://youranimes.tw/animes/3111""}]"
《境界的彼方》的主視覺圖,2013年10月新番,1,0,"[{""title"": ""YourAnimes 連結"", ""url"": ""https://youranimes.tw/animes/286""}]"
《東京闇鴉》的主視覺圖,2013年10月新番,1,0,"[{""title"": ""YourAnimes 連結"", ""url"": ""https://youranimes.tw/animes/373""}]"
《鑽石王牌》的主視覺圖,2013年10月新番,1,0,"[{""title"": ""YourAnimes 連結"", ""url"": ""https://youranimes.tw/animes/506""}]"
《記錄的地平線》的主視覺圖,2013年10月新番,1,0,"[{""title"": ""YourAnimes 連結"", ""url"": ""https://youranimes.tw/animes/799""}]"
《悠悠哉哉少女日和》的主視覺圖,2013年10月新番,1,0,"[{""title"": ""YourAnimes 連結"", ""url"": ""https://youranimes.tw/animes/894""}]"
《噬血狂襲》的主視覺圖,2013年10月新番,1,0,"[{""title"": ""YourAnimes 連結"", ""url"": ""https://youranimes.tw/animes/956""}]"
《KILL la KILL》的主視覺圖,2013年10月新番,1,0,"[{""title"": ""YourAnimes 連結"", ""url"": ""https://youranimes.tw/animes/682""}]"
《機巧少女不會受傷》的主視覺圖,2013年10月新番,1,0,"[{""title"": ""YourAnimes 連結"", ""url"": ""https://youranimes.tw/animes/1117""}]"
《MAGI 魔奇少年 第二季》的主視覺圖,2013年10月新番,2,0,"[{""title"": ""YourAnimes 連結"", ""url"": ""https://youranimes.tw/animes/1157""}]"
《來自風平浪靜的明日》的主視覺圖,2013年10月新番,1,0,"[{""title"": ""YourAnimes 連結"", ""url"": ""https://youranimes.tw/animes/1219""}]"
《刀劍神域 Extra Edition》的主視覺圖,2013年10月新番,1,0,"[{""title"": ""YourAnimes 連結"", ""url"": ""https://youranimes.tw/animes/1153""}]"
《IS〈Infinite Stratos〉2》的主視覺圖,2013年10月新番,1,0,"[{""title"": ""YourAnimes 連結"", ""url"": ""https://youranimes.tw/animes/1327""}]"
《飆速宅男》的主視覺圖,2013年10月新番,1,0,"[{""title"": ""YourAnimes 連結"", ""url"": ""https://youranimes.tw/animes/1764""}]"
《蒼翼默示錄》的主視覺圖,2013年10月新番,1,0,"[{""title"": ""YourAnimes 連結"", ""url"": ""https://youranimes.tw/animes/1853""}]"
《眼鏡部！》的主視覺圖,2013年10月新番,1,0,"[{""title"": ""YourAnimes 連結"", ""url"": ""https://youranimes.tw/animes/1822""}]"
《第一神拳 Rising》的主視覺圖,2013年10月新番,1,0,"[{""title"": ""YourAnimes 連結"", ""url"": ""https://youranimes.tw/animes/1998""}]"
《Little Busters！～Refrain～》的主視覺圖,2013年10月新番,1,0,"[{""title"": ""YourAnimes 連結"", ""url"": ""https://youranimes.tw/animes/2041""}]"
《偶像學園 第二季》的主視覺圖,2013年10月新番,2,0,"[{""title"": ""YourAnimes 連結"", ""url"": ""https://youranimes.tw/animes/2171""}]"
《影子籃球員 第二季》的主視覺圖,2013年10月新番,2,0,"[{""title"": ""YourAnimes 連結"", ""url"": ""https://youranimes.tw/animes/2226""}]"
《寶可夢 XY》的主視覺圖,2013年10月新番,1,0,"[{""title"": ""YourAnimes 連結"", ""url"": ""https://youranimes.tw/animes/2387""}]"
《寶可夢 超級願望 天桐與小剛！暴鯉龍的龍鱗之怒！！》的主視覺圖,2013年10月新番,1,0,"[{""title"": ""YourAnimes 連結"", ""url"": ""https://youranimes.tw/animes/2385""}]"
《單色小姐 -The Animation-》的主視覺圖,2013年10月新番,1,0,"[{""title"": ""YourAnimes 連結"", ""url"": ""https://youranimes.tw/animes/2613""}]"
《靈裝戰士》的主視覺圖,2013年10月新番,1,0,"[{""title"": ""YourAnimes 連結"", ""url"": ""https://youranimes.tw/animes/3127""}]"
《白色相簿2》的主視覺圖,2013年10月新番,1,0,"[{""title"": ""YourAnimes 連結"", ""url"": ""https://youranimes.tw/animes/3075""}]"
《遊戲王 ZEXAL II 「いざ！最終決戦へ!!」》的主視覺圖,2013年10月新番,1,0,"[{""title"": ""YourAnimes 連結"", ""url"": ""https://youranimes.tw/animes/3280""}]"
《鋼彈創鬥者》的主視覺圖,2013年10月新番,1,0,"[{""title"": ""YourAnimes 連結"", ""url"": ""https://youranimes.tw/animes/3666""}]"
《庭球社 第三季》的主視覺圖,2013年10月新番,3,0,"[{""title"": ""YourAnimes 連結"", ""url"": ""https://youranimes.tw/animes/4589""}]"
《おしりかじり虫 第2期》的主視覺圖,2013年10月新番,1,0,"[{""title"": ""YourAnimes 連結"", ""url"": ""https://youranimes.tw/animes/4711""}]"
《Walkure Romanze 少女騎士物語》的主視覺圖,2013年10月新番,1,0,"[{""title"": ""YourAnimes 連結"", ""url"": ""https://youranimes.tw/animes/5089""}]"
《夜櫻四重奏 ～花之歌～》的主視覺圖,2013年10月新番,1,0,"[{""title"": ""YourAnimes 連結"", ""url"": ""https://youranimes.tw/animes/5822""}]"
《青春紀行》的主視覺圖,2013年10月新番,1,0,"[{""title"": ""YourAnimes 連結"", ""url"": ""https://youranimes.tw/animes/5857""}]"
"《Wake Up, Girls！》的主視覺圖",2014年1月新番,1,0,"[{""title"": ""YourAnimes 連結"", ""url"": ""https://youranimes.tw/animes/5537""}]"
《宇宙浪子》的主視覺圖,2014年1月新番,1,0,"[{""title"": ""YourAnimes 連結"", ""url"": ""https://youranimes.tw/animes/5751""}]"
《鄰座同學是怪咖》的主視覺圖,2014年1月新番,1,0,"[{""title"": ""YourAnimes 連結"", ""url"": ""https://youranimes.tw/animes/6346""}]"
《農林》的主視覺圖,2014年1月新番,1,0,"[{""title"": ""YourAnimes 連結"", ""url"": ""https://youranimes.tw/animes/6415""}]"
《ワンダーモモ》的主視覺圖,2014年1月新番,1,0,"[{""title"": ""YourAnimes 連結"", ""url"": ""https://youranimes.tw/animes/5088""}]"
《銀之匙 Silver Spoon 第二季》的主視覺圖,2014年1月新番,2,0,"[{""title"": ""YourAnimes 連結"", ""url"": ""https://youranimes.tw/animes/171""}]"
《妖怪手錶》的主視覺圖,2014年1月新番,1,0,"[{""title"": ""YourAnimes 連結"", ""url"": ""https://youranimes.tw/animes/700""}]"
《魔法戰爭》的主視覺圖,2014年1月新番,1,0,"[{""title"": ""YourAnimes 連結"", ""url"": ""https://youranimes.tw/animes/1218""}]"
《鬼燈的冷徹》的主視覺圖,2014年1月新番,1,0,"[{""title"": ""YourAnimes 連結"", ""url"": ""https://youranimes.tw/animes/1275""}]"
《未確認進行式》的主視覺圖,2014年1月新番,1,0,"[{""title"": ""YourAnimes 連結"", ""url"": ""https://youranimes.tw/animes/1756""}]"
《WIZARD BARRISTERS～弁魔士賽希爾》的主視覺圖,2014年1月新番,1,0,"[{""title"": ""YourAnimes 連結"", ""url"": ""https://youranimes.tw/animes/1795""}]"
《超級索尼子》的主視覺圖,2014年1月新番,1,0,"[{""title"": ""YourAnimes 連結"", ""url"": ""https://youranimes.tw/animes/2186""}]"
《寶可夢 超級願望 艾莉絲VS小椿！通往龍之大師的道路！！》的主視覺圖,2014年1月新番,1,0,"[{""title"": ""YourAnimes 連結"", ""url"": ""https://youranimes.tw/animes/2386""}]"
《流浪神差》的主視覺圖,2014年1月新番,1,0,"[{""title"": ""YourAnimes 連結"", ""url"": ""https://youranimes.tw/animes/2566""}]"
《KERORO軍曹 (2014)》的主視覺圖,2014年1月新番,1,0,"[{""title"": ""YourAnimes 連結"", ""url"": ""https://youranimes.tw/animes/2685""}]"
《蟲師 特別篇 「日蝕之翳」》的主視覺圖,2014年1月新番,1,0,"[{""title"": ""YourAnimes 連結"", ""url"": ""https://youranimes.tw/animes/2792""}]"
《中二病也想談戀愛！戀》的主視覺圖,2014年1月新番,1,0,"[{""title"": ""YourAnimes 連結"", ""url"": ""https://youranimes.tw/animes/3110""}]"
《攻殼機動隊ARISE 「株式会社きゅーか」》的主視覺圖,2014年1月新番,1,0,"[{""title"": ""YourAnimes 連結"", ""url"": ""https://youranimes.tw/animes/3354""}]"
《獻給某飛行員的戀歌》的主視覺圖,2014年1月新番,1,0,"[{""title"": ""YourAnimes 連結"", ""url"": ""https://youranimes.tw/animes/3521""}]"
《狐仙的戀愛入門》的主視覺圖,2014年1月新番,1,0,"[{""title"": ""YourAnimes 連結"", ""url"": ""https://youranimes.tw/animes/3850""}]"
《偽戀》的主視覺圖,2014年1月新番,1,0,"[{""title"": ""YourAnimes 連結"", ""url"": ""https://youranimes.tw/animes/4301""}]"
《T寶的悲慘日常 覺醒篇》的主視覺圖,2014年1月新番,1,0,"[{""title"": ""YourAnimes 連結"", ""url"": ""https://youranimes.tw/animes/4580""}]"
《魔劍姬！通》的主視覺圖,2014年1月新番,1,0,"[{""title"": ""YourAnimes 連結"", ""url"": ""https://youranimes.tw/animes/4785""}]"
《ストレンジ・プラス》的主視覺圖,2014年1月新番,1,0,"[{""title"": ""YourAnimes 連結"", ""url"": ""https://youranimes.tw/animes/5099""}]"
《天才麻將少女 全國篇》的主視覺圖,2014年1月新番,1,0,"[{""title"": ""YourAnimes 連結"", ""url"": ""https://youranimes.tw/animes/5118""}]"
《姐姐來了》的主視覺圖,2014年1月新番,1,0,"[{""title"": ""YourAnimes 連結"", ""url"": ""https://youranimes.tw/animes/5129""}]"
《未來卡片 戰鬥夥伴》的主視覺圖,2014年1月新番,1,0,"[{""title"": ""YourAnimes 連結"", ""url"": ""https://youranimes.tw/animes/5185""}]"
《單色小姐 -The Animation- 足球篇》的主視覺圖,2014年4月新番,1,0,"[{""title"": ""YourAnimes 連結"", ""url"": ""https://youranimes.tw/animes/2614""}]"
《約會大作戰 第二季》的主視覺圖,2014年4月新番,2,0,"[{""title"": ""YourAnimes 連結"", ""url"": ""https://youranimes.tw/animes/105""}]"
《銀河騎士傳》的主視覺圖,2014年4月新番,1,0,"[{""title"": ""YourAnimes 連結"", ""url"": ""https://youranimes.tw/animes/455""}]"
《魔法科高中的劣等生》的主視覺圖,2014年4月新番,1,0,"[{""title"": ""YourAnimes 連結"", ""url"": ""https://youranimes.tw/animes/602""}]"
《請問您今天要來點兔子嗎？》的主視覺圖,2014年4月新番,1,0,"[{""title"": ""YourAnimes 連結"", ""url"": ""https://youranimes.tw/animes/683""}]"
《漫畫家與助手》的主視覺圖,2014年4月新番,1,0,"[{""title"": ""YourAnimes 連結"", ""url"": ""https://youranimes.tw/animes/1052""}]"
《NO GAME NO LIFE 遊戲人生》的主視覺圖,2014年4月新番,1,0,"[{""title"": ""YourAnimes 連結"", ""url"": ""https://youranimes.tw/animes/1110""}]"
《惡魔的謎語》的主視覺圖,2014年4月新番,1,0,"[{""title"": ""YourAnimes 連結"", ""url"": ""https://youranimes.tw/animes/1281""}]"
《JOJO的奇妙冒險 第二季：星塵遠征軍》的主視覺圖,2014年4月新番,2,0,"[{""title"": ""YourAnimes 連結"", ""url"": ""https://youranimes.tw/animes/1428""}]"
《FAIRY TAIL 魔導少年 第二季》的主視覺圖,2014年4月新番,2,0,"[{""title"": ""YourAnimes 連結"", ""url"": ""https://youranimes.tw/animes/1516""}]"
《一週的朋友。》的主視覺圖,2014年4月新番,1,0,"[{""title"": ""YourAnimes 連結"", ""url"": ""https://youranimes.tw/animes/1726""}]"
《噬魂師NOT！》的主視覺圖,2014年4月新番,1,0,"[{""title"": ""YourAnimes 連結"", ""url"": ""https://youranimes.tw/animes/1959""}]"
《排球少年!!》的主視覺圖,2014年4月新番,1,0,"[{""title"": ""YourAnimes 連結"", ""url"": ""https://youranimes.tw/animes/1824""}]"
《selector infected WIXOSS》的主視覺圖,2014年4月新番,1,0,"[{""title"": ""YourAnimes 連結"", ""url"": ""https://youranimes.tw/animes/1883""}]"
《Love Live！第二季》的主視覺圖,2014年4月新番,2,0,"[{""title"": ""YourAnimes 連結"", ""url"": ""https://youranimes.tw/animes/2196""}]"
《星光少女 群星閃耀》的主視覺圖,2014年4月新番,1,0,"[{""title"": ""YourAnimes 連結"", ""url"": ""https://youranimes.tw/animes/2342""}]"
《寶可夢 XY 最強超進化》的主視覺圖,2014年4月新番,1,0,"[{""title"": ""YourAnimes 連結"", ""url"": ""https://youranimes.tw/animes/2403""}]"
《金色琴弦 Blue Sky》的主視覺圖,2014年4月新番,1,0,"[{""title"": ""YourAnimes 連結"", ""url"": ""https://youranimes.tw/animes/2460""}]"
《惡魔謎題》的主視覺圖,2014年4月新番,1,0,"[{""title"": ""YourAnimes 連結"", ""url"": ""https://youranimes.tw/animes/2716""}]"
《頭文字D Final Stage》的主視覺圖,2014年4月新番,1,0,"[{""title"": ""YourAnimes 連結"", ""url"": ""https://youranimes.tw/animes/2847""}]"
《蟲師 續章》的主視覺圖,2014年4月新番,1,0,"[{""title"": ""YourAnimes 連結"", ""url"": ""https://youranimes.tw/animes/2793""}]"
《積木戰士》的主視覺圖,2014年4月新番,1,0,"[{""title"": ""YourAnimes 連結"", ""url"": ""https://youranimes.tw/animes/3031""}]"
《黑色子彈》的主視覺圖,2014年4月新番,1,0,"[{""title"": ""YourAnimes 連結"", ""url"": ""https://youranimes.tw/animes/3261""}]"
《遊戲王ARC-V》的主視覺圖,2014年4月新番,1,0,"[{""title"": ""YourAnimes 連結"", ""url"": ""https://youranimes.tw/animes/3281""}]"
《如果折斷她的旗》的主視覺圖,2014年4月新番,1,0,"[{""title"": ""YourAnimes 連結"", ""url"": ""https://youranimes.tw/animes/3750""}]"
《七龍珠改 魔人普烏篇》的主視覺圖,2014年4月新番,1,0,"[{""title"": ""YourAnimes 連結"", ""url"": ""https://youranimes.tw/animes/3829""}]"
《M3～黑色鋼鐵～》的主視覺圖,2014年4月新番,1,0,"[{""title"": ""YourAnimes 連結"", ""url"": ""https://youranimes.tw/animes/3848""}]"
《風雲維新大將軍》的主視覺圖,2014年4月新番,1,0,"[{""title"": ""YourAnimes 連結"", ""url"": ""https://youranimes.tw/animes/4568""}]"
《目隱都市的演繹者》的主視覺圖,2014年4月新番,1,0,"[{""title"": ""YourAnimes 連結"", ""url"": ""https://youranimes.tw/animes/4569""}]"
《ラブリームービー いとしのムーコ シーズン２》的主視覺圖,2014年4月新番,1,0,"[{""title"": ""YourAnimes 連結"", ""url"": ""https://youranimes.tw/animes/4625""}]"
《超爆裂異次元メンコバトル ギガントシューター つかさ》的主視覺圖,2014年4月新番,1,0,"[{""title"": ""YourAnimes 連結"", ""url"": ""https://youranimes.tw/animes/4681""}]"
《World Fool News》的主視覺圖,2014年4月新番,1,0,"[{""title"": ""YourAnimes 連結"", ""url"": ""https://youranimes.tw/animes/4683""}]"
《棺姬嘉依卡》的主視覺圖,2014年4月新番,1,0,"[{""title"": ""YourAnimes 連結"", ""url"": ""https://youranimes.tw/animes/4685""}]"
《Captain Earth 地球隊長》的主視覺圖,2014年4月新番,1,0,"[{""title"": ""YourAnimes 連結"", ""url"": ""https://youranimes.tw/animes/4691""}]"
《決鬥大師 VS》的主視覺圖,2014年4月新番,1,0,"[{""title"": ""YourAnimes 連結"", ""url"": ""https://youranimes.tw/animes/4725""}]"
《犬神同學與貓山同學》的主視覺圖,2014年4月新番,1,0,"[{""title"": ""YourAnimes 連結"", ""url"": ""https://youranimes.tw/animes/5201""}]"
《金田一少年之事件簿R》的主視覺圖,2014年4月新番,1,0,"[{""title"": ""YourAnimes 連結"", ""url"": ""https://youranimes.tw/animes/5875""}]"
《鋼彈桑》的主視覺圖,2014年7月新番,1,0,"[{""title"": ""YourAnimes 連結"", ""url"": ""https://youranimes.tw/animes/6393""}]"
《ALDNOAH.ZERO》的主視覺圖,2014年7月新番,1,0,"[{""title"": ""YourAnimes 連結"", ""url"": ""https://youranimes.tw/animes/5512""}]"
《宇宙浪子 第二季》的主視覺圖,2014年7月新番,2,0,"[{""title"": ""YourAnimes 連結"", ""url"": ""https://youranimes.tw/animes/5752""}]"
《ことわざガンダムさん》的主視覺圖,2014年7月新番,1,0,"[{""title"": ""YourAnimes 連結"", ""url"": ""https://youranimes.tw/animes/6394""}]"
《美少女戰士Crystal》的主視覺圖,2014年7月新番,1,0,"[{""title"": ""YourAnimes 連結"", ""url"": ""https://youranimes.tw/animes/4810""}]"
《ONE PIECE 航海王：3D2Y跨越艾斯之死！魯夫與夥伴的誓言》的主視覺圖,2014年7月新番,1,0,"[{""title"": ""YourAnimes 連結"", ""url"": ""https://youranimes.tw/animes/1862""}]"
《在那個夏天等待 特別篇》的主視覺圖,2014年7月新番,1,0,"[{""title"": ""YourAnimes 連結"", ""url"": ""https://youranimes.tw/animes/4027""}]"
《刀劍神域 第二季》的主視覺圖,2014年7月新番,2,0,"[{""title"": ""YourAnimes 連結"", ""url"": ""https://youranimes.tw/animes/14""}]"
《三坪房間的侵略者!?》的主視覺圖,2014年7月新番,1,0,"[{""title"": ""YourAnimes 連結"", ""url"": ""https://youranimes.tw/animes/284""}]"
《信長協奏曲》的主視覺圖,2014年7月新番,1,0,"[{""title"": ""YourAnimes 連結"", ""url"": ""https://youranimes.tw/animes/206""}]"
《月刊少女野崎同學》的主視覺圖,2014年7月新番,1,0,"[{""title"": ""YourAnimes 連結"", ""url"": ""https://youranimes.tw/animes/315""}]"
《Fate/kaleid liner 魔法少女☆伊莉雅 第二季：2wei！》的主視覺圖,2014年7月新番,2,0,"[{""title"": ""YourAnimes 連結"", ""url"": ""https://youranimes.tw/animes/999""}]"
《前進吧！登山少女 第二季》的主視覺圖,2014年7月新番,2,0,"[{""title"": ""YourAnimes 連結"", ""url"": ""https://youranimes.tw/animes/653""}]"
《女神異聞錄4 黃金版》的主視覺圖,2014年7月新番,1,0,"[{""title"": ""YourAnimes 連結"", ""url"": ""https://youranimes.tw/animes/1150""}]"
《桃心之劍》的主視覺圖,2014年7月新番,1,0,"[{""title"": ""YourAnimes 連結"", ""url"": ""https://youranimes.tw/animes/1113""}]"
《火星任務》的主視覺圖,2014年7月新番,1,0,"[{""title"": ""YourAnimes 連結"", ""url"": ""https://youranimes.tw/animes/1222""}]"
《東京喰種》的主視覺圖,2014年7月新番,1,0,"[{""title"": ""YourAnimes 連結"", ""url"": ""https://youranimes.tw/animes/1310""}]"
《黑執事 馬戲團篇》的主視覺圖,2014年7月新番,1,0,"[{""title"": ""YourAnimes 連結"", ""url"": ""https://youranimes.tw/animes/1748""}]"
《少年好萊塢 -HOLLY STAGE FOR 49-》的主視覺圖,2014年7月新番,1,0,"[{""title"": ""YourAnimes 連結"", ""url"": ""https://youranimes.tw/animes/1722""}]"
《斬！赤紅之瞳》的主視覺圖,2014年7月新番,1,0,"[{""title"": ""YourAnimes 連結"", ""url"": ""https://youranimes.tw/animes/1741""}]"
《DRAMAtical Murder 戲劇性謀殺》的主視覺圖,2014年7月新番,1,0,"[{""title"": ""YourAnimes 連結"", ""url"": ""https://youranimes.tw/animes/1928""}]"
《闇芝居 第二季》的主視覺圖,2014年7月新番,2,0,"[{""title"": ""YourAnimes 連結"", ""url"": ""https://youranimes.tw/animes/1734""}]"
《白銀的意志 ARGEVOLLEN》的主視覺圖,2014年7月新番,1,0,"[{""title"": ""YourAnimes 連結"", ""url"": ""https://youranimes.tw/animes/1930""}]"
《Free! 男子游泳部 第二季：-Eternal Summer-》的主視覺圖,2014年7月新番,2,0,"[{""title"": ""YourAnimes 連結"", ""url"": ""https://youranimes.tw/animes/2010""}]"
《東京ESP》的主視覺圖,2014年7月新番,1,0,"[{""title"": ""YourAnimes 連結"", ""url"": ""https://youranimes.tw/animes/2247""}]"
《星光樂園》的主視覺圖,2014年7月新番,1,0,"[{""title"": ""YourAnimes 連結"", ""url"": ""https://youranimes.tw/animes/2329""}]"
《閃爍的青春》的主視覺圖,2014年7月新番,1,0,"[{""title"": ""YourAnimes 連結"", ""url"": ""https://youranimes.tw/animes/2618""}]"
《閃爍的青春 OVA》的主視覺圖,2014年7月新番,1,0,"[{""title"": ""YourAnimes 連結"", ""url"": ""https://youranimes.tw/animes/2619""}]"
《蟲師 「荊棘之路」》的主視覺圖,2014年7月新番,1,0,"[{""title"": ""YourAnimes 連結"", ""url"": ""https://youranimes.tw/animes/2794""}]"
《忍者哈特利 (2012) 第二季》的主視覺圖,2014年7月新番,2,0,"[{""title"": ""YourAnimes 連結"", ""url"": ""https://youranimes.tw/animes/3249""}]"
《精靈使的劍舞》的主視覺圖,2014年7月新番,1,0,"[{""title"": ""YourAnimes 連結"", ""url"": ""https://youranimes.tw/animes/3302""}]"
《抓狂一族 (2014)》的主視覺圖,2014年7月新番,1,0,"[{""title"": ""YourAnimes 連結"", ""url"": ""https://youranimes.tw/animes/3378""}]"
《GLASSLIP》的主視覺圖,2014年7月新番,1,0,"[{""title"": ""YourAnimes 連結"", ""url"": ""https://youranimes.tw/animes/4394""}]"
《法蘭雀絲卡》的主視覺圖,2014年7月新番,1,0,"[{""title"": ""YourAnimes 連結"", ""url"": ""https://youranimes.tw/animes/4728""}]"
《LOVE STAGE!!》的主視覺圖,2014年7月新番,1,0,"[{""title"": ""YourAnimes 連結"", ""url"": ""https://youranimes.tw/animes/4730""}]"
《真 ストレンジ・プラス》的主視覺圖,2014年7月新番,1,0,"[{""title"": ""YourAnimes 連結"", ""url"": ""https://youranimes.tw/animes/5096""}]"
《ちょぼらうにょぽみ劇場第二幕 あいまいみー -妄想カタストロフ-》的主視覺圖,2014年7月新番,1,0,"[{""title"": ""YourAnimes 連結"", ""url"": ""https://youranimes.tw/animes/5161""}]"
《元氣囝仔》的主視覺圖,2014年7月新番,1,0,"[{""title"": ""YourAnimes 連結"", ""url"": ""https://youranimes.tw/animes/5673""}]"
《命運石之門 聰明睿智的感知運算》的主視覺圖,2014年10月新番,1,0,"[{""title"": ""YourAnimes 連結"", ""url"": ""https://youranimes.tw/animes/5067""}]"
《うぇいくあっぷがーるZOO！》的主視覺圖,2014年10月新番,1,0,"[{""title"": ""YourAnimes 連結"", ""url"": ""https://youranimes.tw/animes/5539""}]"
《名偵探柯南 江戶川柯南失蹤事件 ～史上最糟糕的兩天～》的主視覺圖,2014年10月新番,1,0,"[{""title"": ""YourAnimes 連結"", ""url"": ""https://youranimes.tw/animes/2277""}]"
《狼少女和黑王子 總集篇》的主視覺圖,2014年10月新番,1,0,"[{""title"": ""YourAnimes 連結"", ""url"": ""https://youranimes.tw/animes/4085""}]"
《熱情傳奇～導師的黎明～》的主視覺圖,2014年10月新番,1,0,"[{""title"": ""YourAnimes 連結"", ""url"": ""https://youranimes.tw/animes/4703""}]"
《尋找失去的未來》的主視覺圖,2014年10月新番,1,0,"[{""title"": ""YourAnimes 連結"", ""url"": ""https://youranimes.tw/animes/121""}]"
《Fate/stay night [Unlimited Blade Works]》的主視覺圖,2014年10月新番,1,0,"[{""title"": ""YourAnimes 連結"", ""url"": ""https://youranimes.tw/animes/135""}]"
《SHIROBAKO 白箱》的主視覺圖,2014年10月新番,1,0,"[{""title"": ""YourAnimes 連結"", ""url"": ""https://youranimes.tw/animes/403""}]"
《PSYCHO-PASS 心靈判官 第二季》的主視覺圖,2014年10月新番,2,0,"[{""title"": ""YourAnimes 連結"", ""url"": ""https://youranimes.tw/animes/69""}]"
《牙狼〈GARO〉-炎之刻印-》的主視覺圖,2014年10月新番,1,0,"[{""title"": ""YourAnimes 連結"", ""url"": ""https://youranimes.tw/animes/318""}]"
《記錄的地平線 第二季》的主視覺圖,2014年10月新番,2,0,"[{""title"": ""YourAnimes 連結"", ""url"": ""https://youranimes.tw/animes/800""}]"
《境界觸發者》的主視覺圖,2014年10月新番,1,0,"[{""title"": ""YourAnimes 連結"", ""url"": ""https://youranimes.tw/animes/837""}]"
《七大罪》的主視覺圖,2014年10月新番,1,0,"[{""title"": ""YourAnimes 連結"", ""url"": ""https://youranimes.tw/animes/802""}]"
《魔彈之王與戰姬》的主視覺圖,2014年10月新番,1,0,"[{""title"": ""YourAnimes 連結"", ""url"": ""https://youranimes.tw/animes/938""}]"
《灰色的果實》的主視覺圖,2014年10月新番,1,0,"[{""title"": ""YourAnimes 連結"", ""url"": ""https://youranimes.tw/animes/950""}]"
《巴哈姆特之怒 GENESIS》的主視覺圖,2014年10月新番,1,0,"[{""title"": ""YourAnimes 連結"", ""url"": ""https://youranimes.tw/animes/1271""}]"
《四月是你的謊言》的主視覺圖,2014年10月新番,1,0,"[{""title"": ""YourAnimes 連結"", ""url"": ""https://youranimes.tw/animes/1502""}]"
《CROSSANGE 天使與龍的輪舞》的主視覺圖,2014年10月新番,1,0,"[{""title"": ""YourAnimes 連結"", ""url"": ""https://youranimes.tw/animes/1717""}]"
《結城友奈是勇者》的主視覺圖,2014年10月新番,1,0,"[{""title"": ""YourAnimes 連結"", ""url"": ""https://youranimes.tw/animes/1806""}]"
《飆速宅男 第二季：GRANDE ROAD》的主視覺圖,2014年10月新番,2,0,"[{""title"": ""YourAnimes 連結"", ""url"": ""https://youranimes.tw/animes/1767""}]"
《我家浴室的二三事》的主視覺圖,2014年10月新番,1,0,"[{""title"": ""YourAnimes 連結"", ""url"": ""https://youranimes.tw/animes/1797""}]"
《selector spread WIXOSS》的主視覺圖,2014年10月新番,1,0,"[{""title"": ""YourAnimes 連結"", ""url"": ""https://youranimes.tw/animes/1885""}]"
《偶像學園 特別篇》的主視覺圖,2014年10月新番,1,0,"[{""title"": ""YourAnimes 連結"", ""url"": ""https://youranimes.tw/animes/2175""}]"
《偶像學園 第三季》的主視覺圖,2014年10月新番,3,0,"[{""title"": ""YourAnimes 連結"", ""url"": ""https://youranimes.tw/animes/2172""}]"
《甘城輝煌樂園救世主》的主視覺圖,2014年10月新番,1,0,"[{""title"": ""YourAnimes 連結"", ""url"": ""https://youranimes.tw/animes/2206""}]"
《晨曦公主》的主視覺圖,2014年10月新番,1,0,"[{""title"": ""YourAnimes 連結"", ""url"": ""https://youranimes.tw/animes/2319""}]"
《魔道書7使者》的主視覺圖,2014年10月新番,1,0,"[{""title"": ""YourAnimes 連結"", ""url"": ""https://youranimes.tw/animes/2404""}]"
《電波少女與錢仙大人》的主視覺圖,2014年10月新番,1,0,"[{""title"": ""YourAnimes 連結"", ""url"": ""https://youranimes.tw/animes/2595""}]"
《神偷怪盜1412》的主視覺圖,2014年10月新番,1,0,"[{""title"": ""YourAnimes 連結"", ""url"": ""https://youranimes.tw/animes/2594""}]"
《蟲師 續章 後半部》的主視覺圖,2014年10月新番,1,0,"[{""title"": ""YourAnimes 連結"", ""url"": ""https://youranimes.tw/animes/2795""}]"
《鋼彈創鬥者TRY》的主視覺圖,2014年10月新番,1,0,"[{""title"": ""YourAnimes 連結"", ""url"": ""https://youranimes.tw/animes/3670""}]"
《鋼彈 Reconguista in G》的主視覺圖,2014年10月新番,1,0,"[{""title"": ""YourAnimes 連結"", ""url"": ""https://youranimes.tw/animes/3744""}]"
《寄生獸 生命的準則》的主視覺圖,2014年10月新番,1,0,"[{""title"": ""YourAnimes 連結"", ""url"": ""https://youranimes.tw/animes/4060""}]"
《狼少女和黑王子》的主視覺圖,2014年10月新番,1,0,"[{""title"": ""YourAnimes 連結"", ""url"": ""https://youranimes.tw/animes/4084""}]"
《愛・天地無用！》的主視覺圖,2014年10月新番,1,0,"[{""title"": ""YourAnimes 連結"", ""url"": ""https://youranimes.tw/animes/4288""}]"
《棺姬嘉依卡 AVENGING BATTLE》的主視覺圖,2014年10月新番,1,0,"[{""title"": ""YourAnimes 連結"", ""url"": ""https://youranimes.tw/animes/4686""}]"
《おしりかじり虫 第3期》的主視覺圖,2014年10月新番,1,0,"[{""title"": ""YourAnimes 連結"", ""url"": ""https://youranimes.tw/animes/4712""}]"
《笑傲曇天》的主視覺圖,2014年10月新番,1,0,"[{""title"": ""YourAnimes 連結"", ""url"": ""https://youranimes.tw/animes/4760""}]"
《怪盜喬克》的主視覺圖,2014年10月新番,1,0,"[{""title"": ""YourAnimes 連結"", ""url"": ""https://youranimes.tw/animes/4835""}]"
《關於完全聽不懂老公在說什麼的事》的主視覺圖,2014年10月新番,1,0,"[{""title"": ""YourAnimes 連結"", ""url"": ""https://youranimes.tw/animes/5196""}]"
《ALDNOAH.ZERO 第二季度》的主視覺圖,2015年1月新番,2,0,"[{""title"": ""YourAnimes 連結"", ""url"": ""https://youranimes.tw/animes/5513""}]"
《 美少女戰士Crystal 第2季》的主視覺圖,2015年1月新番,2,0,"[{""title"": ""YourAnimes 連結"", ""url"": ""https://youranimes.tw/animes/4811""}]"
《聖劍使的禁咒詠唱》的主視覺圖,2015年1月新番,1,0,"[{""title"": ""YourAnimes 連結"", ""url"": ""https://youranimes.tw/animes/726""}]"
《艦隊Collection》的主視覺圖,2015年1月新番,1,0,"[{""title"": ""YourAnimes 連結"", ""url"": ""https://youranimes.tw/animes/909""}]"
《銀河騎士傳 第二季：第九行星戰役》的主視覺圖,2015年1月新番,2,0,"[{""title"": ""YourAnimes 連結"", ""url"": ""https://youranimes.tw/animes/1198""}]"
《暗殺教室》的主視覺圖,2015年1月新番,1,0,"[{""title"": ""YourAnimes 連結"", ""url"": ""https://youranimes.tw/animes/1286""}]"
《東京喰種√A》的主視覺圖,2015年1月新番,1,0,"[{""title"": ""YourAnimes 連結"", ""url"": ""https://youranimes.tw/animes/1311""}]"
《JOJO的奇妙冒險 第二季：星塵遠征軍  埃及篇》的主視覺圖,2015年1月新番,2,0,"[{""title"": ""YourAnimes 連結"", ""url"": ""https://youranimes.tw/animes/1429""}]"
《幸腹塗鴉》的主視覺圖,2015年1月新番,1,0,"[{""title"": ""YourAnimes 連結"", ""url"": ""https://youranimes.tw/animes/1787""}]"
《少年好萊塢 -HOLLY STAGE FOR 50-》的主視覺圖,2015年1月新番,1,0,"[{""title"": ""YourAnimes 連結"", ""url"": ""https://youranimes.tw/animes/1723""}]"
《偶像大師 灰姑娘女孩》的主視覺圖,2015年1月新番,1,0,"[{""title"": ""YourAnimes 連結"", ""url"": ""https://youranimes.tw/animes/1908""}]"
《百合熊風暴》的主視覺圖,2015年1月新番,1,0,"[{""title"": ""YourAnimes 連結"", ""url"": ""https://youranimes.tw/animes/1803""}]"
《無頭騎士異聞錄 DuRaRaRa!!×2 承》的主視覺圖,2015年1月新番,1,0,"[{""title"": ""YourAnimes 連結"", ""url"": ""https://youranimes.tw/animes/1577""}]"
《銃皇無盡的法夫納》的主視覺圖,2015年1月新番,1,0,"[{""title"": ""YourAnimes 連結"", ""url"": ""https://youranimes.tw/animes/1802""}]"
《影子籃球員 第三季》的主視覺圖,2015年1月新番,3,0,"[{""title"": ""YourAnimes 連結"", ""url"": ""https://youranimes.tw/animes/2231""}]"
《新妹魔王的契約者》的主視覺圖,2015年1月新番,1,0,"[{""title"": ""YourAnimes 連結"", ""url"": ""https://youranimes.tw/animes/2302""}]"
《美男高校地球防衛部LOVE！》的主視覺圖,2015年1月新番,1,0,"[{""title"": ""YourAnimes 連結"", ""url"": ""https://youranimes.tw/animes/2422""}]"
《翻轉女孩》的主視覺圖,2015年1月新番,1,0,"[{""title"": ""YourAnimes 連結"", ""url"": ""https://youranimes.tw/animes/2638""}]"
《純潔的瑪利亞》的主視覺圖,2015年1月新番,1,0,"[{""title"": ""YourAnimes 連結"", ""url"": ""https://youranimes.tw/animes/2721""}]"
《不起眼女主角培育法 「愛與青春的殺必死回」》的主視覺圖,2015年1月新番,1,0,"[{""title"": ""YourAnimes 連結"", ""url"": ""https://youranimes.tw/animes/2957""}]"
《不起眼女主角培育法》的主視覺圖,2015年1月新番,1,0,"[{""title"": ""YourAnimes 連結"", ""url"": ""https://youranimes.tw/animes/2958""}]"
《元氣少女緣結神 第二季》的主視覺圖,2015年1月新番,2,0,"[{""title"": ""YourAnimes 連結"", ""url"": ""https://youranimes.tw/animes/3199""}]"
《夜晚的小雙俠》的主視覺圖,2015年1月新番,1,0,"[{""title"": ""YourAnimes 連結"", ""url"": ""https://youranimes.tw/animes/4571""}]"
《軍人少女！》的主視覺圖,2015年1月新番,1,0,"[{""title"": ""YourAnimes 連結"", ""url"": ""https://youranimes.tw/animes/5158""}]"
《DOG DAYS''》的主視覺圖,2015年1月新番,1,0,"[{""title"": ""YourAnimes 連結"", ""url"": ""https://youranimes.tw/animes/5178""}]"
《血界戰線》的主視覺圖,2015年4月新番,1,0,"[{""title"": ""YourAnimes 連結"", ""url"": ""https://youranimes.tw/animes/5351""}]"
《科學小飛俠 Crowds Insight「inbound」》的主視覺圖,2015年4月新番,1,0,"[{""title"": ""YourAnimes 連結"", ""url"": ""https://youranimes.tw/animes/757""}]"
《Love Live！30分鐘總集篇》的主視覺圖,2015年4月新番,1,0,"[{""title"": ""YourAnimes 連結"", ""url"": ""https://youranimes.tw/animes/2197""}]"
《Love Live！3分鐘總集篇》的主視覺圖,2015年4月新番,1,0,"[{""title"": ""YourAnimes 連結"", ""url"": ""https://youranimes.tw/animes/2198""}]"
《聖鬥士星矢 黃金魂 -soul of gold-》的主視覺圖,2015年4月新番,1,0,"[{""title"": ""YourAnimes 連結"", ""url"": ""https://youranimes.tw/animes/4976""}]"
《灰色的迷宮》的主視覺圖,2015年4月新番,1,0,"[{""title"": ""YourAnimes 連結"", ""url"": ""https://youranimes.tw/animes/952""}]"
《山田君與7人魔女》的主視覺圖,2015年4月新番,1,0,"[{""title"": ""YourAnimes 連結"", ""url"": ""https://youranimes.tw/animes/433""}]"
《食戟之靈》的主視覺圖,2015年4月新番,1,0,"[{""title"": ""YourAnimes 連結"", ""url"": ""https://youranimes.tw/animes/402""}]"
《果然我的青春戀愛喜劇搞錯了。續》的主視覺圖,2015年4月新番,1,0,"[{""title"": ""YourAnimes 連結"", ""url"": ""https://youranimes.tw/animes/250""}]"
《在地下城尋求邂逅是否搞錯了什麼》的主視覺圖,2015年4月新番,1,0,"[{""title"": ""YourAnimes 連結"", ""url"": ""https://youranimes.tw/animes/4""}]"
《鑽石王牌 第二季》的主視覺圖,2015年4月新番,2,0,"[{""title"": ""YourAnimes 連結"", ""url"": ""https://youranimes.tw/animes/505""}]"
《Fate/stay night [Unlimited Blade Works] 第二季》的主視覺圖,2015年4月新番,2,0,"[{""title"": ""YourAnimes 連結"", ""url"": ""https://youranimes.tw/animes/418""}]"
《吹響吧！上低音號》的主視覺圖,2015年4月新番,1,0,"[{""title"": ""YourAnimes 連結"", ""url"": ""https://youranimes.tw/animes/741""}]"
《灰色的樂園》的主視覺圖,2015年4月新番,1,0,"[{""title"": ""YourAnimes 連結"", ""url"": ""https://youranimes.tw/animes/954""}]"
《惡魔高校D×D 第三季》的主視覺圖,2015年4月新番,3,0,"[{""title"": ""YourAnimes 連結"", ""url"": ""https://youranimes.tw/animes/663""}]"
《干支魂》的主視覺圖,2015年4月新番,1,0,"[{""title"": ""YourAnimes 連結"", ""url"": ""https://youranimes.tw/animes/1098""}]"
《Hello！！黃金拼圖》的主視覺圖,2015年4月新番,1,0,"[{""title"": ""YourAnimes 連結"", ""url"": ""https://youranimes.tw/animes/1226""}]"
《歌之☆王子殿下♪ 真爱革命》的主視覺圖,2015年4月新番,1,0,"[{""title"": ""YourAnimes 連結"", ""url"": ""https://youranimes.tw/animes/1338""}]"
《小長門有希的消失》的主視覺圖,2015年4月新番,1,0,"[{""title"": ""YourAnimes 連結"", ""url"": ""https://youranimes.tw/animes/1499""}]"
《終結的熾天使》的主視覺圖,2015年4月新番,1,0,"[{""title"": ""YourAnimes 連結"", ""url"": ""https://youranimes.tw/animes/1712""}]"
《俺物語！！》的主視覺圖,2015年4月新番,1,0,"[{""title"": ""YourAnimes 連結"", ""url"": ""https://youranimes.tw/animes/2184""}]"
《星光樂園 第二季》的主視覺圖,2015年4月新番,2,0,"[{""title"": ""YourAnimes 連結"", ""url"": ""https://youranimes.tw/animes/2330""}]"
《境界之Rinne》的主視覺圖,2015年4月新番,1,0,"[{""title"": ""YourAnimes 連結"", ""url"": ""https://youranimes.tw/animes/2299""}]"
《SHOW BY ROCK!!》的主視覺圖,2015年4月新番,1,0,"[{""title"": ""YourAnimes 連結"", ""url"": ""https://youranimes.tw/animes/2323""}]"
《魔法少女奈葉ViVid》的主視覺圖,2015年4月新番,1,0,"[{""title"": ""YourAnimes 連結"", ""url"": ""https://youranimes.tw/animes/2368""}]"
《絕命制裁 X》的主視覺圖,2015年4月新番,1,0,"[{""title"": ""YourAnimes 連結"", ""url"": ""https://youranimes.tw/animes/2832""}]"
《銀魂°》的主視覺圖,2015年4月新番,1,0,"[{""title"": ""YourAnimes 連結"", ""url"": ""https://youranimes.tw/animes/2976""}]"
《攻殼機動隊ARISE ALTERNATIVE ARCHITECTURE》的主視覺圖,2015年4月新番,1,0,"[{""title"": ""YourAnimes 連結"", ""url"": ""https://youranimes.tw/animes/3352""}]"
《偽戀 第二季》的主視覺圖,2015年4月新番,2,0,"[{""title"": ""YourAnimes 連結"", ""url"": ""https://youranimes.tw/animes/4302""}]"
《浦和的小調》的主視覺圖,2015年4月新番,1,0,"[{""title"": ""YourAnimes 連結"", ""url"": ""https://youranimes.tw/animes/4572""}]"
《庭球社 第四季》的主視覺圖,2015年4月新番,4,0,"[{""title"": ""YourAnimes 連結"", ""url"": ""https://youranimes.tw/animes/4592""}]"
《我是高宮茄乃！》的主視覺圖,2015年4月新番,1,0,"[{""title"": ""YourAnimes 連結"", ""url"": ""https://youranimes.tw/animes/4605""}]"
《雨色可可》的主視覺圖,2015年4月新番,1,0,"[{""title"": ""YourAnimes 連結"", ""url"": ""https://youranimes.tw/animes/4610""}]"
《英国一家、日本を食べる》的主視覺圖,2015年4月新番,1,0,"[{""title"": ""YourAnimes 連結"", ""url"": ""https://youranimes.tw/animes/4653""}]"
《決鬥大師 VSR》的主視覺圖,2015年4月新番,1,0,"[{""title"": ""YourAnimes 連結"", ""url"": ""https://youranimes.tw/animes/4726""}]"
《怪盜喬克 第二季》的主視覺圖,2015年4月新番,2,0,"[{""title"": ""YourAnimes 連結"", ""url"": ""https://youranimes.tw/animes/4836""}]"
《未來卡片 戰鬥夥伴100》的主視覺圖,2015年4月新番,1,0,"[{""title"": ""YourAnimes 連結"", ""url"": ""https://youranimes.tw/animes/5186""}]"
《ガンスリンガー ストラトス》的主視覺圖,2015年4月新番,1,0,"[{""title"": ""YourAnimes 連結"", ""url"": ""https://youranimes.tw/animes/5194""}]"
《關於完全聽不懂老公在說什麼的事 第二季》的主視覺圖,2015年4月新番,2,0,"[{""title"": ""YourAnimes 連結"", ""url"": ""https://youranimes.tw/animes/5197""}]"
《亂步奇譚 Game of Laplace》的主視覺圖,2015年7月新番,1,0,"[{""title"": ""YourAnimes 連結"", ""url"": ""https://youranimes.tw/animes/6412""}]"
《魔物娘的同居日常 ほぼ毎日○○！生っぽい動画》的主視覺圖,2015年7月新番,1,0,"[{""title"": ""YourAnimes 連結"", ""url"": ""https://youranimes.tw/animes/2030""}]"
《義呆利 The World Twinkle》的主視覺圖,2015年7月新番,1,0,"[{""title"": ""YourAnimes 連結"", ""url"": ""https://youranimes.tw/animes/4643""}]"
《ONE PIECE 航海王：薩波篇 〜3兄弟的羈絆 奇跡的再會和被繼承的意志〜》的主視覺圖,2015年7月新番,1,0,"[{""title"": ""YourAnimes 連結"", ""url"": ""https://youranimes.tw/animes/1863""}]"
《輕鬆百合 なちゅやちゅみ！＋》的主視覺圖,2015年7月新番,1,0,"[{""title"": ""YourAnimes 連結"", ""url"": ""https://youranimes.tw/animes/4465""}]"
《赤髮白雪姬》的主視覺圖,2015年7月新番,1,0,"[{""title"": ""YourAnimes 連結"", ""url"": ""https://youranimes.tw/animes/75""}]"
《潮與虎》的主視覺圖,2015年7月新番,1,0,"[{""title"": ""YourAnimes 連結"", ""url"": ""https://youranimes.tw/animes/296""}]"
《噬神者》的主視覺圖,2015年7月新番,1,0,"[{""title"": ""YourAnimes 連結"", ""url"": ""https://youranimes.tw/animes/362""}]"
《OVERLORD》的主視覺圖,2015年7月新番,1,0,"[{""title"": ""YourAnimes 連結"", ""url"": ""https://youranimes.tw/animes/576""}]"
《科學小飛俠 Crowds Insight》的主視覺圖,2015年7月新番,1,0,"[{""title"": ""YourAnimes 連結"", ""url"": ""https://youranimes.tw/animes/758""}]"
《悠悠哉哉少女日和 Repeat》的主視覺圖,2015年7月新番,1,0,"[{""title"": ""YourAnimes 連結"", ""url"": ""https://youranimes.tw/animes/896""}]"
《Fate/kaleid liner 魔法少女☆伊莉雅  第三季：2wei Herz!》的主視覺圖,2015年7月新番,3,0,"[{""title"": ""YourAnimes 連結"", ""url"": ""https://youranimes.tw/animes/1002""}]"
《Charlotte 夏洛特》的主視覺圖,2015年7月新番,1,0,"[{""title"": ""YourAnimes 連結"", ""url"": ""https://youranimes.tw/animes/1139""}]"
《學園孤島》的主視覺圖,2015年7月新番,1,0,"[{""title"": ""YourAnimes 連結"", ""url"": ""https://youranimes.tw/animes/1217""}]"
《迷糊餐廳 WORKING!!! 第三季 》的主視覺圖,2015年7月新番,3,0,"[{""title"": ""YourAnimes 連結"", ""url"": ""https://youranimes.tw/animes/1162""}]"
《GATE 奇幻自衛隊》的主視覺圖,2015年7月新番,1,0,"[{""title"": ""YourAnimes 連結"", ""url"": ""https://youranimes.tw/animes/1258""}]"
《我家有個魚乾妹》的主視覺圖,2015年7月新番,1,0,"[{""title"": ""YourAnimes 連結"", ""url"": ""https://youranimes.tw/animes/1760""}]"
《偶像大師 灰姑娘女孩 第二季》的主視覺圖,2015年7月新番,2,0,"[{""title"": ""YourAnimes 連結"", ""url"": ""https://youranimes.tw/animes/1909""}]"
《六花的勇者》的主視覺圖,2015年7月新番,1,0,"[{""title"": ""YourAnimes 連結"", ""url"": ""https://youranimes.tw/animes/1724""}]"
《無頭騎士異聞錄 DuRaRaRa!!×2 轉》的主視覺圖,2015年7月新番,1,0,"[{""title"": ""YourAnimes 連結"", ""url"": ""https://youranimes.tw/animes/1579""}]"
"《DIABOLIK LOVERS 魔鬼戀人 第二季：MORE,BLOOD》的主視覺圖",2015年7月新番,2,0,"[{""title"": ""YourAnimes 連結"", ""url"": ""https://youranimes.tw/animes/1946""}]"
《魔物娘的同居日常》的主視覺圖,2015年7月新番,1,0,"[{""title"": ""YourAnimes 連結"", ""url"": ""https://youranimes.tw/animes/2029""}]"
《和歌子酒》的主視覺圖,2015年7月新番,1,0,"[{""title"": ""YourAnimes 連結"", ""url"": ""https://youranimes.tw/animes/2185""}]"
《空戰魔導士培訓生的教官》的主視覺圖,2015年7月新番,1,0,"[{""title"": ""YourAnimes 連結"", ""url"": ""https://youranimes.tw/animes/2550""}]"
《純情羅曼史3》的主視覺圖,2015年7月新番,1,0,"[{""title"": ""YourAnimes 連結"", ""url"": ""https://youranimes.tw/animes/2608""}]"
《監獄學園》的主視覺圖,2015年7月新番,1,0,"[{""title"": ""YourAnimes 連結"", ""url"": ""https://youranimes.tw/animes/2586""}]"
《單色小姐 -The Animation- 2》的主視覺圖,2015年7月新番,1,0,"[{""title"": ""YourAnimes 連結"", ""url"": ""https://youranimes.tw/animes/2616""}]"
《黑街》的主視覺圖,2015年7月新番,1,0,"[{""title"": ""YourAnimes 連結"", ""url"": ""https://youranimes.tw/animes/2652""}]"
《Chaos Dragon 赤龍戰役》的主視覺圖,2015年7月新番,1,0,"[{""title"": ""YourAnimes 連結"", ""url"": ""https://youranimes.tw/animes/2720""}]"
《青春×機關槍》的主視覺圖,2015年7月新番,1,0,"[{""title"": ""YourAnimes 連結"", ""url"": ""https://youranimes.tw/animes/2732""}]"
《其實我是》的主視覺圖,2015年7月新番,1,0,"[{""title"": ""YourAnimes 連結"", ""url"": ""https://youranimes.tw/animes/3360""}]"
《亞庫艾里翁LOGOS》的主視覺圖,2015年7月新番,1,0,"[{""title"": ""YourAnimes 連結"", ""url"": ""https://youranimes.tw/animes/3450""}]"
《七龍珠超》的主視覺圖,2015年7月新番,1,0,"[{""title"": ""YourAnimes 連結"", ""url"": ""https://youranimes.tw/animes/3956""}]"
《出包王女DARKNESS 2nd》的主視覺圖,2015年7月新番,1,0,"[{""title"": ""YourAnimes 連結"", ""url"": ""https://youranimes.tw/animes/4410""}]"
《若葉女孩》的主視覺圖,2015年7月新番,1,0,"[{""title"": ""YourAnimes 連結"", ""url"": ""https://youranimes.tw/animes/4416""}]"
《Million Doll 百萬偶像》的主視覺圖,2015年7月新番,1,0,"[{""title"": ""YourAnimes 連結"", ""url"": ""https://youranimes.tw/animes/4574""}]"
《下流梗不存在的灰暗世界》的主視覺圖,2015年7月新番,1,0,"[{""title"": ""YourAnimes 連結"", ""url"": ""https://youranimes.tw/animes/4575""}]"
《VENUS PROJECT -CLIMAX-》的主視覺圖,2015年7月新番,1,0,"[{""title"": ""YourAnimes 連結"", ""url"": ""https://youranimes.tw/animes/4576""}]"
《洲崎西 THE ANIMATION》的主視覺圖,2015年7月新番,1,0,"[{""title"": ""YourAnimes 連結"", ""url"": ""https://youranimes.tw/animes/4577""}]"
《T寶的悲慘日常 夢幻篇》的主視覺圖,2015年7月新番,1,0,"[{""title"": ""YourAnimes 連結"", ""url"": ""https://youranimes.tw/animes/4581""}]"
《庭球社 第五季》的主視覺圖,2015年7月新番,5,0,"[{""title"": ""YourAnimes 連結"", ""url"": ""https://youranimes.tw/animes/4596""}]"
《戰姬絕唱SYMPHOGEAR GX》的主視覺圖,2015年7月新番,1,0,"[{""title"": ""YourAnimes 連結"", ""url"": ""https://youranimes.tw/animes/4883""}]"
《我老婆是學生會長！》的主視覺圖,2015年7月新番,1,0,"[{""title"": ""YourAnimes 連結"", ""url"": ""https://youranimes.tw/animes/5134""}]"
《だんちがい》的主視覺圖,2015年7月新番,1,0,"[{""title"": ""YourAnimes 連結"", ""url"": ""https://youranimes.tw/animes/5174""}]"
《落第騎士英雄譚》的主視覺圖,2015年10月新番,1,0,"[{""title"": ""YourAnimes 連結"", ""url"": ""https://youranimes.tw/animes/5727""}]"
《小桃小栗 Love Love 物語》的主視覺圖,2015年10月新番,1,0,"[{""title"": ""YourAnimes 連結"", ""url"": ""https://youranimes.tw/animes/2440""}]"
《磯部磯兵衛物語》的主視覺圖,2015年10月新番,1,0,"[{""title"": ""YourAnimes 連結"", ""url"": ""https://youranimes.tw/animes/4622""}]"
《怪物彈珠》的主視覺圖,2015年10月新番,1,0,"[{""title"": ""YourAnimes 連結"", ""url"": ""https://youranimes.tw/animes/5143""}]"
《ONE PIECE 航海王：迷霧島大冒險》的主視覺圖,2015年10月新番,1,0,"[{""title"": ""YourAnimes 連結"", ""url"": ""https://youranimes.tw/animes/1864""}]"
《命運石之門「境界面上的缺失之環 -Divide by Zero-」》的主視覺圖,2015年10月新番,1,0,"[{""title"": ""YourAnimes 連結"", ""url"": ""https://youranimes.tw/animes/5071""}]"
《金田一少年之事件簿R「明智警部之事件簿」》的主視覺圖,2015年10月新番,1,0,"[{""title"": ""YourAnimes 連結"", ""url"": ""https://youranimes.tw/animes/5877""}]"
《阿松》的主視覺圖,2015年10月新番,1,0,"[{""title"": ""YourAnimes 連結"", ""url"": ""https://youranimes.tw/animes/633""}]"
《牙狼 -紅蓮之月-》的主視覺圖,2015年10月新番,1,0,"[{""title"": ""YourAnimes 連結"", ""url"": ""https://youranimes.tw/animes/316""}]"
《一拳超人》的主視覺圖,2015年10月新番,1,0,"[{""title"": ""YourAnimes 連結"", ""url"": ""https://youranimes.tw/animes/503""}]"
《請問您今天要來點兔子嗎？？》的主視覺圖,2015年10月新番,1,0,"[{""title"": ""YourAnimes 連結"", ""url"": ""https://youranimes.tw/animes/684""}]"
《進擊！巨人中學校》的主視覺圖,2015年10月新番,1,0,"[{""title"": ""YourAnimes 連結"", ""url"": ""https://youranimes.tw/animes/826""}]"
《重裝武器》的主視覺圖,2015年10月新番,1,0,"[{""title"": ""YourAnimes 連結"", ""url"": ""https://youranimes.tw/animes/1066""}]"
《對魔導學園35試驗小隊》的主視覺圖,2015年10月新番,1,0,"[{""title"": ""YourAnimes 連結"", ""url"": ""https://youranimes.tw/animes/1114""}]"
《WORKING!! 迷糊餐廳 第三季 特別篇》的主視覺圖,2015年10月新番,3,0,"[{""title"": ""YourAnimes 連結"", ""url"": ""https://youranimes.tw/animes/1163""}]"
《高校星歌劇》的主視覺圖,2015年10月新番,1,0,"[{""title"": ""YourAnimes 連結"", ""url"": ""https://youranimes.tw/animes/1125""}]"
《彗星·路西法》的主視覺圖,2015年10月新番,1,0,"[{""title"": ""YourAnimes 連結"", ""url"": ""https://youranimes.tw/animes/1308""}]"
《新我們這一家》的主視覺圖,2015年10月新番,1,0,"[{""title"": ""YourAnimes 連結"", ""url"": ""https://youranimes.tw/animes/1468""}]"
《終結的熾天使 第二季》的主視覺圖,2015年10月新番,2,0,"[{""title"": ""YourAnimes 連結"", ""url"": ""https://youranimes.tw/animes/1715""}]"
《學戰都市Asterisk》的主視覺圖,2015年10月新番,1,0,"[{""title"": ""YourAnimes 連結"", ""url"": ""https://youranimes.tw/animes/1738""}]"
《Concrete Revolutio～超人幻想～》的主視覺圖,2015年10月新番,1,0,"[{""title"": ""YourAnimes 連結"", ""url"": ""https://youranimes.tw/animes/1798""}]"
《排球少年!!  第二季》的主視覺圖,2015年10月新番,2,0,"[{""title"": ""YourAnimes 連結"", ""url"": ""https://youranimes.tw/animes/1828""}]"
《Dance with Devils 與魔共舞》的主視覺圖,2015年10月新番,1,0,"[{""title"": ""YourAnimes 連結"", ""url"": ""https://youranimes.tw/animes/1960""}]"
《歡迎光臨，千歲醬》的主視覺圖,2015年10月新番,1,0,"[{""title"": ""YourAnimes 連結"", ""url"": ""https://youranimes.tw/animes/2028""}]"
《偶像學園 第四季》的主視覺圖,2015年10月新番,4,0,"[{""title"": ""YourAnimes 連結"", ""url"": ""https://youranimes.tw/animes/2173""}]"
《我被綁架到貴族女校當庶民樣本》的主視覺圖,2015年10月新番,1,0,"[{""title"": ""YourAnimes 連結"", ""url"": ""https://youranimes.tw/animes/2255""}]"
《魯邦三世 第四季》的主視覺圖,2015年10月新番,4,0,"[{""title"": ""YourAnimes 連結"", ""url"": ""https://youranimes.tw/animes/2312""}]"
《新妹魔王的契約者 BURST》的主視覺圖,2015年10月新番,1,0,"[{""title"": ""YourAnimes 連結"", ""url"": ""https://youranimes.tw/animes/2304""}]"
《櫻子小姐的腳下埋著屍體》的主視覺圖,2015年10月新番,1,0,"[{""title"": ""YourAnimes 連結"", ""url"": ""https://youranimes.tw/animes/2350""}]"
《寶可夢 XY&Z》的主視覺圖,2015年10月新番,1,0,"[{""title"": ""YourAnimes 連結"", ""url"": ""https://youranimes.tw/animes/2388""}]"
《緋彈的亞莉亞AA》的主視覺圖,2015年10月新番,1,0,"[{""title"": ""YourAnimes 連結"", ""url"": ""https://youranimes.tw/animes/2412""}]"
《見習神仙精靈》的主視覺圖,2015年10月新番,1,0,"[{""title"": ""YourAnimes 連結"", ""url"": ""https://youranimes.tw/animes/2391""}]"
《終物語》的主視覺圖,2015年10月新番,1,0,"[{""title"": ""YourAnimes 連結"", ""url"": ""https://youranimes.tw/animes/2447""}]"
《流浪神差 ARAGOTO》的主視覺圖,2015年10月新番,1,0,"[{""title"": ""YourAnimes 連結"", ""url"": ""https://youranimes.tw/animes/2568""}]"
《青年黑傑克》的主視覺圖,2015年10月新番,1,0,"[{""title"": ""YourAnimes 連結"", ""url"": ""https://youranimes.tw/animes/2588""}]"
《K RETURN OF KINGS》的主視覺圖,2015年10月新番,1,0,"[{""title"": ""YourAnimes 連結"", ""url"": ""https://youranimes.tw/animes/2622""}]"
《DD北斗之拳2 草莓味+》的主視覺圖,2015年10月新番,1,0,"[{""title"": ""YourAnimes 連結"", ""url"": ""https://youranimes.tw/animes/2591""}]"
《單色小姐 -The Animation- 3》的主視覺圖,2015年10月新番,1,0,"[{""title"": ""YourAnimes 連結"", ""url"": ""https://youranimes.tw/animes/2617""}]"
《槍與假面舞會》的主視覺圖,2015年10月新番,1,0,"[{""title"": ""YourAnimes 連結"", ""url"": ""https://youranimes.tw/animes/2722""}]"
《受讚頌者 虛偽的假面》的主視覺圖,2015年10月新番,1,0,"[{""title"": ""YourAnimes 連結"", ""url"": ""https://youranimes.tw/animes/3150""}]"
《機動戰士鋼彈 鐵血孤兒》的主視覺圖,2015年10月新番,1,0,"[{""title"": ""YourAnimes 連結"", ""url"": ""https://youranimes.tw/animes/3455""}]"
《輕鬆百合 さん☆ハイ！》的主視覺圖,2015年10月新番,1,0,"[{""title"": ""YourAnimes 連結"", ""url"": ""https://youranimes.tw/animes/4466""}]"
《影鱷》的主視覺圖,2015年10月新番,1,0,"[{""title"": ""YourAnimes 連結"", ""url"": ""https://youranimes.tw/animes/4540""}]"
《庭球社 第五季 特典動畫》的主視覺圖,2015年10月新番,5,0,"[{""title"": ""YourAnimes 連結"", ""url"": ""https://youranimes.tw/animes/4597""}]"
《庭球社 第六季》的主視覺圖,2015年10月新番,6,0,"[{""title"": ""YourAnimes 連結"", ""url"": ""https://youranimes.tw/animes/4598""}]"
《雨色可可 歡迎來到RAINY COLOR！》的主視覺圖,2015年10月新番,1,0,"[{""title"": ""YourAnimes 連結"", ""url"": ""https://youranimes.tw/animes/4611""}]"
《偵探小隊KZ事件簿》的主視覺圖,2015年10月新番,1,0,"[{""title"": ""YourAnimes 連結"", ""url"": ""https://youranimes.tw/animes/4617""}]"
《いとしのムーコ》的主視覺圖,2015年10月新番,1,0,"[{""title"": ""YourAnimes 連結"", ""url"": ""https://youranimes.tw/animes/4627""}]"
《おしりかじり虫 第4期》的主視覺圖,2015年10月新番,1,0,"[{""title"": ""YourAnimes 連結"", ""url"": ""https://youranimes.tw/animes/4713""}]"
《金田一少年之事件簿R（2015）》的主視覺圖,2015年10月新番,1,0,"[{""title"": ""YourAnimes 連結"", ""url"": ""https://youranimes.tw/animes/5876""}]"
《飛翔的魔女 ぷち》的主視覺圖,2016年1月新番,1,0,"[{""title"": ""YourAnimes 連結"", ""url"": ""https://youranimes.tw/animes/2282""}]"
《うぇいくあっぷがーるZOO！ 宮城PRでGO！》的主視覺圖,2016年1月新番,1,0,"[{""title"": ""YourAnimes 連結"", ""url"": ""https://youranimes.tw/animes/5540""}]"
《魯邦三世 義大利遊戲》的主視覺圖,2016年1月新番,1,0,"[{""title"": ""YourAnimes 連結"", ""url"": ""https://youranimes.tw/animes/2316""}]"
《英国一家、正月を食べる》的主視覺圖,2016年1月新番,1,0,"[{""title"": ""YourAnimes 連結"", ""url"": ""https://youranimes.tw/animes/4654""}]"
《為美好的世界獻上祝福！》的主視覺圖,2016年1月新番,1,0,"[{""title"": ""YourAnimes 連結"", ""url"": ""https://youranimes.tw/animes/302""}]"
《赤髮白雪姬 第二季》的主視覺圖,2016年1月新番,2,0,"[{""title"": ""YourAnimes 連結"", ""url"": ""https://youranimes.tw/animes/76""}]"
《春 & 夏推理事件簿》的主視覺圖,2016年1月新番,1,0,"[{""title"": ""YourAnimes 連結"", ""url"": ""https://youranimes.tw/animes/725""}]"
"《私たち, らくろじ部! 》的主視覺圖",2016年1月新番,1,0,"[{""title"": ""YourAnimes 連結"", ""url"": ""https://youranimes.tw/animes/773""}]"
《Luck & Logic》的主視覺圖,2016年1月新番,1,0,"[{""title"": ""YourAnimes 連結"", ""url"": ""https://youranimes.tw/animes/772""}]"
《昭和元祿落語心中》的主視覺圖,2016年1月新番,1,0,"[{""title"": ""YourAnimes 連結"", ""url"": ""https://youranimes.tw/animes/1019""}]"
《暗殺教室 第二季》的主視覺圖,2016年1月新番,2,0,"[{""title"": ""YourAnimes 連結"", ""url"": ""https://youranimes.tw/animes/1290""}]"
《Active Raid -機動強襲室第八組-》的主視覺圖,2016年1月新番,1,0,"[{""title"": ""YourAnimes 連結"", ""url"": ""https://youranimes.tw/animes/1306""}]"
《GATE 奇幻自衛隊 第二季度》的主視覺圖,2016年1月新番,2,0,"[{""title"": ""YourAnimes 連結"", ""url"": ""https://youranimes.tw/animes/1259""}]"
《闇芝居 第三季》的主視覺圖,2016年1月新番,3,0,"[{""title"": ""YourAnimes 連結"", ""url"": ""https://youranimes.tw/animes/1735""}]"
《魔法護士小麥R》的主視覺圖,2016年1月新番,1,0,"[{""title"": ""YourAnimes 連結"", ""url"": ""https://youranimes.tw/animes/1837""}]"
《無頭騎士異聞錄 DuRaRaRa!!×2 結》的主視覺圖,2016年1月新番,1,0,"[{""title"": ""YourAnimes 連結"", ""url"": ""https://youranimes.tw/animes/1581""}]"
《灰與幻想的格林姆迦爾》的主視覺圖,2016年1月新番,1,0,"[{""title"": ""YourAnimes 連結"", ""url"": ""https://youranimes.tw/animes/1800""}]"
《石膏BOYS》的主視覺圖,2016年1月新番,1,0,"[{""title"": ""YourAnimes 連結"", ""url"": ""https://youranimes.tw/animes/1711""}]"
《百無禁忌！女高中生私房話》的主視覺圖,2016年1月新番,1,0,"[{""title"": ""YourAnimes 連結"", ""url"": ""https://youranimes.tw/animes/1819""}]"
《只有我不存在的城市》的主視覺圖,2016年1月新番,1,0,"[{""title"": ""YourAnimes 連結"", ""url"": ""https://youranimes.tw/animes/1823""}]"
《無彩限的幻影世界》的主視覺圖,2016年1月新番,1,0,"[{""title"": ""YourAnimes 連結"", ""url"": ""https://youranimes.tw/animes/1962""}]"
《虹色時光》的主視覺圖,2016年1月新番,1,0,"[{""title"": ""YourAnimes 連結"", ""url"": ""https://youranimes.tw/animes/1845""}]"
《Dimension W 維度戰記》的主視覺圖,2016年1月新番,1,0,"[{""title"": ""YourAnimes 連結"", ""url"": ""https://youranimes.tw/animes/2033""}]"
《神聖之門》的主視覺圖,2016年1月新番,1,0,"[{""title"": ""YourAnimes 連結"", ""url"": ""https://youranimes.tw/animes/2395""}]"
《疾走王子 Alternative》的主視覺圖,2016年1月新番,1,0,"[{""title"": ""YourAnimes 連結"", ""url"": ""https://youranimes.tw/animes/2408""}]"
《最弱無敗神裝機龍》的主視覺圖,2016年1月新番,1,0,"[{""title"": ""YourAnimes 連結"", ""url"": ""https://youranimes.tw/animes/2563""}]"
《命運九重奏》的主視覺圖,2016年1月新番,1,0,"[{""title"": ""YourAnimes 連結"", ""url"": ""https://youranimes.tw/animes/2565""}]"
《夢幻之星 ONLINE 2》的主視覺圖,2016年1月新番,1,0,"[{""title"": ""YourAnimes 連結"", ""url"": ""https://youranimes.tw/animes/2724""}]"
《亞人》的主視覺圖,2016年1月新番,1,0,"[{""title"": ""YourAnimes 連結"", ""url"": ""https://youranimes.tw/animes/3510""}]"
《Schwarzesmarken》的主視覺圖,2016年1月新番,1,0,"[{""title"": ""YourAnimes 連結"", ""url"": ""https://youranimes.tw/animes/4469""}]"
《庭球社 第七季》的主視覺圖,2016年1月新番,7,0,"[{""title"": ""YourAnimes 連結"", ""url"": ""https://youranimes.tw/animes/4600""}]"
《房東妹子思春期！》的主視覺圖,2016年1月新番,1,0,"[{""title"": ""YourAnimes 連結"", ""url"": ""https://youranimes.tw/animes/4629""}]"
《魔法少女什麼的已經夠了啦。》的主視覺圖,2016年1月新番,1,0,"[{""title"": ""YourAnimes 連結"", ""url"": ""https://youranimes.tw/animes/4630""}]"
《蒼之彼方的四重奏》的主視覺圖,2016年1月新番,1,0,"[{""title"": ""YourAnimes 連結"", ""url"": ""https://youranimes.tw/animes/4632""}]"
《大叔與棉花糖》的主視覺圖,2016年1月新番,1,0,"[{""title"": ""YourAnimes 連結"", ""url"": ""https://youranimes.tw/animes/4633""}]"
《侍靈演武：將星亂》的主視覺圖,2016年1月新番,1,0,"[{""title"": ""YourAnimes 連結"", ""url"": ""https://youranimes.tw/animes/5103""}]"
《魔法使 光之美少女！》的主視覺圖,2016年1月新番,1,0,"[{""title"": ""YourAnimes 連結"", ""url"": ""https://youranimes.tw/animes/5252""}]"
《暗殺教室 第二季 課外授業編》的主視覺圖,2016年4月新番,2,0,"[{""title"": ""YourAnimes 連結"", ""url"": ""https://youranimes.tw/animes/1291""}]"
《田中君今日也是如此慵懶》的主視覺圖,2016年4月新番,1,0,"[{""title"": ""YourAnimes 連結"", ""url"": ""https://youranimes.tw/animes/1791""}]"
《蠟筆小新外傳：異形VS小新》的主視覺圖,2016年4月新番,1,0,"[{""title"": ""YourAnimes 連結"", ""url"": ""https://youranimes.tw/animes/4489""}]"
《女神異聞錄5 -THE DAY BREAKERS-》的主視覺圖,2016年4月新番,1,0,"[{""title"": ""YourAnimes 連結"", ""url"": ""https://youranimes.tw/animes/4655""}]"
《不愉快的妖怪庵》的主視覺圖,2016年4月新番,1,0,"[{""title"": ""YourAnimes 連結"", ""url"": ""https://youranimes.tw/animes/536""}]"
《偶像學園Stars！》的主視覺圖,2016年4月新番,1,0,"[{""title"": ""YourAnimes 連結"", ""url"": ""https://youranimes.tw/animes/561""}]"
《逆轉裁判～對這個「真相」，有異議！～》的主視覺圖,2016年4月新番,1,0,"[{""title"": ""YourAnimes 連結"", ""url"": ""https://youranimes.tw/animes/398""}]"
《潮與虎 第二季》的主視覺圖,2016年4月新番,2,0,"[{""title"": ""YourAnimes 連結"", ""url"": ""https://youranimes.tw/animes/297""}]"
《線上遊戲的老婆不可能是女生？》的主視覺圖,2016年4月新番,1,0,"[{""title"": ""YourAnimes 連結"", ""url"": ""https://youranimes.tw/animes/127""}]"
《Re：從零開始的異世界生活》的主視覺圖,2016年4月新番,1,0,"[{""title"": ""YourAnimes 連結"", ""url"": ""https://youranimes.tw/animes/299""}]"
《高校艦隊》的主視覺圖,2016年4月新番,1,0,"[{""title"": ""YourAnimes 連結"", ""url"": ""https://youranimes.tw/animes/695""}]"
《戰鬥陀螺 爆烈世代》的主視覺圖,2016年4月新番,1,0,"[{""title"": ""YourAnimes 連結"", ""url"": ""https://youranimes.tw/animes/648""}]"
《我的英雄學院》的主視覺圖,2016年4月新番,1,0,"[{""title"": ""YourAnimes 連結"", ""url"": ""https://youranimes.tw/animes/666""}]"
《爆音少女!!》的主視覺圖,2016年4月新番,1,0,"[{""title"": ""YourAnimes 連結"", ""url"": ""https://youranimes.tw/animes/888""}]"
《超級戀人》的主視覺圖,2016年4月新番,1,0,"[{""title"": ""YourAnimes 連結"", ""url"": ""https://youranimes.tw/animes/869""}]"
《JOKER GAME》的主視覺圖,2016年4月新番,1,0,"[{""title"": ""YourAnimes 連結"", ""url"": ""https://youranimes.tw/animes/733""}]"
《MAGI 魔奇少年前傳 辛巴達的冒險》的主視覺圖,2016年4月新番,1,0,"[{""title"": ""YourAnimes 連結"", ""url"": ""https://youranimes.tw/animes/1159""}]"
《火星任務 第二季：Revenge》的主視覺圖,2016年4月新番,2,0,"[{""title"": ""YourAnimes 連結"", ""url"": ""https://youranimes.tw/animes/1223""}]"
《當女孩遇到熊》的主視覺圖,2016年4月新番,1,0,"[{""title"": ""YourAnimes 連結"", ""url"": ""https://youranimes.tw/animes/1283""}]"
《JOJO的奇妙冒險 第三季：不滅鑽石》的主視覺圖,2016年4月新番,3,0,"[{""title"": ""YourAnimes 連結"", ""url"": ""https://youranimes.tw/animes/1430""}]"
《甲鐵城的卡巴內里》的主視覺圖,2016年4月新番,1,0,"[{""title"": ""YourAnimes 連結"", ""url"": ""https://youranimes.tw/animes/1345""}]"
《田中君總是如此慵懶》的主視覺圖,2016年4月新番,1,0,"[{""title"": ""YourAnimes 連結"", ""url"": ""https://youranimes.tw/animes/1790""}]"
《Anne Happy》的主視覺圖,2016年4月新番,1,0,"[{""title"": ""YourAnimes 連結"", ""url"": ""https://youranimes.tw/animes/1847""}]"
《學戰都市Asterisk 第二季》的主視覺圖,2016年4月新番,2,0,"[{""title"": ""YourAnimes 連結"", ""url"": ""https://youranimes.tw/animes/1739""}]"
《Concrete Revolutio～超人幻想～ THE LAST SONG》的主視覺圖,2016年4月新番,1,0,"[{""title"": ""YourAnimes 連結"", ""url"": ""https://youranimes.tw/animes/1799""}]"
《至高指令》的主視覺圖,2016年4月新番,1,0,"[{""title"": ""YourAnimes 連結"", ""url"": ""https://youranimes.tw/animes/2094""}]"
《少年阿貝 GO! GO! 小芝麻》的主視覺圖,2016年4月新番,1,0,"[{""title"": ""YourAnimes 連結"", ""url"": ""https://youranimes.tw/animes/2102""}]"
《雙星之陰陽師》的主視覺圖,2016年4月新番,1,0,"[{""title"": ""YourAnimes 連結"", ""url"": ""https://youranimes.tw/animes/2169""}]"
《喵的咧～貓咪戲說日本史》的主視覺圖,2016年4月新番,1,0,"[{""title"": ""YourAnimes 連結"", ""url"": ""https://youranimes.tw/animes/2257""}]"
《忍者亂太郎 第24季》的主視覺圖,2016年4月新番,24,0,"[{""title"": ""YourAnimes 連結"", ""url"": ""https://youranimes.tw/animes/2250""}]"
《文豪Stray Dogs》的主視覺圖,2016年4月新番,1,0,"[{""title"": ""YourAnimes 連結"", ""url"": ""https://youranimes.tw/animes/2284""}]"
《飛翔的魔女》的主視覺圖,2016年4月新番,1,0,"[{""title"": ""YourAnimes 連結"", ""url"": ""https://youranimes.tw/animes/2281""}]"
《境界之Rinne 第二季》的主視覺圖,2016年4月新番,2,0,"[{""title"": ""YourAnimes 連結"", ""url"": ""https://youranimes.tw/animes/2300""}]"
《星光樂園 第三季》的主視覺圖,2016年4月新番,3,0,"[{""title"": ""YourAnimes 連結"", ""url"": ""https://youranimes.tw/animes/2331""}]"
《HUNDRED 百武裝戰記》的主視覺圖,2016年4月新番,1,0,"[{""title"": ""YourAnimes 連結"", ""url"": ""https://youranimes.tw/animes/2353""}]"
《12歲。～小小的怦然心動～》的主視覺圖,2016年4月新番,1,0,"[{""title"": ""YourAnimes 連結"", ""url"": ""https://youranimes.tw/animes/2443""}]"
《少年女僕》的主視覺圖,2016年4月新番,1,0,"[{""title"": ""YourAnimes 連結"", ""url"": ""https://youranimes.tw/animes/2482""}]"
《三者三葉》的主視覺圖,2016年4月新番,1,0,"[{""title"": ""YourAnimes 連結"", ""url"": ""https://youranimes.tw/animes/2484""}]"
《任性學園 High-Spec》的主視覺圖,2016年4月新番,1,0,"[{""title"": ""YourAnimes 連結"", ""url"": ""https://youranimes.tw/animes/2836""}]"
《薄櫻鬼〜御伽草子〜》的主視覺圖,2016年4月新番,1,0,"[{""title"": ""YourAnimes 連結"", ""url"": ""https://youranimes.tw/animes/3093""}]"
《衝吧烈子》的主視覺圖,2016年4月新番,1,0,"[{""title"": ""YourAnimes 連結"", ""url"": ""https://youranimes.tw/animes/3057""}]"
《忍者哈特利 (2012) 第三季》的主視覺圖,2016年4月新番,3,0,"[{""title"": ""YourAnimes 連結"", ""url"": ""https://youranimes.tw/animes/3250""}]"
《黑骸》的主視覺圖,2016年4月新番,1,0,"[{""title"": ""YourAnimes 連結"", ""url"": ""https://youranimes.tw/animes/3507""}]"
《機動戰士鋼彈UC RE:0096》的主視覺圖,2016年4月新番,1,0,"[{""title"": ""YourAnimes 連結"", ""url"": ""https://youranimes.tw/animes/3599""}]"
《超時空要塞Δ》的主視覺圖,2016年4月新番,1,0,"[{""title"": ""YourAnimes 連結"", ""url"": ""https://youranimes.tw/animes/4324""}]"
《宇宙巡警露露子》的主視覺圖,2016年4月新番,1,0,"[{""title"": ""YourAnimes 連結"", ""url"": ""https://youranimes.tw/animes/4539""}]"
《影鱷 承》的主視覺圖,2016年4月新番,1,0,"[{""title"": ""YourAnimes 連結"", ""url"": ""https://youranimes.tw/animes/4541""}]"
《兔龜》的主視覺圖,2016年4月新番,1,0,"[{""title"": ""YourAnimes 連結"", ""url"": ""https://youranimes.tw/animes/4607""}]"
《迷家》的主視覺圖,2016年4月新番,1,0,"[{""title"": ""YourAnimes 連結"", ""url"": ""https://youranimes.tw/animes/4648""}]"
《麵包與和平！》的主視覺圖,2016年4月新番,1,0,"[{""title"": ""YourAnimes 連結"", ""url"": ""https://youranimes.tw/animes/4649""}]"
《鬼斬》的主視覺圖,2016年4月新番,1,0,"[{""title"": ""YourAnimes 連結"", ""url"": ""https://youranimes.tw/animes/4650""}]"
《在下坂本，有何貴幹？》的主視覺圖,2016年4月新番,1,0,"[{""title"": ""YourAnimes 連結"", ""url"": ""https://youranimes.tw/animes/4665""}]"
《決鬥大師 VSRF》的主視覺圖,2016年4月新番,1,0,"[{""title"": ""YourAnimes 連結"", ""url"": ""https://youranimes.tw/animes/4727""}]"
《美少女戰士Crystal 第3季》的主視覺圖,2016年4月新番,3,0,"[{""title"": ""YourAnimes 連結"", ""url"": ""https://youranimes.tw/animes/4812""}]"
《怪盜喬克 第三季》的主視覺圖,2016年4月新番,3,0,"[{""title"": ""YourAnimes 連結"", ""url"": ""https://youranimes.tw/animes/4837""}]"
《海獺波樂》的主視覺圖,2016年4月新番,1,0,"[{""title"": ""YourAnimes 連結"", ""url"": ""https://youranimes.tw/animes/4841""}]"
《未來卡片 戰鬥夥伴DDD》的主視覺圖,2016年4月新番,1,0,"[{""title"": ""YourAnimes 連結"", ""url"": ""https://youranimes.tw/animes/5187""}]"
《ネコこのゴロ》的主視覺圖,2016年4月新番,1,0,"[{""title"": ""YourAnimes 連結"", ""url"": ""https://youranimes.tw/animes/5909""}]"
《天真與閃電》的主視覺圖,2016年7月新番,1,0,"[{""title"": ""YourAnimes 連結"", ""url"": ""https://youranimes.tw/animes/6345""}]"
《私たち、らくろじ部! 2》的主視覺圖,2016年7月新番,1,0,"[{""title"": ""YourAnimes 連結"", ""url"": ""https://youranimes.tw/animes/775""}]"
《夢幻慶典》的主視覺圖,2016年7月新番,1,0,"[{""title"": ""YourAnimes 連結"", ""url"": ""https://youranimes.tw/animes/842""}]"
《ちばペダル ~弱虫ペダルと学ぶ自転車交通安全~》的主視覺圖,2016年7月新番,1,0,"[{""title"": ""YourAnimes 連結"", ""url"": ""https://youranimes.tw/animes/1770""}]"
《sin 七大罪 「罪の告白 電脳グリモワール!」》的主視覺圖,2016年7月新番,1,0,"[{""title"": ""YourAnimes 連結"", ""url"": ""https://youranimes.tw/animes/2671""}]"
《星之夢》的主視覺圖,2016年7月新番,1,0,"[{""title"": ""YourAnimes 連結"", ""url"": ""https://youranimes.tw/animes/4651""}]"
《七大罪 聖戰的預兆》的主視覺圖,2016年7月新番,1,0,"[{""title"": ""YourAnimes 連結"", ""url"": ""https://youranimes.tw/animes/805""}]"
《ONE PIECE 航海王：黃金之心》的主視覺圖,2016年7月新番,1,0,"[{""title"": ""YourAnimes 連結"", ""url"": ""https://youranimes.tw/animes/1865""}]"
《食戟之靈 第二季：貳之皿》的主視覺圖,2016年7月新番,2,0,"[{""title"": ""YourAnimes 連結"", ""url"": ""https://youranimes.tw/animes/215""}]"
《路人超能100》的主視覺圖,2016年7月新番,1,0,"[{""title"": ""YourAnimes 連結"", ""url"": ""https://youranimes.tw/animes/528""}]"
《這個美術社大有問題！》的主視覺圖,2016年7月新番,1,0,"[{""title"": ""YourAnimes 連結"", ""url"": ""https://youranimes.tw/animes/355""}]"
《ReLIFE 重返17歲》的主視覺圖,2016年7月新番,1,0,"[{""title"": ""YourAnimes 連結"", ""url"": ""https://youranimes.tw/animes/118""}]"
《魔裝學園H×H》的主視覺圖,2016年7月新番,1,0,"[{""title"": ""YourAnimes 連結"", ""url"": ""https://youranimes.tw/animes/294""}]"
《Rewrite》的主視覺圖,2016年7月新番,1,0,"[{""title"": ""YourAnimes 連結"", ""url"": ""https://youranimes.tw/animes/727""}]"
《Fate/kaleid liner 魔法少女☆伊莉雅 第四季：3rei!!》的主視覺圖,2016年7月新番,4,0,"[{""title"": ""YourAnimes 連結"", ""url"": ""https://youranimes.tw/animes/1004""}]"
《藍海少女》的主視覺圖,2016年7月新番,1,0,"[{""title"": ""YourAnimes 連結"", ""url"": ""https://youranimes.tw/animes/688""}]"
《Thunderbolt Fantasy 東離劍遊紀》的主視覺圖,2016年7月新番,1,0,"[{""title"": ""YourAnimes 連結"", ""url"": ""https://youranimes.tw/animes/1021""}]"
《NEW GAME!》的主視覺圖,2016年7月新番,1,0,"[{""title"": ""YourAnimes 連結"", ""url"": ""https://youranimes.tw/animes/1025""}]"
《香蕉喵》的主視覺圖,2016年7月新番,1,0,"[{""title"": ""YourAnimes 連結"", ""url"": ""https://youranimes.tw/animes/1175""}]"
《Active Raid -機動強襲室第八組- 第二季》的主視覺圖,2016年7月新番,2,0,"[{""title"": ""YourAnimes 連結"", ""url"": ""https://youranimes.tw/animes/1307""}]"
《吸血鬼僕人》的主視覺圖,2016年7月新番,1,0,"[{""title"": ""YourAnimes 連結"", ""url"": ""https://youranimes.tw/animes/1341""}]"
《槍彈辯駁3 －The End of 希望峰學園－ 未來篇》的主視覺圖,2016年7月新番,1,0,"[{""title"": ""YourAnimes 連結"", ""url"": ""https://youranimes.tw/animes/1383""}]"
《槍彈辯駁3 －The End of 希望峰學園－ 絕望篇》的主視覺圖,2016年7月新番,1,0,"[{""title"": ""YourAnimes 連結"", ""url"": ""https://youranimes.tw/animes/1385""}]"
《發條精靈戰記 天鏡的極北之星》的主視覺圖,2016年7月新番,1,0,"[{""title"": ""YourAnimes 連結"", ""url"": ""https://youranimes.tw/animes/1366""}]"
《怪醫黑傑克 秘藏版》的主視覺圖,2016年7月新番,1,0,"[{""title"": ""YourAnimes 連結"", ""url"": ""https://youranimes.tw/animes/1423""}]"
《槍彈辯駁3 －The End of 希望峰學園－ 希望篇》的主視覺圖,2016年7月新番,1,0,"[{""title"": ""YourAnimes 連結"", ""url"": ""https://youranimes.tw/animes/1386""}]"
《男子啦啦隊!!》的主視覺圖,2016年7月新番,1,0,"[{""title"": ""YourAnimes 連結"", ""url"": ""https://youranimes.tw/animes/1848""}]"
《orange 橘色奇蹟》的主視覺圖,2016年7月新番,1,0,"[{""title"": ""YourAnimes 連結"", ""url"": ""https://youranimes.tw/animes/1793""}]"
《男子啦啦隊!!「七人所見的景色」》的主視覺圖,2016年7月新番,1,0,"[{""title"": ""YourAnimes 連結"", ""url"": ""https://youranimes.tw/animes/1849""}]"
《初戀怪獸》的主視覺圖,2016年7月新番,1,0,"[{""title"": ""YourAnimes 連結"", ""url"": ""https://youranimes.tw/animes/2026""}]"
《烏龍派出所特別篇 THE FINAL 兩津勘吉的最後一天》的主視覺圖,2016年7月新番,1,0,"[{""title"": ""YourAnimes 連結"", ""url"": ""https://youranimes.tw/animes/2165""}]"
《Love Live！Sunshine!!》的主視覺圖,2016年7月新番,1,0,"[{""title"": ""YourAnimes 連結"", ""url"": ""https://youranimes.tw/animes/2200""}]"
《SHOW BY ROCK!! Short!!》的主視覺圖,2016年7月新番,1,0,"[{""title"": ""YourAnimes 連結"", ""url"": ""https://youranimes.tw/animes/2325""}]"
《齊木楠雄的災難》的主視覺圖,2016年7月新番,1,0,"[{""title"": ""YourAnimes 連結"", ""url"": ""https://youranimes.tw/animes/2413""}]"
《美男高校地球防衛部LOVE！LOVE！》的主視覺圖,2016年7月新番,1,0,"[{""title"": ""YourAnimes 連結"", ""url"": ""https://youranimes.tw/animes/2423""}]"
《91天》的主視覺圖,2016年7月新番,1,0,"[{""title"": ""YourAnimes 連結"", ""url"": ""https://youranimes.tw/animes/2486""}]"
《DAYS》的主視覺圖,2016年7月新番,1,0,"[{""title"": ""YourAnimes 連結"", ""url"": ""https://youranimes.tw/animes/2455""}]"
《月歌。 THE ANIMATION》的主視覺圖,2016年7月新番,1,0,"[{""title"": ""YourAnimes 連結"", ""url"": ""https://youranimes.tw/animes/2583""}]"
《童話黑手黨 OZMAFIA!!》的主視覺圖,2016年7月新番,1,0,"[{""title"": ""YourAnimes 連結"", ""url"": ""https://youranimes.tw/animes/2890""}]"
《童話黑手黨 OZMAFIA!! 特別篇》的主視覺圖,2016年7月新番,1,0,"[{""title"": ""YourAnimes 連結"", ""url"": ""https://youranimes.tw/animes/2891""}]"
《烙印勇士 (2016)》的主視覺圖,2016年7月新番,1,0,"[{""title"": ""YourAnimes 連結"", ""url"": ""https://youranimes.tw/animes/3188""}]"
《鋼彈創鬥者TRY 島上熱戰》的主視覺圖,2016年7月新番,1,0,"[{""title"": ""YourAnimes 連結"", ""url"": ""https://youranimes.tw/animes/3671""}]"
《雷加利亞三聖星》的主視覺圖,2016年7月新番,1,0,"[{""title"": ""YourAnimes 連結"", ""url"": ""https://youranimes.tw/animes/3854""}]"
《B-PROJECT〜鼓動＊Ambitious〜》的主視覺圖,2016年7月新番,1,0,"[{""title"": ""YourAnimes 連結"", ""url"": ""https://youranimes.tw/animes/4002""}]"
《野球少年》的主視覺圖,2016年7月新番,1,0,"[{""title"": ""YourAnimes 連結"", ""url"": ""https://youranimes.tw/animes/4481""}]"
《腐男子高校生活》的主視覺圖,2016年7月新番,1,0,"[{""title"": ""YourAnimes 連結"", ""url"": ""https://youranimes.tw/animes/4661""}]"
《魔法少女?Naria☆Girls》的主視覺圖,2016年7月新番,1,0,"[{""title"": ""YourAnimes 連結"", ""url"": ""https://youranimes.tw/animes/4663""}]"
《Qualidea Code 心靈代碼》的主視覺圖,2016年7月新番,1,0,"[{""title"": ""YourAnimes 連結"", ""url"": ""https://youranimes.tw/animes/4664""}]"
《熱情傳奇 the X》的主視覺圖,2016年7月新番,1,0,"[{""title"": ""YourAnimes 連結"", ""url"": ""https://youranimes.tw/animes/4704""}]"
《半田君傳說》的主視覺圖,2016年7月新番,1,0,"[{""title"": ""YourAnimes 連結"", ""url"": ""https://youranimes.tw/animes/5674""}]"
《TABOO TATTOO －禁忌咒紋－》的主視覺圖,2016年7月新番,1,0,"[{""title"": ""YourAnimes 連結"", ""url"": ""https://youranimes.tw/animes/6016""}]"
《巴哈姆特之怒 GENESIS Short Story》的主視覺圖,2016年10月新番,1,0,"[{""title"": ""YourAnimes 連結"", ""url"": ""https://youranimes.tw/animes/1272""}]"
《殺老師Q！》的主視覺圖,2016年10月新番,1,0,"[{""title"": ""YourAnimes 連結"", ""url"": ""https://youranimes.tw/animes/1288""}]"
《偶像大師 灰姑娘女孩 5週年紀念短篇動畫》的主視覺圖,2016年10月新番,1,0,"[{""title"": ""YourAnimes 連結"", ""url"": ""https://youranimes.tw/animes/1911""}]"
《怪物彈珠 Rain of memories》的主視覺圖,2016年10月新番,1,0,"[{""title"": ""YourAnimes 連結"", ""url"": ""https://youranimes.tw/animes/2544""}]"
《星期一的豐滿》的主視覺圖,2016年10月新番,1,0,"[{""title"": ""YourAnimes 連結"", ""url"": ""https://youranimes.tw/animes/2854""}]"
《人造人009：正義召喚》的主視覺圖,2016年10月新番,1,0,"[{""title"": ""YourAnimes 連結"", ""url"": ""https://youranimes.tw/animes/3004""}]"
《蠟筆小新外傳：玩具大戰》的主視覺圖,2016年10月新番,1,0,"[{""title"": ""YourAnimes 連結"", ""url"": ""https://youranimes.tw/animes/4490""}]"
"《名偵探柯南 Episode""ONE"" 變小的名偵探》的主視覺圖",2016年10月新番,1,0,"[{""title"": ""YourAnimes 連結"", ""url"": ""https://youranimes.tw/animes/2278""}]"
《Fate/Grand Order -First Order-》的主視覺圖,2016年10月新番,1,0,"[{""title"": ""YourAnimes 連結"", ""url"": ""https://youranimes.tw/animes/4674""}]"
《3月的獅子》的主視覺圖,2016年10月新番,1,0,"[{""title"": ""YourAnimes 連結"", ""url"": ""https://youranimes.tw/animes/449""}]"
《吹響吧！上低音號2》的主視覺圖,2016年10月新番,1,0,"[{""title"": ""YourAnimes 連結"", ""url"": ""https://youranimes.tw/animes/746""}]"
《斯特拉的魔法》的主視覺圖,2016年10月新番,1,0,"[{""title"": ""YourAnimes 連結"", ""url"": ""https://youranimes.tw/animes/759""}]"
《終末的伊澤塔》的主視覺圖,2016年10月新番,1,0,"[{""title"": ""YourAnimes 連結"", ""url"": ""https://youranimes.tw/animes/768""}]"
《ClassicaLoid》的主視覺圖,2016年10月新番,1,0,"[{""title"": ""YourAnimes 連結"", ""url"": ""https://youranimes.tw/animes/786""}]"
《YURI!!! on ICE》的主視覺圖,2016年10月新番,1,0,"[{""title"": ""YourAnimes 連結"", ""url"": ""https://youranimes.tw/animes/1061""}]"
《WWW.WORKING!! 迷糊餐廳》的主視覺圖,2016年10月新番,1,0,"[{""title"": ""YourAnimes 連結"", ""url"": ""https://youranimes.tw/animes/1164""}]"
《無畏魔女》的主視覺圖,2016年10月新番,1,0,"[{""title"": ""YourAnimes 連結"", ""url"": ""https://youranimes.tw/animes/1190""}]"
《神裝少女小纏》的主視覺圖,2016年10月新番,1,0,"[{""title"": ""YourAnimes 連結"", ""url"": ""https://youranimes.tw/animes/1215""}]"
《長騎美眉》的主視覺圖,2016年10月新番,1,0,"[{""title"": ""YourAnimes 連結"", ""url"": ""https://youranimes.tw/animes/1216""}]"
《黑白來看守所》的主視覺圖,2016年10月新番,1,0,"[{""title"": ""YourAnimes 連結"", ""url"": ""https://youranimes.tw/animes/1251""}]"
《歌之☆王子殿下♪ 真愛 Legend Star》的主視覺圖,2016年10月新番,1,0,"[{""title"": ""YourAnimes 連結"", ""url"": ""https://youranimes.tw/animes/1339""}]"
《夏目友人帳 第五季》的主視覺圖,2016年10月新番,5,0,"[{""title"": ""YourAnimes 連結"", ""url"": ""https://youranimes.tw/animes/1395""}]"
《失憶煽動 WIXOSS》的主視覺圖,2016年10月新番,1,0,"[{""title"": ""YourAnimes 連結"", ""url"": ""https://youranimes.tw/animes/1887""}]"
《排球少年!! 第三季：烏野高中 VS 白鳥澤學園高中》的主視覺圖,2016年10月新番,3,0,"[{""title"": ""YourAnimes 連結"", ""url"": ""https://youranimes.tw/animes/1830""}]"
《ALL OUT!!》的主視覺圖,2016年10月新番,1,0,"[{""title"": ""YourAnimes 連結"", ""url"": ""https://youranimes.tw/animes/1951""}]"
《輕拍翻轉小魔女》的主視覺圖,2016年10月新番,1,0,"[{""title"": ""YourAnimes 連結"", ""url"": ""https://youranimes.tw/animes/1952""}]"
《競女!!!!!!!!》的主視覺圖,2016年10月新番,1,0,"[{""title"": ""YourAnimes 連結"", ""url"": ""https://youranimes.tw/animes/2348""}]"
《文豪Stray Dogs 第二季》的主視覺圖,2016年10月新番,2,0,"[{""title"": ""YourAnimes 連結"", ""url"": ""https://youranimes.tw/animes/2285""}]"
《我太受歡迎了，該怎麼辦？》的主視覺圖,2016年10月新番,1,0,"[{""title"": ""YourAnimes 連結"", ""url"": ""https://youranimes.tw/animes/2321""}]"
《SHOW BY ROCK!! 第二季》的主視覺圖,2016年10月新番,2,0,"[{""title"": ""YourAnimes 連結"", ""url"": ""https://youranimes.tw/animes/2324""}]"
《寶可夢 太陽&月亮》的主視覺圖,2016年10月新番,1,0,"[{""title"": ""YourAnimes 連結"", ""url"": ""https://youranimes.tw/animes/2390""}]"
《ViVid Strike!》的主視覺圖,2016年10月新番,1,0,"[{""title"": ""YourAnimes 連結"", ""url"": ""https://youranimes.tw/animes/2369""}]"
《寶可夢 XY&Z 特別篇》的主視覺圖,2016年10月新番,1,0,"[{""title"": ""YourAnimes 連結"", ""url"": ""https://youranimes.tw/animes/2389""}]"
《12歲。～小小的怦然心動～ 第二季》的主視覺圖,2016年10月新番,2,0,"[{""title"": ""YourAnimes 連結"", ""url"": ""https://youranimes.tw/animes/2444""}]"
《奇奇冒險日記 ポンポンらー大冒険》的主視覺圖,2016年10月新番,1,0,"[{""title"": ""YourAnimes 連結"", ""url"": ""https://youranimes.tw/animes/2902""}]"
《刀劍亂舞 -花丸-》的主視覺圖,2016年10月新番,1,0,"[{""title"": ""YourAnimes 連結"", ""url"": ""https://youranimes.tw/animes/2786""}]"
《戰國鳥獸戲畫～甲～》的主視覺圖,2016年10月新番,1,0,"[{""title"": ""YourAnimes 連結"", ""url"": ""https://youranimes.tw/animes/2935""}]"
《湯瑪與他的朋友們》的主視覺圖,2016年10月新番,1,0,"[{""title"": ""YourAnimes 連結"", ""url"": ""https://youranimes.tw/animes/3019""}]"
《奇異太郎少年的妖怪畫日記》的主視覺圖,2016年10月新番,1,0,"[{""title"": ""YourAnimes 連結"", ""url"": ""https://youranimes.tw/animes/2937""}]"
《亞人 後半部》的主視覺圖,2016年10月新番,1,0,"[{""title"": ""YourAnimes 連結"", ""url"": ""https://youranimes.tw/animes/3511""}]"
《喵阿楞！》的主視覺圖,2016年10月新番,1,0,"[{""title"": ""YourAnimes 連結"", ""url"": ""https://youranimes.tw/animes/3431""}]"
《機動戰士鋼彈 鐵血孤兒 第二季》的主視覺圖,2016年10月新番,2,0,"[{""title"": ""YourAnimes 連結"", ""url"": ""https://youranimes.tw/animes/3456""}]"
《魔法少女育成計畫》的主視覺圖,2016年10月新番,1,0,"[{""title"": ""YourAnimes 連結"", ""url"": ""https://youranimes.tw/animes/4109""}]"
《少女編號》的主視覺圖,2016年10月新番,1,0,"[{""title"": ""YourAnimes 連結"", ""url"": ""https://youranimes.tw/animes/4248""}]"
《啟航吧！編舟計畫》的主視覺圖,2016年10月新番,1,0,"[{""title"": ""YourAnimes 連結"", ""url"": ""https://youranimes.tw/animes/4479""}]"
《庭球社 第八季》的主視覺圖,2016年10月新番,8,0,"[{""title"": ""YourAnimes 連結"", ""url"": ""https://youranimes.tw/animes/4602""}]"
《雨色可可 in Hawaii》的主視覺圖,2016年10月新番,1,0,"[{""title"": ""YourAnimes 連結"", ""url"": ""https://youranimes.tw/animes/4612""}]"
《魔法少女什麼的已經夠了啦。第二季》的主視覺圖,2016年10月新番,2,0,"[{""title"": ""YourAnimes 連結"", ""url"": ""https://youranimes.tw/animes/4631""}]"
《星夢手記》的主視覺圖,2016年10月新番,1,0,"[{""title"": ""YourAnimes 連結"", ""url"": ""https://youranimes.tw/animes/4667""}]"
《伯納德小姐說》的主視覺圖,2016年10月新番,1,0,"[{""title"": ""YourAnimes 連結"", ""url"": ""https://youranimes.tw/animes/4668""}]"
《鋼鐵交響樂》的主視覺圖,2016年10月新番,1,0,"[{""title"": ""YourAnimes 連結"", ""url"": ""https://youranimes.tw/animes/4670""}]"
《學園帥哥》的主視覺圖,2016年10月新番,1,0,"[{""title"": ""YourAnimes 連結"", ""url"": ""https://youranimes.tw/animes/4672""}]"
《DRIFTERS 漂流武士》的主視覺圖,2016年10月新番,1,0,"[{""title"": ""YourAnimes 連結"", ""url"": ""https://youranimes.tw/animes/4742""}]"
《魔物獵人物語 RIDE ON》的主視覺圖,2016年10月新番,1,0,"[{""title"": ""YourAnimes 連結"", ""url"": ""https://youranimes.tw/animes/4798""}]"
《怪盜喬克 第四季》的主視覺圖,2016年10月新番,4,0,"[{""title"": ""YourAnimes 連結"", ""url"": ""https://youranimes.tw/animes/4838""}]"
《老虎假面W》的主視覺圖,2016年10月新番,1,0,"[{""title"": ""YourAnimes 連結"", ""url"": ""https://youranimes.tw/animes/4866""}]"
《我老婆是學生會長！+！》的主視覺圖,2016年10月新番,1,0,"[{""title"": ""YourAnimes 連結"", ""url"": ""https://youranimes.tw/animes/5135""}]"
《Bloodivores 時空使徒》的主視覺圖,2016年10月新番,1,0,"[{""title"": ""YourAnimes 連結"", ""url"": ""https://youranimes.tw/animes/5170""}]"
《NAZMA DELIVERY》的主視覺圖,2016年10月新番,1,0,"[{""title"": ""YourAnimes 連結"", ""url"": ""https://youranimes.tw/animes/5198""}]"
《黑白來看守所（第二季）》的主視覺圖,2017年1月新番,2,0,"[{""title"": ""YourAnimes 連結"", ""url"": ""https://youranimes.tw/animes/1252""}]"
《夢王國與沉睡中的100位王子殿下 Short》的主視覺圖,2017年1月新番,1,0,"[{""title"": ""YourAnimes 連結"", ""url"": ""https://youranimes.tw/animes/1323""}]"
《蠟筆小新外傳：帶家之狼》的主視覺圖,2017年1月新番,1,0,"[{""title"": ""YourAnimes 連結"", ""url"": ""https://youranimes.tw/animes/4492""}]"
《磯部磯兵衛物語 第二季》的主視覺圖,2017年1月新番,2,0,"[{""title"": ""YourAnimes 連結"", ""url"": ""https://youranimes.tw/animes/4623""}]"
《怪物彈珠「渇望の果ての理想郷」》的主視覺圖,2017年1月新番,1,0,"[{""title"": ""YourAnimes 連結"", ""url"": ""https://youranimes.tw/animes/5144""}]"
《うぇいくあっぷがーるZOO！ 台湾でGO！》的主視覺圖,2017年1月新番,1,0,"[{""title"": ""YourAnimes 連結"", ""url"": ""https://youranimes.tw/animes/5541""}]"
《動物朋友》的主視覺圖,2017年1月新番,1,0,"[{""title"": ""YourAnimes 連結"", ""url"": ""https://youranimes.tw/animes/533""}]"
《舌尖上的義大利》的主視覺圖,2017年1月新番,1,0,"[{""title"": ""YourAnimes 連結"", ""url"": ""https://youranimes.tw/animes/285""}]"
《為美好的世界獻上祝福！2》的主視覺圖,2017年1月新番,1,0,"[{""title"": ""YourAnimes 連結"", ""url"": ""https://youranimes.tw/animes/8""}]"
《青之驅魔師 京都不淨王篇》的主視覺圖,2017年1月新番,1,0,"[{""title"": ""YourAnimes 連結"", ""url"": ""https://youranimes.tw/animes/386""}]"
《Rewrite 第二季》的主視覺圖,2017年1月新番,2,0,"[{""title"": ""YourAnimes 連結"", ""url"": ""https://youranimes.tw/animes/728""}]"
《超級戀人 2》的主視覺圖,2017年1月新番,1,0,"[{""title"": ""YourAnimes 連結"", ""url"": ""https://youranimes.tw/animes/870""}]"
《南鎌倉高校女子自行車社》的主視覺圖,2017年1月新番,1,0,"[{""title"": ""YourAnimes 連結"", ""url"": ""https://youranimes.tw/animes/876""}]"
《風夏》的主視覺圖,2017年1月新番,1,0,"[{""title"": ""YourAnimes 連結"", ""url"": ""https://youranimes.tw/animes/885""}]"
《幼女戰記》的主視覺圖,2017年1月新番,1,0,"[{""title"": ""YourAnimes 連結"", ""url"": ""https://youranimes.tw/animes/886""}]"
《政宗君的復仇》的主視覺圖,2017年1月新番,1,0,"[{""title"": ""YourAnimes 連結"", ""url"": ""https://youranimes.tw/animes/907""}]"
《MARGINAL#4 從 KISS 開始創造的 Big Bang》的主視覺圖,2017年1月新番,1,0,"[{""title"": ""YourAnimes 連結"", ""url"": ""https://youranimes.tw/animes/861""}]"
《Hand Shakers》的主視覺圖,2017年1月新番,1,0,"[{""title"": ""YourAnimes 連結"", ""url"": ""https://youranimes.tw/animes/873""}]"
《ACCA13區監察課》的主視覺圖,2017年1月新番,1,0,"[{""title"": ""YourAnimes 連結"", ""url"": ""https://youranimes.tw/animes/875""}]"
《亞人醬有話要說》的主視覺圖,2017年1月新番,1,0,"[{""title"": ""YourAnimes 連結"", ""url"": ""https://youranimes.tw/animes/878""}]"
《昭和元祿落語心中 -助六再現篇-》的主視覺圖,2017年1月新番,1,0,"[{""title"": ""YourAnimes 連結"", ""url"": ""https://youranimes.tw/animes/1020""}]"
《小林家的龍女僕》的主視覺圖,2017年1月新番,1,0,"[{""title"": ""YourAnimes 連結"", ""url"": ""https://youranimes.tw/animes/1105""}]"
《龍的牙醫》的主視覺圖,2017年1月新番,1,0,"[{""title"": ""YourAnimes 連結"", ""url"": ""https://youranimes.tw/animes/1134""}]"
《鎖鏈戰記～赫克瑟塔斯之光～》的主視覺圖,2017年1月新番,1,0,"[{""title"": ""YourAnimes 連結"", ""url"": ""https://youranimes.tw/animes/1302""}]"
《BanG Dream！》的主視覺圖,2017年1月新番,1,0,"[{""title"": ""YourAnimes 連結"", ""url"": ""https://youranimes.tw/animes/1247""}]"
《鎖鏈戰記～赫克瑟塔斯之光～「ちぇいん黒にくる!!」》的主視覺圖,2017年1月新番,1,0,"[{""title"": ""YourAnimes 連結"", ""url"": ""https://youranimes.tw/animes/1303""}]"
《人渣的本願》的主視覺圖,2017年1月新番,1,0,"[{""title"": ""YourAnimes 連結"", ""url"": ""https://youranimes.tw/animes/1501""}]"
《飆速宅男 第三季：NEW GENERATION》的主視覺圖,2017年1月新番,3,0,"[{""title"": ""YourAnimes 連結"", ""url"": ""https://youranimes.tw/animes/1772""}]"
《闇芝居 第四季》的主視覺圖,2017年1月新番,4,0,"[{""title"": ""YourAnimes 連結"", ""url"": ""https://youranimes.tw/animes/1736""}]"
《CHAOS;CHILD 混沌之子》的主視覺圖,2017年1月新番,1,0,"[{""title"": ""YourAnimes 連結"", ""url"": ""https://youranimes.tw/animes/2453""}]"
《銀魂. 烙陽決戰篇》的主視覺圖,2017年1月新番,1,0,"[{""title"": ""YourAnimes 連結"", ""url"": ""https://youranimes.tw/animes/2977""}]"
《忍者哈特利 (2012) 第四季》的主視覺圖,2017年1月新番,4,0,"[{""title"": ""YourAnimes 連結"", ""url"": ""https://youranimes.tw/animes/3251""}]"
《小魔女學園》的主視覺圖,2017年1月新番,1,0,"[{""title"": ""YourAnimes 連結"", ""url"": ""https://youranimes.tw/animes/3464""}]"
《烏菈菈迷路帖》的主視覺圖,2017年1月新番,1,0,"[{""title"": ""YourAnimes 連結"", ""url"": ""https://youranimes.tw/animes/4443""}]"
《伯納德小姐說「おふろ読書」》的主視覺圖,2017年1月新番,1,0,"[{""title"": ""YourAnimes 連結"", ""url"": ""https://youranimes.tw/animes/4669""}]"
《偶像選舉》的主視覺圖,2017年1月新番,1,0,"[{""title"": ""YourAnimes 連結"", ""url"": ""https://youranimes.tw/animes/4682""}]"
《熱情傳奇 the X 第二季》的主視覺圖,2017年1月新番,2,0,"[{""title"": ""YourAnimes 連結"", ""url"": ""https://youranimes.tw/animes/4705""}]"
《One Room》的主視覺圖,2017年1月新番,1,0,"[{""title"": ""YourAnimes 連結"", ""url"": ""https://youranimes.tw/animes/4750""}]"
《廢天使加百列》的主視覺圖,2017年1月新番,1,0,"[{""title"": ""YourAnimes 連結"", ""url"": ""https://youranimes.tw/animes/4910""}]"
《光之美少女：食尚甜心》的主視覺圖,2017年1月新番,1,0,"[{""title"": ""YourAnimes 連結"", ""url"": ""https://youranimes.tw/animes/4949""}]"
《ちょぼらうにょぽみ劇場第三幕 あいまいみー 〜Surgical Friends〜》的主視覺圖,2017年1月新番,1,0,"[{""title"": ""YourAnimes 連結"", ""url"": ""https://youranimes.tw/animes/5163""}]"
《未來卡片 戰鬥夥伴X》的主視覺圖,2017年1月新番,1,0,"[{""title"": ""YourAnimes 連結"", ""url"": ""https://youranimes.tw/animes/5188""}]"
《忍者亂太郎 第25季》的主視覺圖,2017年4月新番,25,0,"[{""title"": ""YourAnimes 連結"", ""url"": ""https://youranimes.tw/animes/6384""}]"
《夢幻慶典 第二季》的主視覺圖,2017年4月新番,2,0,"[{""title"": ""YourAnimes 連結"", ""url"": ""https://youranimes.tw/animes/843""}]"
《灰姑娘女孩劇場 週二灰姑娘劇場》的主視覺圖,2017年4月新番,1,0,"[{""title"": ""YourAnimes 連結"", ""url"": ""https://youranimes.tw/animes/1913""}]"
《sin 七大罪「懺悔錄」》的主視覺圖,2017年4月新番,1,0,"[{""title"": ""YourAnimes 連結"", ""url"": ""https://youranimes.tw/animes/2670""}]"
《不起眼女主角培育法 「戀愛與純情的殺必死回」》的主視覺圖,2017年4月新番,1,0,"[{""title"": ""YourAnimes 連結"", ""url"": ""https://youranimes.tw/animes/2959""}]"
《Quiz!! ID-0》的主視覺圖,2017年4月新番,1,0,"[{""title"": ""YourAnimes 連結"", ""url"": ""https://youranimes.tw/animes/3531""}]"
《蠟筆小新外傳：妖怪與新之助》的主視覺圖,2017年4月新番,1,0,"[{""title"": ""YourAnimes 連結"", ""url"": ""https://youranimes.tw/animes/4493""}]"
《怪物彈珠 第二季》的主視覺圖,2017年4月新番,2,0,"[{""title"": ""YourAnimes 連結"", ""url"": ""https://youranimes.tw/animes/5145""}]"
《モンソニ! ダルタニャンのアイドル宣言》的主視覺圖,2017年4月新番,1,0,"[{""title"": ""YourAnimes 連結"", ""url"": ""https://youranimes.tw/animes/5155""}]"
《モンソニ！「センリツのルシファー ただひとつの始まりの歌」》的主視覺圖,2017年4月新番,1,0,"[{""title"": ""YourAnimes 連結"", ""url"": ""https://youranimes.tw/animes/5156""}]"
《末日時在做什麼？有沒有空？可以來拯救嗎？》的主視覺圖,2017年4月新番,1,0,"[{""title"": ""YourAnimes 連結"", ""url"": ""https://youranimes.tw/animes/298""}]"
《重啟咲良田》的主視覺圖,2017年4月新番,1,0,"[{""title"": ""YourAnimes 連結"", ""url"": ""https://youranimes.tw/animes/128""}]"
《怪怪守護神》的主視覺圖,2017年4月新番,1,0,"[{""title"": ""YourAnimes 連結"", ""url"": ""https://youranimes.tw/animes/581""}]"
《情色漫畫老師》的主視覺圖,2017年4月新番,1,0,"[{""title"": ""YourAnimes 連結"", ""url"": ""https://youranimes.tw/animes/106""}]"
《偶像學園Stars！ 第二季》的主視覺圖,2017年4月新番,2,0,"[{""title"": ""YourAnimes 連結"", ""url"": ""https://youranimes.tw/animes/562""}]"
《戰鬥陀螺 爆烈世代 神》的主視覺圖,2017年4月新番,1,0,"[{""title"": ""YourAnimes 連結"", ""url"": ""https://youranimes.tw/animes/647""}]"
《愛麗絲與藏六》的主視覺圖,2017年4月新番,1,0,"[{""title"": ""YourAnimes 連結"", ""url"": ""https://youranimes.tw/animes/776""}]"
《機甲少女 Frame Arms Girl》的主視覺圖,2017年4月新番,1,0,"[{""title"": ""YourAnimes 連結"", ""url"": ""https://youranimes.tw/animes/856""}]"
《我的英雄學院 第二季》的主視覺圖,2017年4月新番,2,0,"[{""title"": ""YourAnimes 連結"", ""url"": ""https://youranimes.tw/animes/669""}]"
《雛子的筆記》的主視覺圖,2017年4月新番,1,0,"[{""title"": ""YourAnimes 連結"", ""url"": ""https://youranimes.tw/animes/847""}]"
《快盜天使雙胞胎 BREAK》的主視覺圖,2017年4月新番,1,0,"[{""title"": ""YourAnimes 連結"", ""url"": ""https://youranimes.tw/animes/851""}]"
《戀愛暴君》的主視覺圖,2017年4月新番,1,0,"[{""title"": ""YourAnimes 連結"", ""url"": ""https://youranimes.tw/animes/694""}]"
《覆面系 NOISE》的主視覺圖,2017年4月新番,1,0,"[{""title"": ""YourAnimes 連結"", ""url"": ""https://youranimes.tw/animes/769""}]"
《進擊的巨人 第二季》的主視覺圖,2017年4月新番,2,0,"[{""title"": ""YourAnimes 連結"", ""url"": ""https://youranimes.tw/animes/827""}]"
《武裝少女 Machiavellism》的主視覺圖,2017年4月新番,1,0,"[{""title"": ""YourAnimes 連結"", ""url"": ""https://youranimes.tw/animes/854""}]"
《王室教師海涅》的主視覺圖,2017年4月新番,1,0,"[{""title"": ""YourAnimes 連結"", ""url"": ""https://youranimes.tw/animes/858""}]"
《不正經的魔術講師與禁忌教典》的主視覺圖,2017年4月新番,1,0,"[{""title"": ""YourAnimes 連結"", ""url"": ""https://youranimes.tw/animes/906""}]"
《在地下城尋求邂逅是否搞錯了什麼外傳 劍姬神聖譚》的主視覺圖,2017年4月新番,1,0,"[{""title"": ""YourAnimes 連結"", ""url"": ""https://youranimes.tw/animes/1155""}]"
《高校星歌劇 第二季》的主視覺圖,2017年4月新番,2,0,"[{""title"": ""YourAnimes 連結"", ""url"": ""https://youranimes.tw/animes/1127""}]"
《高校星歌劇 第二季特別篇》的主視覺圖,2017年4月新番,2,0,"[{""title"": ""YourAnimes 連結"", ""url"": ""https://youranimes.tw/animes/1128""}]"
《巴哈姆特之怒 VIRGIN SOUL》的主視覺圖,2017年4月新番,1,0,"[{""title"": ""YourAnimes 連結"", ""url"": ""https://youranimes.tw/animes/1273""}]"
《夏目友人帳 第六季》的主視覺圖,2017年4月新番,6,0,"[{""title"": ""YourAnimes 連結"", ""url"": ""https://youranimes.tw/animes/1397""}]"
《灰姑娘女孩劇場》的主視覺圖,2017年4月新番,1,0,"[{""title"": ""YourAnimes 連結"", ""url"": ""https://youranimes.tw/animes/1912""}]"
《櫻花任務》的主視覺圖,2017年4月新番,1,0,"[{""title"": ""YourAnimes 連結"", ""url"": ""https://youranimes.tw/animes/1740""}]"
《少年阿貝 GO! GO! 小芝麻 第二季》的主視覺圖,2017年4月新番,2,0,"[{""title"": ""YourAnimes 連結"", ""url"": ""https://youranimes.tw/animes/2103""}]"
《喵的咧～貓咪戲說日本史 第二季》的主視覺圖,2017年4月新番,2,0,"[{""title"": ""YourAnimes 連結"", ""url"": ""https://youranimes.tw/animes/2258""}]"
《慕留人-火影忍者新世代-》的主視覺圖,2017年4月新番,1,0,"[{""title"": ""YourAnimes 連結"", ""url"": ""https://youranimes.tw/animes/2266""}]"
《偶像時間星光樂園》的主視覺圖,2017年4月新番,1,0,"[{""title"": ""YourAnimes 連結"", ""url"": ""https://youranimes.tw/animes/2337""}]"
《境界之Rinne 第三季》的主視覺圖,2017年4月新番,3,0,"[{""title"": ""YourAnimes 連結"", ""url"": ""https://youranimes.tw/animes/2301""}]"
《卡爾邦尼亞大飯店》的主視覺圖,2017年4月新番,1,0,"[{""title"": ""YourAnimes 連結"", ""url"": ""https://youranimes.tw/animes/2363""}]"
《碧藍幻想》的主視覺圖,2017年4月新番,1,0,"[{""title"": ""YourAnimes 連結"", ""url"": ""https://youranimes.tw/animes/2553""}]"
《sin 七大罪 總集篇》的主視覺圖,2017年4月新番,1,0,"[{""title"": ""YourAnimes 連結"", ""url"": ""https://youranimes.tw/animes/2669""}]"
《sin 七大罪》的主視覺圖,2017年4月新番,1,0,"[{""title"": ""YourAnimes 連結"", ""url"": ""https://youranimes.tw/animes/2668""}]"
《不起眼女主角培育法 第二季》的主視覺圖,2017年4月新番,2,0,"[{""title"": ""YourAnimes 連結"", ""url"": ""https://youranimes.tw/animes/2960""}]"
《戰國鳥獸戲畫～乙～》的主視覺圖,2017年4月新番,1,0,"[{""title"": ""YourAnimes 連結"", ""url"": ""https://youranimes.tw/animes/2936""}]"
《從零開始的魔法書》的主視覺圖,2017年4月新番,1,0,"[{""title"": ""YourAnimes 連結"", ""url"": ""https://youranimes.tw/animes/3029""}]"
《酷哥》的主視覺圖,2017年4月新番,1,0,"[{""title"": ""YourAnimes 連結"", ""url"": ""https://youranimes.tw/animes/3103""}]"
《烙印勇士 第二季 (2016)》的主視覺圖,2017年4月新番,2,0,"[{""title"": ""YourAnimes 連結"", ""url"": ""https://youranimes.tw/animes/3190""}]"
《烙印勇士 魔女的追想 (2016)》的主視覺圖,2017年4月新番,1,0,"[{""title"": ""YourAnimes 連結"", ""url"": ""https://youranimes.tw/animes/3191""}]"
《與僧侶交合的色慾之夜》的主視覺圖,2017年4月新番,1,0,"[{""title"": ""YourAnimes 連結"", ""url"": ""https://youranimes.tw/animes/3382""}]"
《遊戲王VRAINS》的主視覺圖,2017年4月新番,1,0,"[{""title"": ""YourAnimes 連結"", ""url"": ""https://youranimes.tw/animes/3282""}]"
《ID-0》的主視覺圖,2017年4月新番,1,0,"[{""title"": ""YourAnimes 連結"", ""url"": ""https://youranimes.tw/animes/3530""}]"
《Re:CREATORS》的主視覺圖,2017年4月新番,1,0,"[{""title"": ""YourAnimes 連結"", ""url"": ""https://youranimes.tw/animes/3631""}]"
《有頂天家族2》的主視覺圖,2017年4月新番,1,0,"[{""title"": ""YourAnimes 連結"", ""url"": ""https://youranimes.tw/animes/4029""}]"
《原子小金剛 起始》的主視覺圖,2017年4月新番,1,0,"[{""title"": ""YourAnimes 連結"", ""url"": ""https://youranimes.tw/animes/4254""}]"
《時鐘機關之星》的主視覺圖,2017年4月新番,1,0,"[{""title"": ""YourAnimes 連結"", ""url"": ""https://youranimes.tw/animes/4315""}]"
《World Fool News Part II》的主視覺圖,2017年4月新番,1,0,"[{""title"": ""YourAnimes 連結"", ""url"": ""https://youranimes.tw/animes/4684""}]"
《Room Mate》的主視覺圖,2017年4月新番,1,0,"[{""title"": ""YourAnimes 連結"", ""url"": ""https://youranimes.tw/animes/4754""}]"
《不要輸！！惡之軍團！》的主視覺圖,2017年4月新番,1,0,"[{""title"": ""YourAnimes 連結"", ""url"": ""https://youranimes.tw/animes/4791""}]"
《青春歌舞伎》的主視覺圖,2017年4月新番,1,0,"[{""title"": ""YourAnimes 連結"", ""url"": ""https://youranimes.tw/animes/4792""}]"
《多羅羅 （2019）》的主視覺圖,2017年4月新番,1,0,"[{""title"": ""YourAnimes 連結"", ""url"": ""https://youranimes.tw/animes/4496""}]"
《將國戡亂記》的主視覺圖,2017年7月新番,1,0,"[{""title"": ""YourAnimes 連結"", ""url"": ""https://youranimes.tw/animes/5356""}]"
《鋼彈創鬥者 GM的逆襲》的主視覺圖,2017年7月新番,1,0,"[{""title"": ""YourAnimes 連結"", ""url"": ""https://youranimes.tw/animes/3668""}]"
《鋼彈創鬥者 對戰風雲錄》的主視覺圖,2017年7月新番,1,0,"[{""title"": ""YourAnimes 連結"", ""url"": ""https://youranimes.tw/animes/3669""}]"
《海豹小白》的主視覺圖,2017年7月新番,1,0,"[{""title"": ""YourAnimes 連結"", ""url"": ""https://youranimes.tw/animes/4477""}]"
《ONE PIECE 航海王：東方藍篇～魯夫與四名夥伴的大冒險～》的主視覺圖,2017年7月新番,1,0,"[{""title"": ""YourAnimes 連結"", ""url"": ""https://youranimes.tw/animes/1866""}]"
《終物語 第二季》的主視覺圖,2017年7月新番,2,0,"[{""title"": ""YourAnimes 連結"", ""url"": ""https://youranimes.tw/animes/2448""}]"
《歡迎來到實力至上主義的教室》的主視覺圖,2017年7月新番,1,0,"[{""title"": ""YourAnimes 連結"", ""url"": ""https://youranimes.tw/animes/293""}]"
《異世界食堂》的主視覺圖,2017年7月新番,1,0,"[{""title"": ""YourAnimes 連結"", ""url"": ""https://youranimes.tw/animes/351""}]"
《辣妹與我的第一次》的主視覺圖,2017年7月新番,1,0,"[{""title"": ""YourAnimes 連結"", ""url"": ""https://youranimes.tw/animes/77""}]"
《來自深淵》的主視覺圖,2017年7月新番,1,0,"[{""title"": ""YourAnimes 連結"", ""url"": ""https://youranimes.tw/animes/72""}]"
《時間支配者》的主視覺圖,2017年7月新番,1,0,"[{""title"": ""YourAnimes 連結"", ""url"": ""https://youranimes.tw/animes/711""}]"
《單蠢女孩》的主視覺圖,2017年7月新番,1,0,"[{""title"": ""YourAnimes 連結"", ""url"": ""https://youranimes.tw/animes/713""}]"
《徒然喜歡你》的主視覺圖,2017年7月新番,1,0,"[{""title"": ""YourAnimes 連結"", ""url"": ""https://youranimes.tw/animes/714""}]"
《戀愛與謊言》的主視覺圖,2017年7月新番,1,0,"[{""title"": ""YourAnimes 連結"", ""url"": ""https://youranimes.tw/animes/770""}]"
《Hina Logic》的主視覺圖,2017年7月新番,1,0,"[{""title"": ""YourAnimes 連結"", ""url"": ""https://youranimes.tw/animes/774""}]"
《獨占我的英雄》的主視覺圖,2017年7月新番,1,0,"[{""title"": ""YourAnimes 連結"", ""url"": ""https://youranimes.tw/animes/844""}]"
《Princess Principal》的主視覺圖,2017年7月新番,1,0,"[{""title"": ""YourAnimes 連結"", ""url"": ""https://youranimes.tw/animes/1008""}]"
《NEW GAME!!》的主視覺圖,2017年7月新番,1,0,"[{""title"": ""YourAnimes 連結"", ""url"": ""https://youranimes.tw/animes/1027""}]"
《梵諦岡奇蹟調查官》的主視覺圖,2017年7月新番,1,0,"[{""title"": ""YourAnimes 連結"", ""url"": ""https://youranimes.tw/animes/1115""}]"
《地獄少女 宵伽》的主視覺圖,2017年7月新番,1,0,"[{""title"": ""YourAnimes 連結"", ""url"": ""https://youranimes.tw/animes/1138""}]"
《闇芝居 第五季》的主視覺圖,2017年7月新番,5,0,"[{""title"": ""YourAnimes 連結"", ""url"": ""https://youranimes.tw/animes/1737""}]"
《潔癖男子！青山君》的主視覺圖,2017年7月新番,1,0,"[{""title"": ""YourAnimes 連結"", ""url"": ""https://youranimes.tw/animes/2002""}]"
《帶著智慧型手機闖蕩異世界。》的主視覺圖,2017年7月新番,1,0,"[{""title"": ""YourAnimes 連結"", ""url"": ""https://youranimes.tw/animes/1732""}]"
《咕嚕咕嚕魔法陣(2017)》的主視覺圖,2017年7月新番,1,0,"[{""title"": ""YourAnimes 連結"", ""url"": ""https://youranimes.tw/animes/2088""}]"
《捏造陷阱 -NTR-》的主視覺圖,2017年7月新番,1,0,"[{""title"": ""YourAnimes 連結"", ""url"": ""https://youranimes.tw/animes/2149""}]"
《半獸人的煩惱》的主視覺圖,2017年7月新番,1,0,"[{""title"": ""YourAnimes 連結"", ""url"": ""https://youranimes.tw/animes/2148""}]"
《狂賭之淵》的主視覺圖,2017年7月新番,1,0,"[{""title"": ""YourAnimes 連結"", ""url"": ""https://youranimes.tw/animes/2396""}]"
《最遊記RELOAD BLAST》的主視覺圖,2017年7月新番,1,0,"[{""title"": ""YourAnimes 連結"", ""url"": ""https://youranimes.tw/animes/2437""}]"
《Fate/Apocrypha》的主視覺圖,2017年7月新番,1,0,"[{""title"": ""YourAnimes 連結"", ""url"": ""https://youranimes.tw/animes/2641""}]"
《Fate/Apocrypha 總集篇》的主視覺圖,2017年7月新番,1,0,"[{""title"": ""YourAnimes 連結"", ""url"": ""https://youranimes.tw/animes/2642""}]"
《18if 夢境異聞錄》的主視覺圖,2017年7月新番,1,0,"[{""title"": ""YourAnimes 連結"", ""url"": ""https://youranimes.tw/animes/2710""}]"
《活擊 刀劍亂舞》的主視覺圖,2017年7月新番,1,0,"[{""title"": ""YourAnimes 連結"", ""url"": ""https://youranimes.tw/animes/2789""}]"
《裙子裡面有怪獸》的主視覺圖,2017年7月新番,1,0,"[{""title"": ""YourAnimes 連結"", ""url"": ""https://youranimes.tw/animes/3018""}]"
《THE REFLECTION》的主視覺圖,2017年7月新番,1,0,"[{""title"": ""YourAnimes 連結"", ""url"": ""https://youranimes.tw/animes/4147""}]"
《Gamers 電玩咖！》的主視覺圖,2017年7月新番,1,0,"[{""title"": ""YourAnimes 連結"", ""url"": ""https://youranimes.tw/animes/4251""}]"
《跳水男孩》的主視覺圖,2017年7月新番,1,0,"[{""title"": ""YourAnimes 連結"", ""url"": ""https://youranimes.tw/animes/4482""}]"
《庭球社 第九季》的主視覺圖,2017年7月新番,9,0,"[{""title"": ""YourAnimes 連結"", ""url"": ""https://youranimes.tw/animes/4604""}]"
《騎士&魔法》的主視覺圖,2017年7月新番,1,0,"[{""title"": ""YourAnimes 連結"", ""url"": ""https://youranimes.tw/animes/4780""}]"
《 戰姬絕唱SYMPHOGEAR AXZ》的主視覺圖,2017年7月新番,1,0,"[{""title"": ""YourAnimes 連結"", ""url"": ""https://youranimes.tw/animes/4885""}]"
《偶像大師 SideM -Episode of Jupiter-》的主視覺圖,2017年10月新番,1,0,"[{""title"": ""YourAnimes 連結"", ""url"": ""https://youranimes.tw/animes/5562""}]"
《血界戰線 & BEYOND》的主視覺圖,2017年10月新番,1,0,"[{""title"": ""YourAnimes 連結"", ""url"": ""https://youranimes.tw/animes/5354""}]"
《少女週末授課》的主視覺圖,2017年10月新番,1,0,"[{""title"": ""YourAnimes 連結"", ""url"": ""https://youranimes.tw/animes/698""}]"
《灰姑娘女孩劇場 週二灰姑娘劇場 第二季》的主視覺圖,2017年10月新番,2,0,"[{""title"": ""YourAnimes 連結"", ""url"": ""https://youranimes.tw/animes/1916""}]"
《少女與戰車 第63屆全國戰車道大賽 總集篇》的主視覺圖,2017年10月新番,1,0,"[{""title"": ""YourAnimes 連結"", ""url"": ""https://youranimes.tw/animes/1983""}]"
《いたずら魔女と眠らない街》的主視覺圖,2017年10月新番,1,0,"[{""title"": ""YourAnimes 連結"", ""url"": ""https://youranimes.tw/animes/5104""}]"
《怪物彈珠 第二季 消えゆく宇宙編》的主視覺圖,2017年10月新番,2,0,"[{""title"": ""YourAnimes 連結"", ""url"": ""https://youranimes.tw/animes/5956""}]"
《Fate/Grand Order -MOONLIGHT/LOSTROOM-》的主視覺圖,2017年10月新番,1,0,"[{""title"": ""YourAnimes 連結"", ""url"": ""https://youranimes.tw/animes/4675""}]"
《牙狼〈GARO〉-VANISHING LINE-》的主視覺圖,2017年10月新番,1,0,"[{""title"": ""YourAnimes 連結"", ""url"": ""https://youranimes.tw/animes/389""}]"
《3月的獅子 第二季》的主視覺圖,2017年10月新番,2,0,"[{""title"": ""YourAnimes 連結"", ""url"": ""https://youranimes.tw/animes/450""}]"
《如果有妹妹就好了。》的主視覺圖,2017年10月新番,1,0,"[{""title"": ""YourAnimes 連結"", ""url"": ""https://youranimes.tw/animes/416""}]"
《Just Because!》的主視覺圖,2017年10月新番,1,0,"[{""title"": ""YourAnimes 連結"", ""url"": ""https://youranimes.tw/animes/343""}]"
《食戟之靈 第三季：餐之皿》的主視覺圖,2017年10月新番,3,0,"[{""title"": ""YourAnimes 連結"", ""url"": ""https://youranimes.tw/animes/193""}]"
《品酒要在成為夫妻後》的主視覺圖,2017年10月新番,1,0,"[{""title"": ""YourAnimes 連結"", ""url"": ""https://youranimes.tw/animes/350""}]"
《阿松 第二季》的主視覺圖,2017年10月新番,2,0,"[{""title"": ""YourAnimes 連結"", ""url"": ""https://youranimes.tw/animes/632""}]"
《ClassicaLoid 第二季》的主視覺圖,2017年10月新番,2,0,"[{""title"": ""YourAnimes 連結"", ""url"": ""https://youranimes.tw/animes/787""}]"
《國王遊戲 The Animation》的主視覺圖,2017年10月新番,1,0,"[{""title"": ""YourAnimes 連結"", ""url"": ""https://youranimes.tw/animes/788""}]"
《我的女友是個過度認真的處女 Bitch》的主視覺圖,2017年10月新番,1,0,"[{""title"": ""YourAnimes 連結"", ""url"": ""https://youranimes.tw/animes/686""}]"
《少女終末旅行》的主視覺圖,2017年10月新番,1,0,"[{""title"": ""YourAnimes 連結"", ""url"": ""https://youranimes.tw/animes/697""}]"
《戰刻夜想曲》的主視覺圖,2017年10月新番,1,0,"[{""title"": ""YourAnimes 連結"", ""url"": ""https://youranimes.tw/animes/715""}]"
《動畫同好會》的主視覺圖,2017年10月新番,1,0,"[{""title"": ""YourAnimes 連結"", ""url"": ""https://youranimes.tw/animes/777""}]"
《魔法使的新娘》的主視覺圖,2017年10月新番,1,0,"[{""title"": ""YourAnimes 連結"", ""url"": ""https://youranimes.tw/animes/766""}]"
《鬼燈的冷徹 第二季》的主視覺圖,2017年10月新番,2,0,"[{""title"": ""YourAnimes 連結"", ""url"": ""https://youranimes.tw/animes/1277""}]"
《寶石之國》的主視覺圖,2017年10月新番,1,0,"[{""title"": ""YourAnimes 連結"", ""url"": ""https://youranimes.tw/animes/1344""}]"
《悠久持有者！～魔法老師！2～》的主視覺圖,2017年10月新番,1,0,"[{""title"": ""YourAnimes 連結"", ""url"": ""https://youranimes.tw/animes/1377""}]"
《奇諾之旅 -the Beautiful World- the Animated Series》的主視覺圖,2017年10月新番,1,0,"[{""title"": ""YourAnimes 連結"", ""url"": ""https://youranimes.tw/animes/1450""}]"
《TSUKIPRO THE ANIMATION》的主視覺圖,2017年10月新番,1,0,"[{""title"": ""YourAnimes 連結"", ""url"": ""https://youranimes.tw/animes/1533""}]"
《黑色五葉草》的主視覺圖,2017年10月新番,1,0,"[{""title"": ""YourAnimes 連結"", ""url"": ""https://youranimes.tw/animes/1543""}]"
《網路勝利組》的主視覺圖,2017年10月新番,1,0,"[{""title"": ""YourAnimes 連結"", ""url"": ""https://youranimes.tw/animes/1815""}]"
《特別版 Free!-Take Your Marks-キャラクター舞台挨拶》的主視覺圖,2017年10月新番,1,0,"[{""title"": ""YourAnimes 連結"", ""url"": ""https://youranimes.tw/animes/2018""}]"
《結城友奈是勇者 -鷲尾須美之章- & -勇者之章-》的主視覺圖,2017年10月新番,1,0,"[{""title"": ""YourAnimes 連結"", ""url"": ""https://youranimes.tw/animes/1811""}]"
《Infini-T Force》的主視覺圖,2017年10月新番,1,0,"[{""title"": ""YourAnimes 連結"", ""url"": ""https://youranimes.tw/animes/1709""}]"
《我家有個魚乾妹R》的主視覺圖,2017年10月新番,1,0,"[{""title"": ""YourAnimes 連結"", ""url"": ""https://youranimes.tw/animes/1763""}]"
《灰姑娘女孩劇場 第二季》的主視覺圖,2017年10月新番,2,0,"[{""title"": ""YourAnimes 連結"", ""url"": ""https://youranimes.tw/animes/1915""}]"
《無論何時我們的戀情都是10厘米。》的主視覺圖,2017年10月新番,1,0,"[{""title"": ""YourAnimes 連結"", ""url"": ""https://youranimes.tw/animes/2067""}]"
《Love Live！Sunshine!! 第2季》的主視覺圖,2017年10月新番,2,0,"[{""title"": ""YourAnimes 連結"", ""url"": ""https://youranimes.tw/animes/2201""}]"
《泥鯨之子們在沙地上歌唱》的主視覺圖,2017年10月新番,1,0,"[{""title"": ""YourAnimes 連結"", ""url"": ""https://youranimes.tw/animes/2578""}]"
《貝貝生活日記 第四季》的主視覺圖,2017年10月新番,4,0,"[{""title"": ""YourAnimes 連結"", ""url"": ""https://youranimes.tw/animes/2782""}]"
《銀魂. 走光篇》的主視覺圖,2017年10月新番,1,0,"[{""title"": ""YourAnimes 連結"", ""url"": ""https://youranimes.tw/animes/2978""}]"
《十二大戰》的主視覺圖,2017年10月新番,1,0,"[{""title"": ""YourAnimes 連結"", ""url"": ""https://youranimes.tw/animes/3469""}]"
《殺戮重生犬屋敷》的主視覺圖,2017年10月新番,1,0,"[{""title"": ""YourAnimes 連結"", ""url"": ""https://youranimes.tw/animes/4488""}]"
《雨色可可 あめこん!!》的主視覺圖,2017年10月新番,1,0,"[{""title"": ""YourAnimes 連結"", ""url"": ""https://youranimes.tw/animes/4615""}]"
《此花綺譚》的主視覺圖,2017年10月新番,1,0,"[{""title"": ""YourAnimes 連結"", ""url"": ""https://youranimes.tw/animes/4764""}]"
《Dies irae 神怒之日》的主視覺圖,2017年10月新番,1,0,"[{""title"": ""YourAnimes 連結"", ""url"": ""https://youranimes.tw/animes/4765""}]"
《Onyankopon 有請喵喵神	》的主視覺圖,2017年10月新番,1,0,"[{""title"": ""YourAnimes 連結"", ""url"": ""https://youranimes.tw/animes/4778""}]"
《URAHARA》的主視覺圖,2017年10月新番,1,0,"[{""title"": ""YourAnimes 連結"", ""url"": ""https://youranimes.tw/animes/4779""}]"
《調教咖啡廳》的主視覺圖,2017年10月新番,1,0,"[{""title"": ""YourAnimes 連結"", ""url"": ""https://youranimes.tw/animes/4871""}]"
《偶像大師 SideM》的主視覺圖,2017年10月新番,1,0,"[{""title"": ""YourAnimes 連結"", ""url"": ""https://youranimes.tw/animes/5095""}]"
《NAZMA DELIVERY 2》的主視覺圖,2017年10月新番,1,0,"[{""title"": ""YourAnimes 連結"", ""url"": ""https://youranimes.tw/animes/5199""}]"
"《Wake Up, Girls！新章》的主視覺圖",2017年10月新番,1,0,"[{""title"": ""YourAnimes 連結"", ""url"": ""https://youranimes.tw/animes/5543""}]"
《沒有心跳的少女 BEATLESS》的主視覺圖,2018年1月新番,1,0,"[{""title"": ""YourAnimes 連結"", ""url"": ""https://youranimes.tw/animes/5361""}]"
《衛宮家今天的餐桌風景》的主視覺圖,2018年1月新番,1,0,"[{""title"": ""YourAnimes 連結"", ""url"": ""https://youranimes.tw/animes/40""}]"
《紫羅蘭永恆花園 總集篇》的主視覺圖,2018年1月新番,1,0,"[{""title"": ""YourAnimes 連結"", ""url"": ""https://youranimes.tw/animes/2190""}]"
《裝刀凱》的主視覺圖,2018年1月新番,1,0,"[{""title"": ""YourAnimes 連結"", ""url"": ""https://youranimes.tw/animes/3470""}]"
《A.I.C.O.：化身》的主視覺圖,2018年1月新番,1,0,"[{""title"": ""YourAnimes 連結"", ""url"": ""https://youranimes.tw/animes/3628""}]"
《惡魔人 Crybaby》的主視覺圖,2018年1月新番,1,0,"[{""title"": ""YourAnimes 連結"", ""url"": ""https://youranimes.tw/animes/3618""}]"
《鋼彈創鬥者 潛網大戰 「序曲」》的主視覺圖,2018年1月新番,1,0,"[{""title"": ""YourAnimes 連結"", ""url"": ""https://youranimes.tw/animes/3672""}]"
《OVERLORD 第二季》的主視覺圖,2018年1月新番,2,0,"[{""title"": ""YourAnimes 連結"", ""url"": ""https://youranimes.tw/animes/577""}]"
《比宇宙更遠的地方》的主視覺圖,2018年1月新番,1,0,"[{""title"": ""YourAnimes 連結"", ""url"": ""https://youranimes.tw/animes/143""}]"
《新幹線變形機器人》的主視覺圖,2018年1月新番,1,0,"[{""title"": ""YourAnimes 連結"", ""url"": ""https://youranimes.tw/animes/363""}]"
《爆肝工程師的異世界狂想曲》的主視覺圖,2018年1月新番,1,0,"[{""title"": ""YourAnimes 連結"", ""url"": ""https://youranimes.tw/animes/196""}]"
《庫洛魔法使 透明牌篇》的主視覺圖,2018年1月新番,1,0,"[{""title"": ""YourAnimes 連結"", ""url"": ""https://youranimes.tw/animes/448""}]"
《博多豚骨拉麵團》的主視覺圖,2018年1月新番,1,0,"[{""title"": ""YourAnimes 連結"", ""url"": ""https://youranimes.tw/animes/368""}]"
《皇帝聖印戰記》的主視覺圖,2018年1月新番,1,0,"[{""title"": ""YourAnimes 連結"", ""url"": ""https://youranimes.tw/animes/680""}]"
《伊藤潤二驚選集》的主視覺圖,2018年1月新番,1,0,"[{""title"": ""YourAnimes 連結"", ""url"": ""https://youranimes.tw/animes/692""}]"
《搖曳露營△》的主視覺圖,2018年1月新番,1,0,"[{""title"": ""YourAnimes 連結"", ""url"": ""https://youranimes.tw/animes/792""}]"
《龍王的工作！》的主視覺圖,2018年1月新番,1,0,"[{""title"": ""YourAnimes 連結"", ""url"": ""https://youranimes.tw/animes/675""}]"
《廢柴王子》的主視覺圖,2018年1月新番,1,0,"[{""title"": ""YourAnimes 連結"", ""url"": ""https://youranimes.tw/animes/676""}]"
《七大罪 第二季：戒律的復活》的主視覺圖,2018年1月新番,2,0,"[{""title"": ""YourAnimes 連結"", ""url"": ""https://youranimes.tw/animes/806""}]"
《學園奶爸》的主視覺圖,2018年1月新番,1,0,"[{""title"": ""YourAnimes 連結"", ""url"": ""https://youranimes.tw/animes/677""}]"
《三顆星彩色冒險》的主視覺圖,2018年1月新番,1,0,"[{""title"": ""YourAnimes 連結"", ""url"": ""https://youranimes.tw/animes/679""}]"
《IDOLiSH7 偶像星願》的主視覺圖,2018年1月新番,1,0,"[{""title"": ""YourAnimes 連結"", ""url"": ""https://youranimes.tw/animes/681""}]"
《DARLING in the FRANXX》的主視覺圖,2018年1月新番,1,0,"[{""title"": ""YourAnimes 連結"", ""url"": ""https://youranimes.tw/animes/1122""}]"
《citrus～柑橘味香氣～》的主視覺圖,2018年1月新番,1,0,"[{""title"": ""YourAnimes 連結"", ""url"": ""https://youranimes.tw/animes/1381""}]"
《飆速宅男 第四季：GLORY LINE》的主視覺圖,2018年1月新番,4,0,"[{""title"": ""YourAnimes 連結"", ""url"": ""https://youranimes.tw/animes/1774""}]"
《Slow Start 慢活開始》的主視覺圖,2018年1月新番,1,0,"[{""title"": ""YourAnimes 連結"", ""url"": ""https://youranimes.tw/animes/1804""}]"
《櫻花忍法帖 BASILISK新章》的主視覺圖,2018年1月新番,1,0,"[{""title"": ""YourAnimes 連結"", ""url"": ""https://youranimes.tw/animes/1955""}]"
《紫羅蘭永恆花園》的主視覺圖,2018年1月新番,1,0,"[{""title"": ""YourAnimes 連結"", ""url"": ""https://youranimes.tw/animes/2188""}]"
《童話魔法使》的主視覺圖,2018年1月新番,1,0,"[{""title"": ""YourAnimes 連結"", ""url"": ""https://youranimes.tw/animes/2441""}]"
《齊木楠雄的災難 第二季》的主視覺圖,2018年1月新番,2,0,"[{""title"": ""YourAnimes 連結"", ""url"": ""https://youranimes.tw/animes/2414""}]"
《擅長捉弄人的高木同學》的主視覺圖,2018年1月新番,1,0,"[{""title"": ""YourAnimes 連結"", ""url"": ""https://youranimes.tw/animes/2773""}]"
《續 刀劍亂舞 -花丸-》的主視覺圖,2018年1月新番,1,0,"[{""title"": ""YourAnimes 連結"", ""url"": ""https://youranimes.tw/animes/2788""}]"
《銀魂 銀之魂篇・前半戦》的主視覺圖,2018年1月新番,1,0,"[{""title"": ""YourAnimes 連結"", ""url"": ""https://youranimes.tw/animes/2979""}]"
《POP TEAM EPIC》的主視覺圖,2018年1月新番,1,0,"[{""title"": ""YourAnimes 連結"", ""url"": ""https://youranimes.tw/animes/3219""}]"
《Fate/EXTRA Last Encore 地動說篇》的主視覺圖,2018年1月新番,1,0,"[{""title"": ""YourAnimes 連結"", ""url"": ""https://youranimes.tw/animes/3453""}]"
《刀使巫女》的主視覺圖,2018年1月新番,1,0,"[{""title"": ""YourAnimes 連結"", ""url"": ""https://youranimes.tw/animes/4221""}]"
《閃亮模力小天才》的主視覺圖,2018年1月新番,1,0,"[{""title"": ""YourAnimes 連結"", ""url"": ""https://youranimes.tw/animes/4262""}]"
《愛在雨過天晴時》的主視覺圖,2018年1月新番,1,0,"[{""title"": ""YourAnimes 連結"", ""url"": ""https://youranimes.tw/animes/4475""}]"
《刻刻》的主視覺圖,2018年1月新番,1,0,"[{""title"": ""YourAnimes 連結"", ""url"": ""https://youranimes.tw/animes/4476""}]"
《打工小哥！》的主視覺圖,2018年1月新番,1,0,"[{""title"": ""YourAnimes 連結"", ""url"": ""https://youranimes.tw/animes/4756""}]"
《妖精森林的小不點》的主視覺圖,2018年1月新番,1,0,"[{""title"": ""YourAnimes 連結"", ""url"": ""https://youranimes.tw/animes/4769""}]"
《小木乃伊到我家》的主視覺圖,2018年1月新番,1,0,"[{""title"": ""YourAnimes 連結"", ""url"": ""https://youranimes.tw/animes/4775""}]"
《酒鬼妹子》的主視覺圖,2018年1月新番,1,0,"[{""title"": ""YourAnimes 連結"", ""url"": ""https://youranimes.tw/animes/4776""}]"
《三麗鷗男子》的主視覺圖,2018年1月新番,1,0,"[{""title"": ""YourAnimes 連結"", ""url"": ""https://youranimes.tw/animes/4777""}]"
《愛吃拉麵的小泉同學》的主視覺圖,2018年1月新番,1,0,"[{""title"": ""YourAnimes 連結"", ""url"": ""https://youranimes.tw/animes/4796""}]"
《B：彼之初》的主視覺圖,2018年4月新番,1,0,"[{""title"": ""YourAnimes 連結"", ""url"": ""https://youranimes.tw/animes/1320""}]"
《閃電十一人 Reloaded》的主視覺圖,2018年4月新番,1,0,"[{""title"": ""YourAnimes 連結"", ""url"": ""https://youranimes.tw/animes/2664""}]"
《異世界居酒屋「阿信」》的主視覺圖,2018年4月新番,1,0,"[{""title"": ""YourAnimes 連結"", ""url"": ""https://youranimes.tw/animes/4758""}]"
《怪物彈珠 The Animation 「モンストの危機」》的主視覺圖,2018年4月新番,1,0,"[{""title"": ""YourAnimes 連結"", ""url"": ""https://youranimes.tw/animes/5147""}]"
《食戟之靈 第三季：餐之皿 遠月列車篇》的主視覺圖,2018年4月新番,3,0,"[{""title"": ""YourAnimes 連結"", ""url"": ""https://youranimes.tw/animes/404""}]"
《黃金神威》的主視覺圖,2018年4月新番,1,0,"[{""title"": ""YourAnimes 連結"", ""url"": ""https://youranimes.tw/animes/545""}]"
《多田君不戀愛》的主視覺圖,2018年4月新番,1,0,"[{""title"": ""YourAnimes 連結"", ""url"": ""https://youranimes.tw/animes/251""}]"
《妖怪旅館營業中》的主視覺圖,2018年4月新番,1,0,"[{""title"": ""YourAnimes 連結"", ""url"": ""https://youranimes.tw/animes/295""}]"
《東京喰種：re》的主視覺圖,2018年4月新番,1,0,"[{""title"": ""YourAnimes 連結"", ""url"": ""https://youranimes.tw/animes/543""}]"
《錢進球場》的主視覺圖,2018年4月新番,1,0,"[{""title"": ""YourAnimes 連結"", ""url"": ""https://youranimes.tw/animes/205""}]"
《閃躍吧！星夢頻道》的主視覺圖,2018年4月新番,1,0,"[{""title"": ""YourAnimes 連結"", ""url"": ""https://youranimes.tw/animes/644""}]"
《戰鬥陀螺 爆烈世代 超Z》的主視覺圖,2018年4月新番,1,0,"[{""title"": ""YourAnimes 連結"", ""url"": ""https://youranimes.tw/animes/646""}]"
《刀劍神域外傳 Gun Gale Online》的主視覺圖,2018年4月新番,1,0,"[{""title"": ""YourAnimes 連結"", ""url"": ""https://youranimes.tw/animes/657""}]"
《惡魔高校D×D 第四季：HERO》的主視覺圖,2018年4月新番,4,0,"[{""title"": ""YourAnimes 連結"", ""url"": ""https://youranimes.tw/animes/665""}]"
《我的英雄學院 第三季》的主視覺圖,2018年4月新番,3,0,"[{""title"": ""YourAnimes 連結"", ""url"": ""https://youranimes.tw/animes/670""}]"
《隊長小翼》的主視覺圖,2018年4月新番,1,0,"[{""title"": ""YourAnimes 連結"", ""url"": ""https://youranimes.tw/animes/673""}]"
《藍海少女 第二季》的主視覺圖,2018年4月新番,2,0,"[{""title"": ""YourAnimes 連結"", ""url"": ""https://youranimes.tw/animes/689""}]"
《最終休止符  -無止境的螺旋物語-》的主視覺圖,2018年4月新番,1,0,"[{""title"": ""YourAnimes 連結"", ""url"": ""https://youranimes.tw/animes/651""}]"
《卡片戰鬥!! 先導者 (2018) (中・高校篇)》的主視覺圖,2018年4月新番,1,0,"[{""title"": ""YourAnimes 連結"", ""url"": ""https://youranimes.tw/animes/656""}]"
《溫泉屋小女將》的主視覺圖,2018年4月新番,1,0,"[{""title"": ""YourAnimes 連結"", ""url"": ""https://youranimes.tw/animes/655""}]"
《MEGALO BOX 機甲拳擊》的主視覺圖,2018年4月新番,1,0,"[{""title"": ""YourAnimes 連結"", ""url"": ""https://youranimes.tw/animes/1181""}]"
《Pastel Life》的主視覺圖,2018年4月新番,1,0,"[{""title"": ""YourAnimes 連結"", ""url"": ""https://youranimes.tw/animes/1249""}]"
《鬼燈的冷徹 第二季 後半》的主視覺圖,2018年4月新番,2,0,"[{""title"": ""YourAnimes 連結"", ""url"": ""https://youranimes.tw/animes/1278""}]"
《賽馬娘 Pretty Derby》的主視覺圖,2018年4月新番,1,0,"[{""title"": ""YourAnimes 連結"", ""url"": ""https://youranimes.tw/animes/1331""}]"
《DEVILSLINE 惡魔戰線》的主視覺圖,2018年4月新番,1,0,"[{""title"": ""YourAnimes 連結"", ""url"": ""https://youranimes.tw/animes/1817""}]"
《奴隸區 The Animation》的主視覺圖,2018年4月新番,1,0,"[{""title"": ""YourAnimes 連結"", ""url"": ""https://youranimes.tw/animes/1821""}]"
《你還是不懂群馬》的主視覺圖,2018年4月新番,1,0,"[{""title"": ""YourAnimes 連結"", ""url"": ""https://youranimes.tw/animes/1927""}]"
《失憶融合 WIXOSS》的主視覺圖,2018年4月新番,1,0,"[{""title"": ""YourAnimes 連結"", ""url"": ""https://youranimes.tw/animes/1889""}]"
《琴之森》的主視覺圖,2018年4月新番,1,0,"[{""title"": ""YourAnimes 連結"", ""url"": ""https://youranimes.tw/animes/1935""}]"
《棒球大聯盟 2nd》的主視覺圖,2018年4月新番,1,0,"[{""title"": ""YourAnimes 連結"", ""url"": ""https://youranimes.tw/animes/2057""}]"
《宇宙戰艦提拉米斯》的主視覺圖,2018年4月新番,1,0,"[{""title"": ""YourAnimes 連結"", ""url"": ""https://youranimes.tw/animes/2071""}]"
《少年阿貝 GO! GO! 小芝麻 第三季》的主視覺圖,2018年4月新番,3,0,"[{""title"": ""YourAnimes 連結"", ""url"": ""https://youranimes.tw/animes/2104""}]"
《偶像學園Friends！》的主視覺圖,2018年4月新番,1,0,"[{""title"": ""YourAnimes 連結"", ""url"": ""https://youranimes.tw/animes/2180""}]"
《喵的咧～貓咪戲說日本史 第三季》的主視覺圖,2018年4月新番,3,0,"[{""title"": ""YourAnimes 連結"", ""url"": ""https://youranimes.tw/animes/2259""}]"
《魯邦三世 第五季》的主視覺圖,2018年4月新番,5,0,"[{""title"": ""YourAnimes 連結"", ""url"": ""https://youranimes.tw/animes/2314""}]"
《美男高校地球防衛部HAPPY KISS！》的主視覺圖,2018年4月新番,1,0,"[{""title"": ""YourAnimes 連結"", ""url"": ""https://youranimes.tw/animes/2425""}]"
《香蕉怪大叔 呐呐~呐》的主視覺圖,2018年4月新番,1,0,"[{""title"": ""YourAnimes 連結"", ""url"": ""https://youranimes.tw/animes/2445""}]"
《冷然之天秤》的主視覺圖,2018年4月新番,1,0,"[{""title"": ""YourAnimes 連結"", ""url"": ""https://youranimes.tw/animes/2584""}]"
《驚爆危機！Invisible Victory》的主視覺圖,2018年4月新番,1,0,"[{""title"": ""YourAnimes 連結"", ""url"": ""https://youranimes.tw/animes/2562""}]"
《閃電十一人 阿瑞斯的天秤》的主視覺圖,2018年4月新番,1,0,"[{""title"": ""YourAnimes 連結"", ""url"": ""https://youranimes.tw/animes/2663""}]"
《奇奇冒險日記 ポンポンらー大旅行》的主視覺圖,2018年4月新番,1,0,"[{""title"": ""YourAnimes 連結"", ""url"": ""https://youranimes.tw/animes/2903""}]"
《銀河英雄傳說 Die Neue These 邂逅》的主視覺圖,2018年4月新番,1,0,"[{""title"": ""YourAnimes 連結"", ""url"": ""https://youranimes.tw/animes/2931""}]"
《雷頓不可思議偵探社：卡特莉的解謎事件簿》的主視覺圖,2018年4月新番,1,0,"[{""title"": ""YourAnimes 連結"", ""url"": ""https://youranimes.tw/animes/3177""}]"
《甜蜜懲罰-我是看守專用寵物》的主視覺圖,2018年4月新番,1,0,"[{""title"": ""YourAnimes 連結"", ""url"": ""https://youranimes.tw/animes/3381""}]"
《重神機潘多拉》的主視覺圖,2018年4月新番,1,0,"[{""title"": ""YourAnimes 連結"", ""url"": ""https://youranimes.tw/animes/3458""}]"
《飛龍女孩》的主視覺圖,2018年4月新番,1,0,"[{""title"": ""YourAnimes 連結"", ""url"": ""https://youranimes.tw/animes/3595""}]"
《LOST SONG》的主視覺圖,2018年4月新番,1,0,"[{""title"": ""YourAnimes 連結"", ""url"": ""https://youranimes.tw/animes/3626""}]"
《鋼彈創鬥者 潛網大戰》的主視覺圖,2018年4月新番,1,0,"[{""title"": ""YourAnimes 連結"", ""url"": ""https://youranimes.tw/animes/3673""}]"
《鬼太郎 (2018)》的主視覺圖,2018年4月新番,1,0,"[{""title"": ""YourAnimes 連結"", ""url"": ""https://youranimes.tw/animes/3694""}]"
《阿宅的戀愛太難》的主視覺圖,2018年4月新番,1,0,"[{""title"": ""YourAnimes 連結"", ""url"": ""https://youranimes.tw/animes/3713""}]"
《魔法律事務所》的主視覺圖,2018年4月新番,1,0,"[{""title"": ""YourAnimes 連結"", ""url"": ""https://youranimes.tw/animes/3877""}]"
《女神異聞錄5 the Animation》的主視覺圖,2018年4月新番,1,0,"[{""title"": ""YourAnimes 連結"", ""url"": ""https://youranimes.tw/animes/4656""}]"
《蒼天之拳 REGENESIS》的主視覺圖,2018年4月新番,1,0,"[{""title"": ""YourAnimes 連結"", ""url"": ""https://youranimes.tw/animes/4736""}]"
《笑傲曇天〈外傳〉中篇～宿命、雙頭的風魔～》的主視覺圖,2018年4月新番,1,0,"[{""title"": ""YourAnimes 連結"", ""url"": ""https://youranimes.tw/animes/4762""}]"
《Butlers～千年百年物語～》的主視覺圖,2018年4月新番,1,0,"[{""title"": ""YourAnimes 連結"", ""url"": ""https://youranimes.tw/animes/4767""}]"
《和風喫茶鹿楓堂》的主視覺圖,2018年4月新番,1,0,"[{""title"": ""YourAnimes 連結"", ""url"": ""https://youranimes.tw/animes/4768""}]"
《Caligula 卡里古拉》的主視覺圖,2018年4月新番,1,0,"[{""title"": ""YourAnimes 連結"", ""url"": ""https://youranimes.tw/animes/4771""}]"
《Cutie Honey Universe 甜心戰士》的主視覺圖,2018年4月新番,1,0,"[{""title"": ""YourAnimes 連結"", ""url"": ""https://youranimes.tw/animes/4772""}]"
《極道超女》的主視覺圖,2018年4月新番,1,0,"[{""title"": ""YourAnimes 連結"", ""url"": ""https://youranimes.tw/animes/4773""}]"
《Comic Girls》的主視覺圖,2018年4月新番,1,0,"[{""title"": ""YourAnimes 連結"", ""url"": ""https://youranimes.tw/animes/4774""}]"
《命運石之門0》的主視覺圖,2018年4月新番,1,0,"[{""title"": ""YourAnimes 連結"", ""url"": ""https://youranimes.tw/animes/5072""}]"
《平交道時間》的主視覺圖,2018年4月新番,1,0,"[{""title"": ""YourAnimes 連結"", ""url"": ""https://youranimes.tw/animes/5173""}]"
《未來卡片 戰鬥夥伴X 全明星之戰》的主視覺圖,2018年4月新番,1,0,"[{""title"": ""YourAnimes 連結"", ""url"": ""https://youranimes.tw/animes/5189""}]"
《未來卡片 神戰鬥夥伴》的主視覺圖,2018年4月新番,1,0,"[{""title"": ""YourAnimes 連結"", ""url"": ""https://youranimes.tw/animes/5190""}]"
《老子是魔法少女》的主視覺圖,2018年4月新番,1,0,"[{""title"": ""YourAnimes 連結"", ""url"": ""https://youranimes.tw/animes/5203""}]"
《沒有心跳的少女 BEATLESS Final Stage》的主視覺圖,2018年7月新番,1,0,"[{""title"": ""YourAnimes 連結"", ""url"": ""https://youranimes.tw/animes/5362""}]"
《灰姑娘女孩劇場 週二灰姑娘劇場 第三季》的主視覺圖,2018年7月新番,3,0,"[{""title"": ""YourAnimes 連結"", ""url"": ""https://youranimes.tw/animes/1920""}]"
《裝刀凱 Part II》的主視覺圖,2018年7月新番,1,0,"[{""title"": ""YourAnimes 連結"", ""url"": ""https://youranimes.tw/animes/3471""}]"
《想看她一臉嫌惡地露出褲褲-本少爺就是想看-》的主視覺圖,2018年7月新番,1,0,"[{""title"": ""YourAnimes 連結"", ""url"": ""https://youranimes.tw/animes/3855""}]"
《Dies irae 神怒之日：To the ring reincarnation》的主視覺圖,2018年7月新番,1,0,"[{""title"": ""YourAnimes 連結"", ""url"": ""https://youranimes.tw/animes/4766""}]"
《怪物彈珠 The Animation ルシファー 反逆の堕天使》的主視覺圖,2018年7月新番,1,0,"[{""title"": ""YourAnimes 連結"", ""url"": ""https://youranimes.tw/animes/5148""}]"
《怪物彈珠 The Animation パンドラ 希望の少女》的主視覺圖,2018年7月新番,1,0,"[{""title"": ""YourAnimes 連結"", ""url"": ""https://youranimes.tw/animes/5149""}]"
《ONE PIECE 航海王：空島篇》的主視覺圖,2018年7月新番,1,0,"[{""title"": ""YourAnimes 連結"", ""url"": ""https://youranimes.tw/animes/1867""}]"
《暮光幻影》的主視覺圖,2018年7月新番,1,0,"[{""title"": ""YourAnimes 連結"", ""url"": ""https://youranimes.tw/animes/634""}]"
《異世界魔王與召喚少女的奴隸魔術》的主視覺圖,2018年7月新番,1,0,"[{""title"": ""YourAnimes 連結"", ""url"": ""https://youranimes.tw/animes/640""}]"
《工作細胞》的主視覺圖,2018年7月新番,1,0,"[{""title"": ""YourAnimes 連結"", ""url"": ""https://youranimes.tw/animes/458""}]"
《進擊的巨人 第三季》的主視覺圖,2018年7月新番,3,0,"[{""title"": ""YourAnimes 連結"", ""url"": ""https://youranimes.tw/animes/569""}]"
《付喪神出租中》的主視覺圖,2018年7月新番,1,0,"[{""title"": ""YourAnimes 連結"", ""url"": ""https://youranimes.tw/animes/568""}]"
《遊戲3人娘》的主視覺圖,2018年7月新番,1,0,"[{""title"": ""YourAnimes 連結"", ""url"": ""https://youranimes.tw/animes/635""}]"
《闇芝居 第六季》的主視覺圖,2018年7月新番,6,0,"[{""title"": ""YourAnimes 連結"", ""url"": ""https://youranimes.tw/animes/636""}]"
《遙的接球》的主視覺圖,2018年7月新番,1,0,"[{""title"": ""YourAnimes 連結"", ""url"": ""https://youranimes.tw/animes/202""}]"
《OVERLORD 第三季》的主視覺圖,2018年7月新番,3,0,"[{""title"": ""YourAnimes 連結"", ""url"": ""https://youranimes.tw/animes/578""}]"
《音樂少女》的主視覺圖,2018年7月新番,1,0,"[{""title"": ""YourAnimes 連結"", ""url"": ""https://youranimes.tw/animes/639""}]"
《京都寺町三條商店街的福爾摩斯》的主視覺圖,2018年7月新番,1,0,"[{""title"": ""YourAnimes 連結"", ""url"": ""https://youranimes.tw/animes/575""}]"
《Angolmois 元寇合戰記》的主視覺圖,2018年7月新番,1,0,"[{""title"": ""YourAnimes 連結"", ""url"": ""https://youranimes.tw/animes/572""}]"
《高分少女》的主視覺圖,2018年7月新番,1,0,"[{""title"": ""YourAnimes 連結"", ""url"": ""https://youranimes.tw/animes/573""}]"
《紅蓮之王》的主視覺圖,2018年7月新番,1,0,"[{""title"": ""YourAnimes 連結"", ""url"": ""https://youranimes.tw/animes/571""}]"
《搖曳莊的幽奈小姐》的主視覺圖,2018年7月新番,1,0,"[{""title"": ""YourAnimes 連結"", ""url"": ""https://youranimes.tw/animes/463""}]"
《夏目友人帳 緣結空蟬》的主視覺圖,2018年7月新番,1,0,"[{""title"": ""YourAnimes 連結"", ""url"": ""https://youranimes.tw/animes/560""}]"
《機獸戰記 狂野爆發》的主視覺圖,2018年7月新番,1,0,"[{""title"": ""YourAnimes 連結"", ""url"": ""https://youranimes.tw/animes/699""}]"
《前進吧！登山少女 第三季》的主視覺圖,2018年7月新番,3,0,"[{""title"": ""YourAnimes 連結"", ""url"": ""https://youranimes.tw/animes/654""}]"
《邪神與廚二病少女》的主視覺圖,2018年7月新番,1,0,"[{""title"": ""YourAnimes 連結"", ""url"": ""https://youranimes.tw/animes/736""}]"
《中間管理錄利根川》的主視覺圖,2018年7月新番,1,0,"[{""title"": ""YourAnimes 連結"", ""url"": ""https://youranimes.tw/animes/649""}]"
《羽球戰爭！》的主視覺圖,2018年7月新番,1,0,"[{""title"": ""YourAnimes 連結"", ""url"": ""https://youranimes.tw/animes/650""}]"
《少女☆歌劇 Revue Starlight》的主視覺圖,2018年7月新番,1,0,"[{""title"": ""YourAnimes 連結"", ""url"": ""https://youranimes.tw/animes/1095""}]"
《夢王國與沉睡中的100位王子殿下》的主視覺圖,2018年7月新番,1,0,"[{""title"": ""YourAnimes 連結"", ""url"": ""https://youranimes.tw/animes/1324""}]"
《BanG Dream！迷你少女樂團派對★PICO》的主視覺圖,2018年7月新番,1,0,"[{""title"": ""YourAnimes 連結"", ""url"": ""https://youranimes.tw/animes/1250""}]"
《灰姑娘女孩劇場 第三季》的主視覺圖,2018年7月新番,3,0,"[{""title"": ""YourAnimes 連結"", ""url"": ""https://youranimes.tw/animes/1919""}]"
《Double Decker！ 道格＆基里爾》的主視覺圖,2018年7月新番,1,0,"[{""title"": ""YourAnimes 連結"", ""url"": ""https://youranimes.tw/animes/1925""}]"
《Free! 男子游泳部 第三季：-Dive_to_the_Future-》的主視覺圖,2018年7月新番,3,0,"[{""title"": ""YourAnimes 連結"", ""url"": ""https://youranimes.tw/animes/2019""}]"
《見習神仙精靈 特別篇》的主視覺圖,2018年7月新番,1,0,"[{""title"": ""YourAnimes 連結"", ""url"": ""https://youranimes.tw/animes/2393""}]"
《KIRA KIRA HAPPY★ 打開吧！見習神仙精靈》的主視覺圖,2018年7月新番,1,0,"[{""title"": ""YourAnimes 連結"", ""url"": ""https://youranimes.tw/animes/2394""}]"
《殘念生物事典》的主視覺圖,2018年7月新番,1,0,"[{""title"": ""YourAnimes 連結"", ""url"": ""https://youranimes.tw/animes/2894""}]"
《銀魂 銀之魂篇・後半戦》的主視覺圖,2018年7月新番,1,0,"[{""title"": ""YourAnimes 連結"", ""url"": ""https://youranimes.tw/animes/2980""}]"
《Fate/EXTRA Last Encore 天動說篇》的主視覺圖,2018年7月新番,1,0,"[{""title"": ""YourAnimes 連結"", ""url"": ""https://youranimes.tw/animes/3454""}]"
《後街女孩》的主視覺圖,2018年7月新番,1,0,"[{""title"": ""YourAnimes 連結"", ""url"": ""https://youranimes.tw/animes/3620""}]"
《天狼 Sirius the Jaeger》的主視覺圖,2018年7月新番,1,0,"[{""title"": ""YourAnimes 連結"", ""url"": ""https://youranimes.tw/animes/3622""}]"
《GRANDBLUE 碧藍之海》的主視覺圖,2018年7月新番,1,0,"[{""title"": ""YourAnimes 連結"", ""url"": ""https://youranimes.tw/animes/4247""}]"
《BANANA FISH》的主視覺圖,2018年7月新番,1,0,"[{""title"": ""YourAnimes 連結"", ""url"": ""https://youranimes.tw/animes/4390""}]"
《Planet With 行星與共》的主視覺圖,2018年7月新番,1,0,"[{""title"": ""YourAnimes 連結"", ""url"": ""https://youranimes.tw/animes/4398""}]"
《Happy Sugar Life》的主視覺圖,2018年7月新番,1,0,"[{""title"": ""YourAnimes 連結"", ""url"": ""https://youranimes.tw/animes/4486""}]"
《春原莊的管理員小姐》的主視覺圖,2018年7月新番,1,0,"[{""title"": ""YourAnimes 連結"", ""url"": ""https://youranimes.tw/animes/4695""}]"
《百鍊霸王與聖約女武神》的主視覺圖,2018年7月新番,1,0,"[{""title"": ""YourAnimes 連結"", ""url"": ""https://youranimes.tw/animes/4709""}]"
《千銃士》的主視覺圖,2018年7月新番,1,0,"[{""title"": ""YourAnimes 連結"", ""url"": ""https://youranimes.tw/animes/4721""}]"
《殺戮的天使》的主視覺圖,2018年7月新番,1,0,"[{""title"": ""YourAnimes 連結"", ""url"": ""https://youranimes.tw/animes/4748""}]"
《昴宿七星》的主視覺圖,2018年7月新番,1,0,"[{""title"": ""YourAnimes 連結"", ""url"": ""https://youranimes.tw/animes/4749""}]"
《One Room 第二季》的主視覺圖,2018年7月新番,2,0,"[{""title"": ""YourAnimes 連結"", ""url"": ""https://youranimes.tw/animes/4752""}]"
《打工小哥！2》的主視覺圖,2018年7月新番,1,0,"[{""title"": ""YourAnimes 連結"", ""url"": ""https://youranimes.tw/animes/4757""}]"
《ISLAND》的主視覺圖,2018年7月新番,1,0,"[{""title"": ""YourAnimes 連結"", ""url"": ""https://youranimes.tw/animes/5219""}]"
《軒轅劍・蒼之曜》的主視覺圖,2018年10月新番,1,0,"[{""title"": ""YourAnimes 連結"", ""url"": ""https://youranimes.tw/animes/5382""}]"
《偶像大師 SideM 理由あってMini!》的主視覺圖,2018年10月新番,1,0,"[{""title"": ""YourAnimes 連結"", ""url"": ""https://youranimes.tw/animes/5564""}]"
《黑色五葉草 オール魔法騎士感謝祭》的主視覺圖,2018年10月新番,1,0,"[{""title"": ""YourAnimes 連結"", ""url"": ""https://youranimes.tw/animes/1544""}]"
《Love Live！Sunshine!! 30分鐘總集篇》的主視覺圖,2018年10月新番,1,0,"[{""title"": ""YourAnimes 連結"", ""url"": ""https://youranimes.tw/animes/2202""}]"
《Love Live！Sunshine!! 3分鐘總集篇》的主視覺圖,2018年10月新番,1,0,"[{""title"": ""YourAnimes 連結"", ""url"": ""https://youranimes.tw/animes/2203""}]"
《衝吧烈子：金屬聖誕快樂》的主視覺圖,2018年10月新番,1,0,"[{""title"": ""YourAnimes 連結"", ""url"": ""https://youranimes.tw/animes/3059""}]"
《HERO MASK 英雄面具》的主視覺圖,2018年10月新番,1,0,"[{""title"": ""YourAnimes 連結"", ""url"": ""https://youranimes.tw/animes/3504""}]"
《聖鬥士星矢 Saintia 翔》的主視覺圖,2018年10月新番,1,0,"[{""title"": ""YourAnimes 連結"", ""url"": ""https://youranimes.tw/animes/4943""}]"
《怪物彈珠 The Animation アーサー 復活の騎士王》的主視覺圖,2018年10月新番,1,0,"[{""title"": ""YourAnimes 連結"", ""url"": ""https://youranimes.tw/animes/5146""}]"
《怪物彈珠 The Animation ソロモン 叡智の魔術王》的主視覺圖,2018年10月新番,1,0,"[{""title"": ""YourAnimes 連結"", ""url"": ""https://youranimes.tw/animes/5150""}]"
《工作細胞 感冒症候群》的主視覺圖,2018年10月新番,1,0,"[{""title"": ""YourAnimes 連結"", ""url"": ""https://youranimes.tw/animes/459""}]"
《艾梅洛閣下 II 世事件簿 -魔眼蒐集列車 Grace note- 守墓人與貓與魔術師》的主視覺圖,2018年10月新番,1,0,"[{""title"": ""YourAnimes 連結"", ""url"": ""https://youranimes.tw/animes/2829""}]"
《女神異聞錄5「Dark Sun…」》的主視覺圖,2018年10月新番,1,0,"[{""title"": ""YourAnimes 連結"", ""url"": ""https://youranimes.tw/animes/4657""}]"
《強風吹拂》的主視覺圖,2018年10月新番,1,0,"[{""title"": ""YourAnimes 連結"", ""url"": ""https://youranimes.tw/animes/454""}]"
《哥布林殺手》的主視覺圖,2018年10月新番,1,0,"[{""title"": ""YourAnimes 連結"", ""url"": ""https://youranimes.tw/animes/172""}]"
《東京喰種：re 第二季》的主視覺圖,2018年10月新番,2,0,"[{""title"": ""YourAnimes 連結"", ""url"": ""https://youranimes.tw/animes/544""}]"
《梅露可物語 -無精打采的少年與瓶中少女-》的主視覺圖,2018年10月新番,1,0,"[{""title"": ""YourAnimes 連結"", ""url"": ""https://youranimes.tw/animes/542""}]"
《佐賀偶像是傳奇》的主視覺圖,2018年10月新番,1,0,"[{""title"": ""YourAnimes 連結"", ""url"": ""https://youranimes.tw/animes/462""}]"
《青春豬頭少年不會夢到兔女郎學姊》的主視覺圖,2018年10月新番,1,0,"[{""title"": ""YourAnimes 連結"", ""url"": ""https://youranimes.tw/animes/559""}]"
《錢進球場 第二季》的主視覺圖,2018年10月新番,2,0,"[{""title"": ""YourAnimes 連結"", ""url"": ""https://youranimes.tw/animes/385""}]"
《火之丸相撲》的主視覺圖,2018年10月新番,1,0,"[{""title"": ""YourAnimes 連結"", ""url"": ""https://youranimes.tw/animes/553""}]"
《天空與海洋之間》的主視覺圖,2018年10月新番,1,0,"[{""title"": ""YourAnimes 連結"", ""url"": ""https://youranimes.tw/animes/558""}]"
《SSSS.GRIDMAN》的主視覺圖,2018年10月新番,1,0,"[{""title"": ""YourAnimes 連結"", ""url"": ""https://youranimes.tw/animes/390""}]"
《逆轉裁判～對這個「真相」，有異議！～ 第二季》的主視覺圖,2018年10月新番,2,0,"[{""title"": ""YourAnimes 連結"", ""url"": ""https://youranimes.tw/animes/407""}]"
《書店裡的骷髏店員本田》的主視覺圖,2018年10月新番,1,0,"[{""title"": ""YourAnimes 連結"", ""url"": ""https://youranimes.tw/animes/9""}]"
《關於我轉生變成史萊姆這檔事》的主視覺圖,2018年10月新番,1,0,"[{""title"": ""YourAnimes 連結"", ""url"": ""https://youranimes.tw/animes/563""}]"
《魔法禁書目錄 第三季》的主視覺圖,2018年10月新番,3,0,"[{""title"": ""YourAnimes 連結"", ""url"": ""https://youranimes.tw/animes/107""}]"
《Anima Yell!》的主視覺圖,2018年10月新番,1,0,"[{""title"": ""YourAnimes 連結"", ""url"": ""https://youranimes.tw/animes/548""}]"
《戀愛幕末男友外傳》的主視覺圖,2018年10月新番,1,0,"[{""title"": ""YourAnimes 連結"", ""url"": ""https://youranimes.tw/animes/501""}]"
《黃金神威 第二季》的主視覺圖,2018年10月新番,2,0,"[{""title"": ""YourAnimes 連結"", ""url"": ""https://youranimes.tw/animes/546""}]"
《JOJO的奇妙冒險 第四季：黃金之風》的主視覺圖,2018年10月新番,4,0,"[{""title"": ""YourAnimes 連結"", ""url"": ""https://youranimes.tw/animes/552""}]"
《我讓最想被擁抱的男人給威脅了。》的主視覺圖,2018年10月新番,1,0,"[{""title"": ""YourAnimes 連結"", ""url"": ""https://youranimes.tw/animes/554""}]"
《學園BASARA》的主視覺圖,2018年10月新番,1,0,"[{""title"": ""YourAnimes 連結"", ""url"": ""https://youranimes.tw/animes/557""}]"
《刀劍神域 Alicization》的主視覺圖,2018年10月新番,1,0,"[{""title"": ""YourAnimes 連結"", ""url"": ""https://youranimes.tw/animes/64""}]"
《尤利西斯 貞德與鍊金騎士》的主視覺圖,2018年10月新番,1,0,"[{""title"": ""YourAnimes 連結"", ""url"": ""https://youranimes.tw/animes/782""}]"
《大人的防具店》的主視覺圖,2018年10月新番,1,0,"[{""title"": ""YourAnimes 連結"", ""url"": ""https://youranimes.tw/animes/967""}]"
《Thunderbolt Fantasy 東離劍遊紀 第二季》的主視覺圖,2018年10月新番,2,0,"[{""title"": ""YourAnimes 連結"", ""url"": ""https://youranimes.tw/animes/1023""}]"
《RErideD -穿越時空的德理達-》的主視覺圖,2018年10月新番,1,0,"[{""title"": ""YourAnimes 連結"", ""url"": ""https://youranimes.tw/animes/1121""}]"
《我家的女僕有夠煩》的主視覺圖,2018年10月新番,1,0,"[{""title"": ""YourAnimes 連結"", ""url"": ""https://youranimes.tw/animes/1119""}]"
《FAIRY TAIL 魔導少年 最終章》的主視覺圖,2018年10月新番,1,0,"[{""title"": ""YourAnimes 連結"", ""url"": ""https://youranimes.tw/animes/1517""}]"
《Radiant 虛空魔境》的主視覺圖,2018年10月新番,1,0,"[{""title"": ""YourAnimes 連結"", ""url"": ""https://youranimes.tw/animes/1777""}]"
《宇宙戰艦提拉米斯II》的主視覺圖,2018年10月新番,1,0,"[{""title"": ""YourAnimes 連結"", ""url"": ""https://youranimes.tw/animes/2073""}]"
《末班車後，與上司的膠囊旅館之夜》的主視覺圖,2018年10月新番,1,0,"[{""title"": ""YourAnimes 連結"", ""url"": ""https://youranimes.tw/animes/2317""}]"
《齊木楠雄的災難 完結篇》的主視覺圖,2018年10月新番,1,0,"[{""title"": ""YourAnimes 連結"", ""url"": ""https://youranimes.tw/animes/2415""}]"
《彼時彼女》的主視覺圖,2018年10月新番,1,0,"[{""title"": ""YourAnimes 連結"", ""url"": ""https://youranimes.tw/animes/2549""}]"
《閃電十一人 獵戶座的刻印》的主視覺圖,2018年10月新番,1,0,"[{""title"": ""YourAnimes 連結"", ""url"": ""https://youranimes.tw/animes/2665""}]"
《弦音－風舞高中弓道部－》的主視覺圖,2018年10月新番,1,0,"[{""title"": ""YourAnimes 連結"", ""url"": ""https://youranimes.tw/animes/2825""}]"
《Ingress 虛擬入口》的主視覺圖,2018年10月新番,1,0,"[{""title"": ""YourAnimes 連結"", ""url"": ""https://youranimes.tw/animes/3621""}]"
《寄宿學校的茱麗葉》的主視覺圖,2018年10月新番,1,0,"[{""title"": ""YourAnimes 連結"", ""url"": ""https://youranimes.tw/animes/4229""}]"
《叛逆性百萬亞瑟王》的主視覺圖,2018年10月新番,1,0,"[{""title"": ""YourAnimes 連結"", ""url"": ""https://youranimes.tw/animes/4281""}]"
《傀儡馬戲團》的主視覺圖,2018年10月新番,1,0,"[{""title"": ""YourAnimes 連結"", ""url"": ""https://youranimes.tw/animes/4480""}]"
《來自繽紛世界的明日》的主視覺圖,2018年10月新番,1,0,"[{""title"": ""YourAnimes 連結"", ""url"": ""https://youranimes.tw/animes/4487""}]"
《PEACE MAKER 鐵 後篇「友命〜ユウメイ〜」》的主視覺圖,2018年10月新番,1,0,"[{""title"": ""YourAnimes 連結"", ""url"": ""https://youranimes.tw/animes/4566""}]"
《終將成為妳》的主視覺圖,2018年10月新番,1,0,"[{""title"": ""YourAnimes 連結"", ""url"": ""https://youranimes.tw/animes/4732""}]"
《只要別西卜大小姐喜歡就好》的主視覺圖,2018年10月新番,1,0,"[{""title"": ""YourAnimes 連結"", ""url"": ""https://youranimes.tw/animes/4733""}]"
《CONCEPTION 產子救世錄》的主視覺圖,2018年10月新番,1,0,"[{""title"": ""YourAnimes 連結"", ""url"": ""https://youranimes.tw/animes/4734""}]"
《蒼天之拳 REGENESIS 第二季度》的主視覺圖,2018年10月新番,2,0,"[{""title"": ""YourAnimes 連結"", ""url"": ""https://youranimes.tw/animes/4737""}]"
《能繼續奔跑下去真是太好了。》的主視覺圖,2018年10月新番,1,0,"[{""title"": ""YourAnimes 連結"", ""url"": ""https://youranimes.tw/animes/4746""}]"
《閃亂神樂 SHINOVI MASTER -東京妖魔篇-》的主視覺圖,2018年10月新番,1,0,"[{""title"": ""YourAnimes 連結"", ""url"": ""https://youranimes.tw/animes/5115""}]"
《Fight League 交鋒聯盟》的主視覺圖,2019年1月新番,1,0,"[{""title"": ""YourAnimes 連結"", ""url"": ""https://youranimes.tw/animes/513""}]"
《大人的防具店 裏面》的主視覺圖,2019年1月新番,1,0,"[{""title"": ""YourAnimes 連結"", ""url"": ""https://youranimes.tw/animes/968""}]"
《Double Decker！ 道格＆基里爾 EXTRA》的主視覺圖,2019年1月新番,1,0,"[{""title"": ""YourAnimes 連結"", ""url"": ""https://youranimes.tw/animes/1926""}]"
《ぷそ煮コミ》的主視覺圖,2019年1月新番,1,0,"[{""title"": ""YourAnimes 連結"", ""url"": ""https://youranimes.tw/animes/2725""}]"
《Final Fantasy XV 艾汀篇 序章》的主視覺圖,2019年1月新番,1,0,"[{""title"": ""YourAnimes 連結"", ""url"": ""https://youranimes.tw/animes/5182""}]"
《魯邦三世 再見了伙伴》的主視覺圖,2019年1月新番,1,0,"[{""title"": ""YourAnimes 連結"", ""url"": ""https://youranimes.tw/animes/517""}]"
《名偵探柯南：紅之校外旅行》的主視覺圖,2019年1月新番,1,0,"[{""title"": ""YourAnimes 連結"", ""url"": ""https://youranimes.tw/animes/2472""}]"
《女神異聞錄5「Stars and Ours」》的主視覺圖,2019年1月新番,1,0,"[{""title"": ""YourAnimes 連結"", ""url"": ""https://youranimes.tw/animes/4658""}]"
《Manaria Friends》的主視覺圖,2019年1月新番,1,0,"[{""title"": ""YourAnimes 連結"", ""url"": ""https://youranimes.tw/animes/518""}]"
《百慕達三角～多彩田園曲～》的主視覺圖,2019年1月新番,1,0,"[{""title"": ""YourAnimes 連結"", ""url"": ""https://youranimes.tw/animes/521""}]"
《荒野的壽飛行隊》的主視覺圖,2019年1月新番,1,0,"[{""title"": ""YourAnimes 連結"", ""url"": ""https://youranimes.tw/animes/519""}]"
《動物朋友2》的主視覺圖,2019年1月新番,1,0,"[{""title"": ""YourAnimes 連結"", ""url"": ""https://youranimes.tw/animes/532""}]"
《輝夜姬想讓人告白～天才們的戀愛頭腦戰～》的主視覺圖,2019年1月新番,1,0,"[{""title"": ""YourAnimes 連結"", ""url"": ""https://youranimes.tw/animes/246""}]"
《粉彩回憶》的主視覺圖,2019年1月新番,1,0,"[{""title"": ""YourAnimes 連結"", ""url"": ""https://youranimes.tw/animes/531""}]"
《B-PROJECT～絕頂＊Emotion～》的主視覺圖,2019年1月新番,1,0,"[{""title"": ""YourAnimes 連結"", ""url"": ""https://youranimes.tw/animes/523""}]"
《BanG Dream！第二季》的主視覺圖,2019年1月新番,2,0,"[{""title"": ""YourAnimes 連結"", ""url"": ""https://youranimes.tw/animes/538""}]"
《魔法少女特殊戰明日香》的主視覺圖,2019年1月新番,1,0,"[{""title"": ""YourAnimes 連結"", ""url"": ""https://youranimes.tw/animes/524""}]"
《笑容的代價》的主視覺圖,2019年1月新番,1,0,"[{""title"": ""YourAnimes 連結"", ""url"": ""https://youranimes.tw/animes/537""}]"
《不愉快的妖怪庵 續》的主視覺圖,2019年1月新番,1,0,"[{""title"": ""YourAnimes 連結"", ""url"": ""https://youranimes.tw/animes/535""}]"
《約定的夢幻島》的主視覺圖,2019年1月新番,1,0,"[{""title"": ""YourAnimes 連結"", ""url"": ""https://youranimes.tw/animes/525""}]"
《笨拙之極的上野》的主視覺圖,2019年1月新番,1,0,"[{""title"": ""YourAnimes 連結"", ""url"": ""https://youranimes.tw/animes/534""}]"
《路人超能100 第二季》的主視覺圖,2019年1月新番,2,0,"[{""title"": ""YourAnimes 連結"", ""url"": ""https://youranimes.tw/animes/527""}]"
《約會大作戰 第三季》的主視覺圖,2019年1月新番,3,0,"[{""title"": ""YourAnimes 連結"", ""url"": ""https://youranimes.tw/animes/406""}]"
《同居人是貓》的主視覺圖,2019年1月新番,1,0,"[{""title"": ""YourAnimes 連結"", ""url"": ""https://youranimes.tw/animes/359""}]"
《家有女友》的主視覺圖,2019年1月新番,1,0,"[{""title"": ""YourAnimes 連結"", ""url"": ""https://youranimes.tw/animes/522""}]"
《五等分的新娘》的主視覺圖,2019年1月新番,1,0,"[{""title"": ""YourAnimes 連結"", ""url"": ""https://youranimes.tw/animes/796""}]"
《盾之勇者成名錄》的主視覺圖,2019年1月新番,1,0,"[{""title"": ""YourAnimes 連結"", ""url"": ""https://youranimes.tw/animes/1177""}]"
《ENDRO!》的主視覺圖,2019年1月新番,1,0,"[{""title"": ""YourAnimes 連結"", ""url"": ""https://youranimes.tw/animes/1759""}]"
《琴之森 第二季》的主視覺圖,2019年1月新番,2,0,"[{""title"": ""YourAnimes 連結"", ""url"": ""https://youranimes.tw/animes/1936""}]"
《就算是爸爸，也想做》的主視覺圖,2019年1月新番,1,0,"[{""title"": ""YourAnimes 連結"", ""url"": ""https://youranimes.tw/animes/2318""}]"
《狂賭之淵 第二季》的主視覺圖,2019年1月新番,2,0,"[{""title"": ""YourAnimes 連結"", ""url"": ""https://youranimes.tw/animes/2398""}]"
《殘念生物事典(2)》的主視覺圖,2019年1月新番,1,0,"[{""title"": ""YourAnimes 連結"", ""url"": ""https://youranimes.tw/animes/2895""}]"
《天使降臨到我身邊！》的主視覺圖,2019年1月新番,1,0,"[{""title"": ""YourAnimes 連結"", ""url"": ""https://youranimes.tw/animes/2987""}]"
《revisions 澀谷新視界》的主視覺圖,2019年1月新番,1,0,"[{""title"": ""YourAnimes 連結"", ""url"": ""https://youranimes.tw/animes/3627""}]"
《迷你刀使》的主視覺圖,2019年1月新番,1,0,"[{""title"": ""YourAnimes 連結"", ""url"": ""https://youranimes.tw/animes/4223""}]"
《雨色可可 side G》的主視覺圖,2019年1月新番,1,0,"[{""title"": ""YourAnimes 連結"", ""url"": ""https://youranimes.tw/animes/4616""}]"
《不吉波普不笑》的主視覺圖,2019年1月新番,1,0,"[{""title"": ""YourAnimes 連結"", ""url"": ""https://youranimes.tw/animes/4716""}]"
《明治東京戀伽》的主視覺圖,2019年1月新番,1,0,"[{""title"": ""YourAnimes 連結"", ""url"": ""https://youranimes.tw/animes/4717""}]"
《Circlet Princess 環戰公主》的主視覺圖,2019年1月新番,1,0,"[{""title"": ""YourAnimes 連結"", ""url"": ""https://youranimes.tw/animes/4720""}]"
《戰鬥陀螺 爆烈世代 GT》的主視覺圖,2019年4月新番,1,0,"[{""title"": ""YourAnimes 連結"", ""url"": ""https://youranimes.tw/animes/643""}]"
《灰姑娘女孩劇場 週二灰姑娘劇場 第四季》的主視覺圖,2019年4月新番,4,0,"[{""title"": ""YourAnimes 連結"", ""url"": ""https://youranimes.tw/animes/1923""}]"
《普羅米亞 前日談 加洛篇》的主視覺圖,2019年4月新番,1,0,"[{""title"": ""YourAnimes 連結"", ""url"": ""https://youranimes.tw/animes/2129""}]"
《普羅米亞 前日談 里歐篇》的主視覺圖,2019年4月新番,1,0,"[{""title"": ""YourAnimes 連結"", ""url"": ""https://youranimes.tw/animes/2130""}]"
《ULTRAMAN》的主視覺圖,2019年4月新番,1,0,"[{""title"": ""YourAnimes 連結"", ""url"": ""https://youranimes.tw/animes/3065""}]"
《衝吧烈子 第二季》的主視覺圖,2019年4月新番,2,0,"[{""title"": ""YourAnimes 連結"", ""url"": ""https://youranimes.tw/animes/3060""}]"
《小魔女DoReMi お笑い劇場》的主視覺圖,2019年4月新番,1,0,"[{""title"": ""YourAnimes 連結"", ""url"": ""https://youranimes.tw/animes/3314""}]"
《凱洛與塔斯黛 迷你動畫》的主視覺圖,2019年4月新番,1,0,"[{""title"": ""YourAnimes 連結"", ""url"": ""https://youranimes.tw/animes/3460""}]"
《7SEEDS》的主視覺圖,2019年4月新番,1,0,"[{""title"": ""YourAnimes 連結"", ""url"": ""https://youranimes.tw/animes/3525""}]"
《怪物彈珠 The Animation アーサー 騎士王の覚醒》的主視覺圖,2019年4月新番,1,0,"[{""title"": ""YourAnimes 連結"", ""url"": ""https://youranimes.tw/animes/5151""}]"
《戀愛幕末男友外傳 危機》的主視覺圖,2019年4月新番,1,0,"[{""title"": ""YourAnimes 連結"", ""url"": ""https://youranimes.tw/animes/500""}]"
《八月的棒球甜心》的主視覺圖,2019年4月新番,1,0,"[{""title"": ""YourAnimes 連結"", ""url"": ""https://youranimes.tw/animes/494""}]"
《信長老師的年幼妻子》的主視覺圖,2019年4月新番,1,0,"[{""title"": ""YourAnimes 連結"", ""url"": ""https://youranimes.tw/animes/103""}]"
《川柳少女》的主視覺圖,2019年4月新番,1,0,"[{""title"": ""YourAnimes 連結"", ""url"": ""https://youranimes.tw/animes/499""}]"
《鬼滅之刃》的主視覺圖,2019年4月新番,1,0,"[{""title"": ""YourAnimes 連結"", ""url"": ""https://youranimes.tw/animes/249""}]"
《高中女生》的主視覺圖,2019年4月新番,1,0,"[{""title"": ""YourAnimes 連結"", ""url"": ""https://youranimes.tw/animes/493""}]"
《一拳超人 第二季》的主視覺圖,2019年4月新番,2,0,"[{""title"": ""YourAnimes 連結"", ""url"": ""https://youranimes.tw/animes/502""}]"
《我們真的學不來！》的主視覺圖,2019年4月新番,1,0,"[{""title"": ""YourAnimes 連結"", ""url"": ""https://youranimes.tw/animes/276""}]"
《MIX》的主視覺圖,2019年4月新番,1,0,"[{""title"": ""YourAnimes 連結"", ""url"": ""https://youranimes.tw/animes/495""}]"
《滿腦都是○○的我沒辦法談戀愛》的主視覺圖,2019年4月新番,1,0,"[{""title"": ""YourAnimes 連結"", ""url"": ""https://youranimes.tw/animes/498""}]"
《為什麼老師會在這裡！？》的主視覺圖,2019年4月新番,1,0,"[{""title"": ""YourAnimes 連結"", ""url"": ""https://youranimes.tw/animes/192""}]"
《卡片戰鬥!! 先導者 (2018) (續高校篇)》的主視覺圖,2019年4月新番,1,0,"[{""title"": ""YourAnimes 連結"", ""url"": ""https://youranimes.tw/animes/487""}]"
《鑽石王牌 act2》的主視覺圖,2019年4月新番,1,0,"[{""title"": ""YourAnimes 連結"", ""url"": ""https://youranimes.tw/animes/504""}]"
《一個人的○○小日子》的主視覺圖,2019年4月新番,1,0,"[{""title"": ""YourAnimes 連結"", ""url"": ""https://youranimes.tw/animes/496""}]"
《魔法水果籃》的主視覺圖,2019年4月新番,1,0,"[{""title"": ""YourAnimes 連結"", ""url"": ""https://youranimes.tw/animes/175""}]"
《請讓我撒嬌，仙狐大人！》的主視覺圖,2019年4月新番,1,0,"[{""title"": ""YourAnimes 連結"", ""url"": ""https://youranimes.tw/animes/451""}]"
《進擊的巨人 第三季 第二季度》的主視覺圖,2019年4月新番,3,0,"[{""title"": ""YourAnimes 連結"", ""url"": ""https://youranimes.tw/animes/570""}]"
《一弦定音！》的主視覺圖,2019年4月新番,1,0,"[{""title"": ""YourAnimes 連結"", ""url"": ""https://youranimes.tw/animes/465""}]"
《超可動女孩 1/6》的主視覺圖,2019年4月新番,1,0,"[{""title"": ""YourAnimes 連結"", ""url"": ""https://youranimes.tw/animes/492""}]"
《閃躍吧！星夢頻道 第二季》的主視覺圖,2019年4月新番,2,0,"[{""title"": ""YourAnimes 連結"", ""url"": ""https://youranimes.tw/animes/645""}]"
《Fairy gone》的主視覺圖,2019年4月新番,1,0,"[{""title"": ""YourAnimes 連結"", ""url"": ""https://youranimes.tw/animes/489""}]"
《星光王子 -Shiny Seven Stars-》的主視覺圖,2019年4月新番,1,0,"[{""title"": ""YourAnimes 連結"", ""url"": ""https://youranimes.tw/animes/488""}]"
《妖怪手錶！》的主視覺圖,2019年4月新番,1,0,"[{""title"": ""YourAnimes 連結"", ""url"": ""https://youranimes.tw/animes/710""}]"
《爆丸 決戰星球》的主視覺圖,2019年4月新番,1,0,"[{""title"": ""YourAnimes 連結"", ""url"": ""https://youranimes.tw/animes/721""}]"
《異世界四重奏》的主視覺圖,2019年4月新番,1,0,"[{""title"": ""YourAnimes 連結"", ""url"": ""https://youranimes.tw/animes/911""}]"
《強襲魔女 501部隊出動！》的主視覺圖,2019年4月新番,1,0,"[{""title"": ""YourAnimes 連結"", ""url"": ""https://youranimes.tw/animes/1192""}]"
《灰姑娘女孩劇場 第四季：CLIMAX SEASON》的主視覺圖,2019年4月新番,4,0,"[{""title"": ""YourAnimes 連結"", ""url"": ""https://youranimes.tw/animes/1922""}]"
《八十龜醬觀察日記》的主視覺圖,2019年4月新番,1,0,"[{""title"": ""YourAnimes 連結"", ""url"": ""https://youranimes.tw/animes/2024""}]"
《少年阿貝 GO! GO! 小芝麻 第四季》的主視覺圖,2019年4月新番,4,0,"[{""title"": ""YourAnimes 連結"", ""url"": ""https://youranimes.tw/animes/2105""}]"
《偶像學園Friends！ 第二季》的主視覺圖,2019年4月新番,2,0,"[{""title"": ""YourAnimes 連結"", ""url"": ""https://youranimes.tw/animes/2181""}]"
《喵的咧～貓咪戲說日本史 第四季》的主視覺圖,2019年4月新番,4,0,"[{""title"": ""YourAnimes 連結"", ""url"": ""https://youranimes.tw/animes/2260""}]"
《文豪Stray Dogs 第三季》的主視覺圖,2019年4月新番,3,0,"[{""title"": ""YourAnimes 連結"", ""url"": ""https://youranimes.tw/animes/2288""}]"
《南無阿彌陀佛!-蓮台 UTENA-》的主視覺圖,2019年4月新番,1,0,"[{""title"": ""YourAnimes 連結"", ""url"": ""https://youranimes.tw/animes/2295""}]"
《香蕉怪大叔 呐呐~呐 驚奇的洞穴國度》的主視覺圖,2019年4月新番,1,0,"[{""title"": ""YourAnimes 連結"", ""url"": ""https://youranimes.tw/animes/2446""}]"
《拾又之國》的主視覺圖,2019年4月新番,1,0,"[{""title"": ""YourAnimes 連結"", ""url"": ""https://youranimes.tw/animes/2519""}]"
《一拳超人 總集篇》的主視覺圖,2019年4月新番,1,0,"[{""title"": ""YourAnimes 連結"", ""url"": ""https://youranimes.tw/animes/2719""}]"
《POP TEAM EPIC 特別篇》的主視覺圖,2019年4月新番,1,0,"[{""title"": ""YourAnimes 連結"", ""url"": ""https://youranimes.tw/animes/3220""}]"
《凱洛與塔斯黛》的主視覺圖,2019年4月新番,1,0,"[{""title"": ""YourAnimes 連結"", ""url"": ""https://youranimes.tw/animes/3459""}]"
《毛球權次郎》的主視覺圖,2019年4月新番,1,0,"[{""title"": ""YourAnimes 連結"", ""url"": ""https://youranimes.tw/animes/3711""}]"
《叛逆性百萬亞瑟王 第二季》的主視覺圖,2019年4月新番,2,0,"[{""title"": ""YourAnimes 連結"", ""url"": ""https://youranimes.tw/animes/4282""}]"
《機動戰士鋼彈 THE ORIGIN 前夜 赤い彗星》的主視覺圖,2019年4月新番,1,0,"[{""title"": ""YourAnimes 連結"", ""url"": ""https://youranimes.tw/animes/4690""}]"
《深夜的超自然公務員》的主視覺圖,2019年4月新番,1,0,"[{""title"": ""YourAnimes 連結"", ""url"": ""https://youranimes.tw/animes/4693""}]"
《YU-NO 在這世界盡頭詠唱愛的少女》的主視覺圖,2019年4月新番,1,0,"[{""title"": ""YourAnimes 連結"", ""url"": ""https://youranimes.tw/animes/4694""}]"
《賢者之孫》的主視覺圖,2019年4月新番,1,0,"[{""title"": ""YourAnimes 連結"", ""url"": ""https://youranimes.tw/animes/4706""}]"
《RobiHachi》的主視覺圖,2019年4月新番,1,0,"[{""title"": ""YourAnimes 連結"", ""url"": ""https://youranimes.tw/animes/4707""}]"
《消滅都市》的主視覺圖,2019年4月新番,1,0,"[{""title"": ""YourAnimes 連結"", ""url"": ""https://youranimes.tw/animes/4708""}]"
《機甲英雄 機鬥勇者》的主視覺圖,2019年7月新番,1,0,"[{""title"": ""YourAnimes 連結"", ""url"": ""https://youranimes.tw/animes/469""}]"
《ZENONZARD THE ANIMATION》的主視覺圖,2019年7月新番,1,0,"[{""title"": ""YourAnimes 連結"", ""url"": ""https://youranimes.tw/animes/472""}]"
《忍者寶盒》的主視覺圖,2019年7月新番,1,0,"[{""title"": ""YourAnimes 連結"", ""url"": ""https://youranimes.tw/animes/2114""}]"
《HERO MASK 英雄面具 PartII》的主視覺圖,2019年7月新番,1,0,"[{""title"": ""YourAnimes 連結"", ""url"": ""https://youranimes.tw/animes/3505""}]"
《CANNON BUSTERS 砲彈剋星》的主視覺圖,2019年7月新番,1,0,"[{""title"": ""YourAnimes 連結"", ""url"": ""https://youranimes.tw/animes/3594""}]"
《拳願阿修羅》的主視覺圖,2019年7月新番,1,0,"[{""title"": ""YourAnimes 連結"", ""url"": ""https://youranimes.tw/animes/3526""}]"
《聖鬥士星矢：黃道十二宮戰士》的主視覺圖,2019年7月新番,1,0,"[{""title"": ""YourAnimes 連結"", ""url"": ""https://youranimes.tw/animes/3587""}]"
《迷你百合》的主視覺圖,2019年7月新番,1,0,"[{""title"": ""YourAnimes 連結"", ""url"": ""https://youranimes.tw/animes/4468""}]"
《怪物彈珠 The Animation ノア 方舟の救世主》的主視覺圖,2019年7月新番,1,0,"[{""title"": ""YourAnimes 連結"", ""url"": ""https://youranimes.tw/animes/5152""}]"
《異世界超能魔術師》的主視覺圖,2019年7月新番,1,0,"[{""title"": ""YourAnimes 連結"", ""url"": ""https://youranimes.tw/animes/27""}]"
《炎炎消防隊》的主視覺圖,2019年7月新番,1,0,"[{""title"": ""YourAnimes 連結"", ""url"": ""https://youranimes.tw/animes/53""}]"
《COP CRAFT》的主視覺圖,2019年7月新番,1,0,"[{""title"": ""YourAnimes 連結"", ""url"": ""https://youranimes.tw/animes/474""}]"
《BEM 妖怪人類貝姆》的主視覺圖,2019年7月新番,1,0,"[{""title"": ""YourAnimes 連結"", ""url"": ""https://youranimes.tw/animes/480""}]"
《騷亂時節的少女們。》的主視覺圖,2019年7月新番,1,0,"[{""title"": ""YourAnimes 連結"", ""url"": ""https://youranimes.tw/animes/347""}]"
《女高中生的虛度日常》的主視覺圖,2019年7月新番,1,0,"[{""title"": ""YourAnimes 連結"", ""url"": ""https://youranimes.tw/animes/483""}]"
《海盜戰記》的主視覺圖,2019年7月新番,1,0,"[{""title"": ""YourAnimes 連結"", ""url"": ""https://youranimes.tw/animes/70""}]"
《Dr.STONE 新石紀》的主視覺圖,2019年7月新番,1,0,"[{""title"": ""YourAnimes 連結"", ""url"": ""https://youranimes.tw/animes/141""}]"
《Re:Stage！Dream Days♪》的主視覺圖,2019年7月新番,1,0,"[{""title"": ""YourAnimes 連結"", ""url"": ""https://youranimes.tw/animes/478""}]"
《流汗吧！健身少女》的主視覺圖,2019年7月新番,1,0,"[{""title"": ""YourAnimes 連結"", ""url"": ""https://youranimes.tw/animes/142""}]"
《彼方的阿斯特拉》的主視覺圖,2019年7月新番,1,0,"[{""title"": ""YourAnimes 連結"", ""url"": ""https://youranimes.tw/animes/71""}]"
《平凡職業造就世界最強》的主視覺圖,2019年7月新番,1,0,"[{""title"": ""YourAnimes 連結"", ""url"": ""https://youranimes.tw/animes/11""}]"
《只要長得可愛，即使是變態你也喜歡嗎？》的主視覺圖,2019年7月新番,1,0,"[{""title"": ""YourAnimes 連結"", ""url"": ""https://youranimes.tw/animes/475""}]"
《闇芝居 第七季》的主視覺圖,2019年7月新番,7,0,"[{""title"": ""YourAnimes 連結"", ""url"": ""https://youranimes.tw/animes/482""}]"
《偶像夢幻祭！》的主視覺圖,2019年7月新番,1,0,"[{""title"": ""YourAnimes 連結"", ""url"": ""https://youranimes.tw/animes/476""}]"
《GIVEN 被贈與的未來》的主視覺圖,2019年7月新番,1,0,"[{""title"": ""YourAnimes 連結"", ""url"": ""https://youranimes.tw/animes/126""}]"
《卡片戰鬥!! 先導者 (2018) (新右衛門篇篇)》的主視覺圖,2019年7月新番,1,0,"[{""title"": ""YourAnimes 連結"", ""url"": ""https://youranimes.tw/animes/468""}]"
《TRY KNIGHTS》的主視覺圖,2019年7月新番,1,0,"[{""title"": ""YourAnimes 連結"", ""url"": ""https://youranimes.tw/animes/470""}]"
《魔術學姐》的主視覺圖,2019年7月新番,1,0,"[{""title"": ""YourAnimes 連結"", ""url"": ""https://youranimes.tw/animes/346""}]"
《普通攻擊是全體二連擊，這樣的媽媽你喜歡嗎？》的主視覺圖,2019年7月新番,1,0,"[{""title"": ""YourAnimes 連結"", ""url"": ""https://youranimes.tw/animes/3""}]"
《實況主的逃脫遊戲【直播中】》的主視覺圖,2019年7月新番,1,0,"[{""title"": ""YourAnimes 連結"", ""url"": ""https://youranimes.tw/animes/477""}]"
《為了女兒，我說不定連魔王都能幹掉。》的主視覺圖,2019年7月新番,1,0,"[{""title"": ""YourAnimes 連結"", ""url"": ""https://youranimes.tw/animes/484""}]"
《在地下城尋求邂逅是否搞錯了什麼 第二季》的主視覺圖,2019年7月新番,2,0,"[{""title"": ""YourAnimes 連結"", ""url"": ""https://youranimes.tw/animes/54""}]"
《科學一方通行》的主視覺圖,2019年7月新番,1,0,"[{""title"": ""YourAnimes 連結"", ""url"": ""https://youranimes.tw/animes/471""}]"
《你遭難了嗎？》的主視覺圖,2019年7月新番,1,0,"[{""title"": ""YourAnimes 連結"", ""url"": ""https://youranimes.tw/animes/456""}]"
《艾梅洛閣下 II 世事件簿 -魔眼蒐集列車 Grace note-》的主視覺圖,2019年7月新番,1,0,"[{""title"": ""YourAnimes 連結"", ""url"": ""https://youranimes.tw/animes/479""}]"
《滿月之戰》的主視覺圖,2019年7月新番,1,0,"[{""title"": ""YourAnimes 連結"", ""url"": ""https://youranimes.tw/animes/1051""}]"
《博多明太！麻辣子醬》的主視覺圖,2019年7月新番,1,0,"[{""title"": ""YourAnimes 連結"", ""url"": ""https://youranimes.tw/animes/1123""}]"
《高校星歌劇 第三季》的主視覺圖,2019年7月新番,3,0,"[{""title"": ""YourAnimes 連結"", ""url"": ""https://youranimes.tw/animes/1130""}]"
《高校星歌劇 特別篇》的主視覺圖,2019年7月新番,1,0,"[{""title"": ""YourAnimes 連結"", ""url"": ""https://youranimes.tw/animes/1131""}]"
《德哥與皮皮》的主視覺圖,2019年7月新番,1,0,"[{""title"": ""YourAnimes 連結"", ""url"": ""https://youranimes.tw/animes/2099""}]"
《街角的魔族女孩》的主視覺圖,2019年7月新番,1,0,"[{""title"": ""YourAnimes 連結"", ""url"": ""https://youranimes.tw/animes/2096""}]"
《擅長捉弄人的高木同學 第二季》的主視覺圖,2019年7月新番,2,0,"[{""title"": ""YourAnimes 連結"", ""url"": ""https://youranimes.tw/animes/2775""}]"
《殘念生物事典(3)》的主視覺圖,2019年7月新番,1,0,"[{""title"": ""YourAnimes 連結"", ""url"": ""https://youranimes.tw/animes/2896""}]"
《獵獸神兵》的主視覺圖,2019年7月新番,1,0,"[{""title"": ""YourAnimes 連結"", ""url"": ""https://youranimes.tw/animes/4418""}]"
《魔王陛下，RETRY！》的主視覺圖,2019年7月新番,1,0,"[{""title"": ""YourAnimes 連結"", ""url"": ""https://youranimes.tw/animes/4499""}]"
《戰姬絕唱SYMPHOGEAR XV》的主視覺圖,2019年7月新番,1,0,"[{""title"": ""YourAnimes 連結"", ""url"": ""https://youranimes.tw/animes/4887""}]"
《鋼彈創鬥者 潛網大戰 Re:RISE》的主視覺圖,2019年10月新番,1,0,"[{""title"": ""YourAnimes 連結"", ""url"": ""https://youranimes.tw/animes/280""}]"
《虛構推理 迷你動畫》的主視覺圖,2019年10月新番,1,0,"[{""title"": ""YourAnimes 連結"", ""url"": ""https://youranimes.tw/animes/228""}]"
《耐え子の日常 YouTube課編》的主視覺圖,2019年10月新番,1,0,"[{""title"": ""YourAnimes 連結"", ""url"": ""https://youranimes.tw/animes/47""}]"
《無限住人-IMMORTAL-》的主視覺圖,2019年10月新番,1,0,"[{""title"": ""YourAnimes 連結"", ""url"": ""https://youranimes.tw/animes/255""}]"
《Levius 列比烏斯》的主視覺圖,2019年10月新番,1,0,"[{""title"": ""YourAnimes 連結"", ""url"": ""https://youranimes.tw/animes/91""}]"
《天體的秩序 另一個願望》的主視覺圖,2019年10月新番,1,0,"[{""title"": ""YourAnimes 連結"", ""url"": ""https://youranimes.tw/animes/259""}]"
《偶像大師 灰姑娘女孩 Spin-off》的主視覺圖,2019年10月新番,1,0,"[{""title"": ""YourAnimes 連結"", ""url"": ""https://youranimes.tw/animes/199""}]"
《OBSOLETE》的主視覺圖,2019年10月新番,1,0,"[{""title"": ""YourAnimes 連結"", ""url"": ""https://youranimes.tw/animes/43""}]"
《拳願阿修羅 Part 2》的主視覺圖,2019年10月新番,1,0,"[{""title"": ""YourAnimes 連結"", ""url"": ""https://youranimes.tw/animes/431""}]"
《恐龍女孩》的主視覺圖,2019年10月新番,1,0,"[{""title"": ""YourAnimes 連結"", ""url"": ""https://youranimes.tw/animes/45""}]"
《齊木楠雄的災難 再啟動篇》的主視覺圖,2019年10月新番,1,0,"[{""title"": ""YourAnimes 連結"", ""url"": ""https://youranimes.tw/animes/256""}]"
《しおひガールズ ボンゴレビアンコ》的主視覺圖,2019年10月新番,1,0,"[{""title"": ""YourAnimes 連結"", ""url"": ""https://youranimes.tw/animes/369""}]"
《NULL & PETA》的主視覺圖,2019年10月新番,1,0,"[{""title"": ""YourAnimes 連結"", ""url"": ""https://youranimes.tw/animes/100""}]"
《忍者寶盒 第二季》的主視覺圖,2019年10月新番,2,0,"[{""title"": ""YourAnimes 連結"", ""url"": ""https://youranimes.tw/animes/2115""}]"
《想看她一臉嫌惡地露出褲褲-本少爺就是想看- 2》的主視覺圖,2019年10月新番,1,0,"[{""title"": ""YourAnimes 連結"", ""url"": ""https://youranimes.tw/animes/3856""}]"
《怪物彈珠 The Animation ルシファー ウェディングゲーム》的主視覺圖,2019年10月新番,1,0,"[{""title"": ""YourAnimes 連結"", ""url"": ""https://youranimes.tw/animes/5153""}]"
《怪物彈珠 The Animation エンド・オブ・ザ・ワールド》的主視覺圖,2019年10月新番,1,0,"[{""title"": ""YourAnimes 連結"", ""url"": ""https://youranimes.tw/animes/5154""}]"
《魯邦三世 過去的監獄》的主視覺圖,2019年10月新番,1,0,"[{""title"": ""YourAnimes 連結"", ""url"": ""https://youranimes.tw/animes/12""}]"
《警視廳特務部特殊凶惡犯對策室第七課》的主視覺圖,2019年10月新番,1,0,"[{""title"": ""YourAnimes 連結"", ""url"": ""https://youranimes.tw/animes/240""}]"
《耐え子の日常》的主視覺圖,2019年10月新番,1,0,"[{""title"": ""YourAnimes 連結"", ""url"": ""https://youranimes.tw/animes/200""}]"
《食戟之靈 第四季：神之皿》的主視覺圖,2019年10月新番,4,0,"[{""title"": ""YourAnimes 連結"", ""url"": ""https://youranimes.tw/animes/179""}]"
《偶像學園 on Parade！》的主視覺圖,2019年10月新番,1,0,"[{""title"": ""YourAnimes 連結"", ""url"": ""https://youranimes.tw/animes/439""}]"
《戰×戀》的主視覺圖,2019年10月新番,1,0,"[{""title"": ""YourAnimes 連結"", ""url"": ""https://youranimes.tw/animes/24""}]"
《天華百劍 ～歡迎來到明治館！～》的主視覺圖,2019年10月新番,1,0,"[{""title"": ""YourAnimes 連結"", ""url"": ""https://youranimes.tw/animes/281""}]"
《NO GUNS LIFE 非槍人生》的主視覺圖,2019年10月新番,1,0,"[{""title"": ""YourAnimes 連結"", ""url"": ""https://youranimes.tw/animes/154""}]"
《歌塑世界 -Songs Connection-》的主視覺圖,2019年10月新番,1,0,"[{""title"": ""YourAnimes 連結"", ""url"": ""https://youranimes.tw/animes/90""}]"
《萌獸寵物店》的主視覺圖,2019年10月新番,1,0,"[{""title"": ""YourAnimes 連結"", ""url"": ""https://youranimes.tw/animes/212""}]"
《花牌情緣 第三季》的主視覺圖,2019年10月新番,3,0,"[{""title"": ""YourAnimes 連結"", ""url"": ""https://youranimes.tw/animes/108""}]"
《籃球少年王》的主視覺圖,2019年10月新番,1,0,"[{""title"": ""YourAnimes 連結"", ""url"": ""https://youranimes.tw/animes/365""}]"
《Z/X Code reunion》的主視覺圖,2019年10月新番,1,0,"[{""title"": ""YourAnimes 連結"", ""url"": ""https://youranimes.tw/animes/89""}]"
《Radiant 虛空魔境 第二季》的主視覺圖,2019年10月新番,2,0,"[{""title"": ""YourAnimes 連結"", ""url"": ""https://youranimes.tw/animes/257""}]"
《廚神小當家》的主視覺圖,2019年10月新番,1,0,"[{""title"": ""YourAnimes 連結"", ""url"": ""https://youranimes.tw/animes/122""}]"
《超人高中生們即便在異世界也能從容生存！》的主視覺圖,2019年10月新番,1,0,"[{""title"": ""YourAnimes 連結"", ""url"": ""https://youranimes.tw/animes/180""}]"
《我們真的學不來！第二季》的主視覺圖,2019年10月新番,2,0,"[{""title"": ""YourAnimes 連結"", ""url"": ""https://youranimes.tw/animes/300""}]"
《碧藍幻想 第二季》的主視覺圖,2019年10月新番,2,0,"[{""title"": ""YourAnimes 連結"", ""url"": ""https://youranimes.tw/animes/335""}]"
《募戀英雄 PIECE OF TRUTH》的主視覺圖,2019年10月新番,1,0,"[{""title"": ""YourAnimes 連結"", ""url"": ""https://youranimes.tw/animes/364""}]"
《妖怪學園Y ～第N類接觸～》的主視覺圖,2019年10月新番,1,0,"[{""title"": ""YourAnimes 連結"", ""url"": ""https://youranimes.tw/animes/631""}]"
《SUPER SHIRO 超級小白》的主視覺圖,2019年10月新番,1,0,"[{""title"": ""YourAnimes 連結"", ""url"": ""https://youranimes.tw/animes/360""}]"
《BABYLON 巴比倫》的主視覺圖,2019年10月新番,1,0,"[{""title"": ""YourAnimes 連結"", ""url"": ""https://youranimes.tw/animes/440""}]"
《小書痴的下剋上 為了成為圖書管理員不擇手段！》的主視覺圖,2019年10月新番,1,0,"[{""title"": ""YourAnimes 連結"", ""url"": ""https://youranimes.tw/animes/181""}]"
《高分少女 第二季》的主視覺圖,2019年10月新番,2,0,"[{""title"": ""YourAnimes 連結"", ""url"": ""https://youranimes.tw/animes/254""}]"
《星合之空》的主視覺圖,2019年10月新番,1,0,"[{""title"": ""YourAnimes 連結"", ""url"": ""https://youranimes.tw/animes/253""}]"
《夢幻之星 ONLINE 2 EPISODE ORACLE》的主視覺圖,2019年10月新番,1,0,"[{""title"": ""YourAnimes 連結"", ""url"": ""https://youranimes.tw/animes/420""}]"
《PSYCHO-PASS 心靈判官 第三季》的主視覺圖,2019年10月新番,3,0,"[{""title"": ""YourAnimes 連結"", ""url"": ""https://youranimes.tw/animes/201""}]"
《我不是說了能力要平均值嗎？》的主視覺圖,2019年10月新番,1,0,"[{""title"": ""YourAnimes 連結"", ""url"": ""https://youranimes.tw/animes/252""}]"
《ZOIDS WILD ZERO 機獸戰記 狂野爆發 ZERO》的主視覺圖,2019年10月新番,1,0,"[{""title"": ""YourAnimes 連結"", ""url"": ""https://youranimes.tw/animes/224""}]"
《廚病激發BOY》的主視覺圖,2019年10月新番,1,0,"[{""title"": ""YourAnimes 連結"", ""url"": ""https://youranimes.tw/animes/96""}]"
《歌舞伎町夏洛克》的主視覺圖,2019年10月新番,1,0,"[{""title"": ""YourAnimes 連結"", ""url"": ""https://youranimes.tw/animes/87""}]"
《我的英雄學院 第四季》的主視覺圖,2019年10月新番,4,0,"[{""title"": ""YourAnimes 連結"", ""url"": ""https://youranimes.tw/animes/136""}]"
《Fate/Grand Order -絕對魔獸戰線巴比倫尼亞-》的主視覺圖,2019年10月新番,1,0,"[{""title"": ""YourAnimes 連結"", ""url"": ""https://youranimes.tw/animes/84""}]"
《放學後桌遊俱樂部》的主視覺圖,2019年10月新番,1,0,"[{""title"": ""YourAnimes 連結"", ""url"": ""https://youranimes.tw/animes/305""}]"
《神田川JET GIRLS》的主視覺圖,2019年10月新番,1,0,"[{""title"": ""YourAnimes 連結"", ""url"": ""https://youranimes.tw/animes/337""}]"
《七大罪 第三季：眾神的逆鱗》的主視覺圖,2019年10月新番,3,0,"[{""title"": ""YourAnimes 連結"", ""url"": ""https://youranimes.tw/animes/82""}]"
《刀劍神域 Alicization War of Underworld》的主視覺圖,2019年10月新番,1,0,"[{""title"": ""YourAnimes 連結"", ""url"": ""https://youranimes.tw/animes/203""}]"
《浦島坂田船的日常》的主視覺圖,2019年10月新番,1,0,"[{""title"": ""YourAnimes 連結"", ""url"": ""https://youranimes.tw/animes/412""}]"
《這個勇者明明超TUEEE卻過度謹慎！》的主視覺圖,2019年10月新番,1,0,"[{""title"": ""YourAnimes 連結"", ""url"": ""https://youranimes.tw/animes/358""}]"
《一弦定音！ 第二季度》的主視覺圖,2019年10月新番,2,0,"[{""title"": ""YourAnimes 連結"", ""url"": ""https://youranimes.tw/animes/248""}]"
《美妙射擊部》的主視覺圖,2019年10月新番,1,0,"[{""title"": ""YourAnimes 連結"", ""url"": ""https://youranimes.tw/animes/41""}]"
《刺客守則》的主視覺圖,2019年10月新番,1,0,"[{""title"": ""YourAnimes 連結"", ""url"": ""https://youranimes.tw/animes/152""}]"
《喜歡本大爺的竟然就妳一個？》的主視覺圖,2019年10月新番,1,0,"[{""title"": ""YourAnimes 連結"", ""url"": ""https://youranimes.tw/animes/83""}]"
《非洲的動物上班族》的主視覺圖,2019年10月新番,1,0,"[{""title"": ""YourAnimes 連結"", ""url"": ""https://youranimes.tw/animes/268""}]"
《入間同學入魔了！》的主視覺圖,2019年10月新番,1,0,"[{""title"": ""YourAnimes 連結"", ""url"": ""https://youranimes.tw/animes/153""}]"
《Fairy gone 第二季度》的主視覺圖,2019年10月新番,2,0,"[{""title"": ""YourAnimes 連結"", ""url"": ""https://youranimes.tw/animes/490""}]"
《香蕉喵 不可思議的夥伴們》的主視覺圖,2019年10月新番,1,0,"[{""title"": ""YourAnimes 連結"", ""url"": ""https://youranimes.tw/animes/92""}]"
《寶可夢旅途》的主視覺圖,2019年10月新番,1,0,"[{""title"": ""YourAnimes 連結"", ""url"": ""https://youranimes.tw/animes/219""}]"
《BEASTARS》的主視覺圖,2019年10月新番,1,0,"[{""title"": ""YourAnimes 連結"", ""url"": ""https://youranimes.tw/animes/221""}]"
《GO！GO！原子小金剛》的主視覺圖,2019年10月新番,1,0,"[{""title"": ""YourAnimes 連結"", ""url"": ""https://youranimes.tw/animes/2147""}]"
《夢幻之星 ONLINE 2 EPISODE ORACLE 「夏奧's Report」》的主視覺圖,2019年10月新番,1,0,"[{""title"": ""YourAnimes 連結"", ""url"": ""https://youranimes.tw/animes/2723""}]"
《碧藍航線》的主視覺圖,2019年10月新番,1,0,"[{""title"": ""YourAnimes 連結"", ""url"": ""https://youranimes.tw/animes/3879""}]"
《碳變：義體置換》的主視覺圖,2020年1月新番,1,0,"[{""title"": ""YourAnimes 連結"", ""url"": ""https://youranimes.tw/animes/1""}]"
《恐龍女孩 第二季》的主視覺圖,2020年1月新番,2,0,"[{""title"": ""YourAnimes 連結"", ""url"": ""https://youranimes.tw/animes/81""}]"
《言靈少女》的主視覺圖,2020年1月新番,1,0,"[{""title"": ""YourAnimes 連結"", ""url"": ""https://youranimes.tw/animes/323""}]"
《7SEEDS 第二季》的主視覺圖,2020年1月新番,2,0,"[{""title"": ""YourAnimes 連結"", ""url"": ""https://youranimes.tw/animes/59""}]"
《灰姑娘女孩劇場 Extra Stage》的主視覺圖,2020年1月新番,1,0,"[{""title"": ""YourAnimes 連結"", ""url"": ""https://youranimes.tw/animes/328""}]"
《破曉之翼》的主視覺圖,2020年1月新番,1,0,"[{""title"": ""YourAnimes 連結"", ""url"": ""https://youranimes.tw/animes/287""}]"
《聖鬥士星矢：黃道十二宮戰士 Part 2》的主視覺圖,2020年1月新番,1,0,"[{""title"": ""YourAnimes 連結"", ""url"": ""https://youranimes.tw/animes/137""}]"
《蟲籠的卡伽斯特爾》的主視覺圖,2020年1月新番,1,0,"[{""title"": ""YourAnimes 連結"", ""url"": ""https://youranimes.tw/animes/289""}]"
《ESL留學生》的主視覺圖,2020年1月新番,1,0,"[{""title"": ""YourAnimes 連結"", ""url"": ""https://youranimes.tw/animes/3104""}]"
《Ninjala 泡泡糖忍戰 (ONA)》的主視覺圖,2020年1月新番,1,0,"[{""title"": ""YourAnimes 連結"", ""url"": ""https://youranimes.tw/animes/3159""}]"
《Ninjala 泡泡糖忍戰 忍者口香糖誕生》的主視覺圖,2020年1月新番,1,0,"[{""title"": ""YourAnimes 連結"", ""url"": ""https://youranimes.tw/animes/3158""}]"
《碧藍幻想 第二季 Extra1 另一個旅程》的主視覺圖,2020年1月新番,2,0,"[{""title"": ""YourAnimes 連結"", ""url"": ""https://youranimes.tw/animes/322""}]"
《ARP Backstage Pass  Celebrate Good Time ~short story~》的主視覺圖,2020年1月新番,1,0,"[{""title"": ""YourAnimes 連結"", ""url"": ""https://youranimes.tw/animes/436""}]"
《名偵探柯南：大怪獸哥梅拉 VS 假面超人》的主視覺圖,2020年1月新番,1,0,"[{""title"": ""YourAnimes 連結"", ""url"": ""https://youranimes.tw/animes/3122""}]"
《A3! SEASON SPRING & SUMMER》的主視覺圖,2020年1月新番,1,0,"[{""title"": ""YourAnimes 連結"", ""url"": ""https://youranimes.tw/animes/213""}]"
《空挺 Dragons》的主視覺圖,2020年1月新番,1,0,"[{""title"": ""YourAnimes 連結"", ""url"": ""https://youranimes.tw/animes/441""}]"
《Re：從零開始的異世界生活（新編集版）》的主視覺圖,2020年1月新番,1,0,"[{""title"": ""YourAnimes 連結"", ""url"": ""https://youranimes.tw/animes/73""}]"
《寶石商人理察的謎鑑定》的主視覺圖,2020年1月新番,1,0,"[{""title"": ""YourAnimes 連結"", ""url"": ""https://youranimes.tw/animes/18""}]"
《奇幻怪盜 Hatena☆Illusion》的主視覺圖,2020年1月新番,1,0,"[{""title"": ""YourAnimes 連結"", ""url"": ""https://youranimes.tw/animes/230""}]"
《異獸魔都》的主視覺圖,2020年1月新番,1,0,"[{""title"": ""YourAnimes 連結"", ""url"": ""https://youranimes.tw/animes/236""}]"
《虛構推理》的主視覺圖,2020年1月新番,1,0,"[{""title"": ""YourAnimes 連結"", ""url"": ""https://youranimes.tw/animes/446""}]"
《貓娘樂園》的主視覺圖,2020年1月新番,1,0,"[{""title"": ""YourAnimes 連結"", ""url"": ""https://youranimes.tw/animes/239""}]"
《〈Infinite Dendrogram〉-無盡連鎖-》的主視覺圖,2020年1月新番,1,0,"[{""title"": ""YourAnimes 連結"", ""url"": ""https://youranimes.tw/animes/292""}]"
《神推偶像登上武道館我就死而無憾》的主視覺圖,2020年1月新番,1,0,"[{""title"": ""YourAnimes 連結"", ""url"": ""https://youranimes.tw/animes/229""}]"
《胡蝶綺 ～少年信長～》的主視覺圖,2020年1月新番,1,0,"[{""title"": ""YourAnimes 連結"", ""url"": ""https://youranimes.tw/animes/473""}]"
《number24》的主視覺圖,2020年1月新番,1,0,"[{""title"": ""YourAnimes 連結"", ""url"": ""https://youranimes.tw/animes/104""}]"
《掠奪者》的主視覺圖,2020年1月新番,1,0,"[{""title"": ""YourAnimes 連結"", ""url"": ""https://youranimes.tw/animes/124""}]"
《試證明理科生已墜入情網。》的主視覺圖,2020年1月新番,1,0,"[{""title"": ""YourAnimes 連結"", ""url"": ""https://youranimes.tw/animes/237""}]"
《索瑪麗與森林之神》的主視覺圖,2020年1月新番,1,0,"[{""title"": ""YourAnimes 連結"", ""url"": ""https://youranimes.tw/animes/167""}]"
《別對映像研出手！》的主視覺圖,2020年1月新番,1,0,"[{""title"": ""YourAnimes 連結"", ""url"": ""https://youranimes.tw/animes/149""}]"
《房東阿嬤與我》的主視覺圖,2020年1月新番,1,0,"[{""title"": ""YourAnimes 連結"", ""url"": ""https://youranimes.tw/animes/342""}]"
《SHOW BY ROCK!! 活力棉花糖!!》的主視覺圖,2020年1月新番,1,0,"[{""title"": ""YourAnimes 連結"", ""url"": ""https://youranimes.tw/animes/290""}]"
《BREAKERS》的主視覺圖,2020年1月新番,1,0,"[{""title"": ""YourAnimes 連結"", ""url"": ""https://youranimes.tw/animes/421""}]"
《なつなぐ!》的主視覺圖,2020年1月新番,1,0,"[{""title"": ""YourAnimes 連結"", ""url"": ""https://youranimes.tw/animes/117""}]"
《家有圓圓？！～我家的圓圓你知道嗎？～》的主視覺圖,2020年1月新番,1,0,"[{""title"": ""YourAnimes 連結"", ""url"": ""https://youranimes.tw/animes/134""}]"
《22/7》的主視覺圖,2020年1月新番,1,0,"[{""title"": ""YourAnimes 連結"", ""url"": ""https://youranimes.tw/animes/438""}]"
《BanG Dream！第三季》的主視覺圖,2020年1月新番,3,0,"[{""title"": ""YourAnimes 連結"", ""url"": ""https://youranimes.tw/animes/216""}]"
《八十龜醬觀察日記 第二季》的主視覺圖,2020年1月新番,2,0,"[{""title"": ""YourAnimes 連結"", ""url"": ""https://youranimes.tw/animes/288""}]"
《科學超電磁砲T》的主視覺圖,2020年1月新番,1,0,"[{""title"": ""YourAnimes 連結"", ""url"": ""https://youranimes.tw/animes/306""}]"
《フライングベイビーズ☆プチ》的主視覺圖,2020年1月新番,1,0,"[{""title"": ""YourAnimes 連結"", ""url"": ""https://youranimes.tw/animes/399""}]"
《ARP Backstage Pass》的主視覺圖,2020年1月新番,1,0,"[{""title"": ""YourAnimes 連結"", ""url"": ""https://youranimes.tw/animes/424""}]"
《魔法紀錄 魔法少女小圓外傳》的主視覺圖,2020年1月新番,1,0,"[{""title"": ""YourAnimes 連結"", ""url"": ""https://youranimes.tw/animes/277""}]"
《達爾文遊戲》的主視覺圖,2020年1月新番,1,0,"[{""title"": ""YourAnimes 連結"", ""url"": ""https://youranimes.tw/animes/245""}]"
《成群結伴！西頓學園》的主視覺圖,2020年1月新番,1,0,"[{""title"": ""YourAnimes 連結"", ""url"": ""https://youranimes.tw/animes/101""}]"
《織田肉桂信長》的主視覺圖,2020年1月新番,1,0,"[{""title"": ""YourAnimes 連結"", ""url"": ""https://youranimes.tw/animes/217""}]"
《怕痛的我，把防禦力點滿就對了。》的主視覺圖,2020年1月新番,1,0,"[{""title"": ""YourAnimes 連結"", ""url"": ""https://youranimes.tw/animes/2""}]"
《請在伸展台上微笑》的主視覺圖,2020年1月新番,1,0,"[{""title"": ""YourAnimes 連結"", ""url"": ""https://youranimes.tw/animes/15""}]"
《異世界四重奏2》的主視覺圖,2020年1月新番,1,0,"[{""title"": ""YourAnimes 連結"", ""url"": ""https://youranimes.tw/animes/238""}]"
《Rebirth》的主視覺圖,2020年1月新番,1,0,"[{""title"": ""YourAnimes 連結"", ""url"": ""https://youranimes.tw/animes/443""}]"
《地縛少年花子君》的主視覺圖,2020年1月新番,1,0,"[{""title"": ""YourAnimes 連結"", ""url"": ""https://youranimes.tw/animes/166""}]"
《元氣魔法 ♥ 光之美少女》的主視覺圖,2020年1月新番,1,0,"[{""title"": ""YourAnimes 連結"", ""url"": ""https://youranimes.tw/animes/422""}]"
《pet》的主視覺圖,2020年1月新番,1,0,"[{""title"": ""YourAnimes 連結"", ""url"": ""https://youranimes.tw/animes/169""}]"
《戀愛中的小行星》的主視覺圖,2020年1月新番,1,0,"[{""title"": ""YourAnimes 連結"", ""url"": ""https://youranimes.tw/animes/102""}]"
《へんたつ》的主視覺圖,2020年1月新番,1,0,"[{""title"": ""YourAnimes 連結"", ""url"": ""https://youranimes.tw/animes/339""}]"
《まるまるマヌル》的主視覺圖,2020年1月新番,1,0,"[{""title"": ""YourAnimes 連結"", ""url"": ""https://youranimes.tw/animes/173""}]"
《ID:INVADED》的主視覺圖,2020年1月新番,1,0,"[{""title"": ""YourAnimes 連結"", ""url"": ""https://youranimes.tw/animes/123""}]"
《暗黑破壞神在身邊。》的主視覺圖,2020年1月新番,1,0,"[{""title"": ""YourAnimes 連結"", ""url"": ""https://youranimes.tw/animes/17""}]"
《排球少年!! 第四季： TO THE TOP》的主視覺圖,2020年1月新番,4,0,"[{""title"": ""YourAnimes 連結"", ""url"": ""https://youranimes.tw/animes/417""}]"
《魔術士歐菲流浪之旅》的主視覺圖,2020年1月新番,1,0,"[{""title"": ""YourAnimes 連結"", ""url"": ""https://youranimes.tw/animes/308""}]"
《房間露營△》的主視覺圖,2020年1月新番,1,0,"[{""title"": ""YourAnimes 連結"", ""url"": ""https://youranimes.tw/animes/354""}]"
《ネコこのゴロ令和版》的主視覺圖,2020年1月新番,1,0,"[{""title"": ""YourAnimes 連結"", ""url"": ""https://youranimes.tw/animes/5911""}]"
《戰鬥陀螺 爆烈世代 超王》的主視覺圖,2020年4月新番,1,0,"[{""title"": ""YourAnimes 連結"", ""url"": ""https://youranimes.tw/animes/329""}]"
《阿薩里爾未來的民間故事》的主視覺圖,2020年4月新番,1,0,"[{""title"": ""YourAnimes 連結"", ""url"": ""https://youranimes.tw/animes/301""}]"
《座敷童子塌塌米醬》的主視覺圖,2020年4月新番,1,0,"[{""title"": ""YourAnimes 連結"", ""url"": ""https://youranimes.tw/animes/270""}]"
《刃牙 大擂賽篇》的主視覺圖,2020年4月新番,1,0,"[{""title"": ""YourAnimes 連結"", ""url"": ""https://youranimes.tw/animes/184""}]"
《魔神英雄傳 七魂的龍神丸》的主視覺圖,2020年4月新番,1,0,"[{""title"": ""YourAnimes 連結"", ""url"": ""https://youranimes.tw/animes/163""}]"
《BNA》的主視覺圖,2020年4月新番,1,0,"[{""title"": ""YourAnimes 連結"", ""url"": ""https://youranimes.tw/animes/112""}]"
《爆丸-武裝陣線》的主視覺圖,2020年4月新番,1,0,"[{""title"": ""YourAnimes 連結"", ""url"": ""https://youranimes.tw/animes/151""}]"
《攻殼機動隊：SAC_2045》的主視覺圖,2020年4月新番,1,0,"[{""title"": ""YourAnimes 連結"", ""url"": ""https://youranimes.tw/animes/57""}]"
《昨日之歌 Extras》的主視覺圖,2020年4月新番,1,0,"[{""title"": ""YourAnimes 連結"", ""url"": ""https://youranimes.tw/animes/381""}]"
《鋼彈創鬥者 潛網大戰 Re:RISE 第二季》的主視覺圖,2020年4月新番,2,0,"[{""title"": ""YourAnimes 連結"", ""url"": ""https://youranimes.tw/animes/145""}]"
《旭日》的主視覺圖,2020年4月新番,1,0,"[{""title"": ""YourAnimes 連結"", ""url"": ""https://youranimes.tw/animes/242""}]"
《ぷそ煮コミおかわり》的主視覺圖,2020年4月新番,1,0,"[{""title"": ""YourAnimes 連結"", ""url"": ""https://youranimes.tw/animes/2726""}]"
《聽我的電波吧》的主視覺圖,2020年4月新番,1,0,"[{""title"": ""YourAnimes 連結"", ""url"": ""https://youranimes.tw/animes/275""}]"
《球詠》的主視覺圖,2020年4月新番,1,0,"[{""title"": ""YourAnimes 連結"", ""url"": ""https://youranimes.tw/animes/125""}]"
《天晴爛漫！》的主視覺圖,2020年4月新番,1,0,"[{""title"": ""YourAnimes 連結"", ""url"": ""https://youranimes.tw/animes/304""}]"
《數碼寶貝：》的主視覺圖,2020年4月新番,1,0,"[{""title"": ""YourAnimes 連結"", ""url"": ""https://youranimes.tw/animes/55""}]"
《神之塔 -Tower of God-》的主視覺圖,2020年4月新番,1,0,"[{""title"": ""YourAnimes 連結"", ""url"": ""https://youranimes.tw/animes/247""}]"
《惡意的指尖-打烊後的沙龍只有我和你-》的主視覺圖,2020年4月新番,1,0,"[{""title"": ""YourAnimes 連結"", ""url"": ""https://youranimes.tw/animes/26""}]"
《轉生成女性向遊戲只有毀滅 END 的壞人大小姐》的主視覺圖,2020年4月新番,1,0,"[{""title"": ""YourAnimes 連結"", ""url"": ""https://youranimes.tw/animes/111""}]"
《輝夜姬想讓人告白？～天才們的戀愛頭腦戰～ 第二季》的主視覺圖,2020年4月新番,2,0,"[{""title"": ""YourAnimes 連結"", ""url"": ""https://youranimes.tw/animes/49""}]"
《小書痴的下剋上 為了成為圖書管理員不擇手段！第二季》的主視覺圖,2020年4月新番,2,0,"[{""title"": ""YourAnimes 連結"", ""url"": ""https://youranimes.tw/animes/165""}]"
《昨日之歌》的主視覺圖,2020年4月新番,1,0,"[{""title"": ""YourAnimes 連結"", ""url"": ""https://youranimes.tw/animes/110""}]"
《棒球大聯盟 2nd 第二季》的主視覺圖,2020年4月新番,2,0,"[{""title"": ""YourAnimes 連結"", ""url"": ""https://youranimes.tw/animes/427""}]"
《ARGONAVIS from BanG Dream！》的主視覺圖,2020年4月新番,1,0,"[{""title"": ""YourAnimes 連結"", ""url"": ""https://youranimes.tw/animes/428""}]"
《噴嚏大魔王》的主視覺圖,2020年4月新番,1,0,"[{""title"": ""YourAnimes 連結"", ""url"": ""https://youranimes.tw/animes/140""}]"
《隱瞞之事》的主視覺圖,2020年4月新番,1,0,"[{""title"": ""YourAnimes 連結"", ""url"": ""https://youranimes.tw/animes/19""}]"
《格萊普尼爾》的主視覺圖,2020年4月新番,1,0,"[{""title"": ""YourAnimes 連結"", ""url"": ""https://youranimes.tw/animes/218""}]"
《文豪與鍊金術師 ～審判的齒輪～》的主視覺圖,2020年4月新番,1,0,"[{""title"": ""YourAnimes 連結"", ""url"": ""https://youranimes.tw/animes/183""}]"
《IDOLiSH7 偶像星願 Second BEAT!》的主視覺圖,2020年4月新番,1,0,"[{""title"": ""YourAnimes 連結"", ""url"": ""https://youranimes.tw/animes/95""}]"
《富豪刑警 Balance: UNLIMITED》的主視覺圖,2020年4月新番,1,0,"[{""title"": ""YourAnimes 連結"", ""url"": ""https://youranimes.tw/animes/113""}]"
"《あの世のすべては, おばけぐみっ!》的主視覺圖",2020年4月新番,1,0,"[{""title"": ""YourAnimes 連結"", ""url"": ""https://youranimes.tw/animes/38""}]"
《食戟之靈 第五季：豪之皿》的主視覺圖,2020年4月新番,5,0,"[{""title"": ""YourAnimes 連結"", ""url"": ""https://youranimes.tw/animes/74""}]"
《香蕉怪大叔 呐呐~呐 北海妖怪追追追！》的主視覺圖,2020年4月新番,1,0,"[{""title"": ""YourAnimes 連結"", ""url"": ""https://youranimes.tw/animes/86""}]"
《卡片戰鬥!! 先導者 外傳 -if-》的主視覺圖,2020年4月新番,1,0,"[{""title"": ""YourAnimes 連結"", ""url"": ""https://youranimes.tw/animes/147""}]"
《別冊奧林匹克之環》的主視覺圖,2020年4月新番,1,0,"[{""title"": ""YourAnimes 連結"", ""url"": ""https://youranimes.tw/animes/150""}]"
《LISTENERS》的主視覺圖,2020年4月新番,1,0,"[{""title"": ""YourAnimes 連結"", ""url"": ""https://youranimes.tw/animes/282""}]"
《四月一日さん家の》的主視覺圖,2020年4月新番,1,0,"[{""title"": ""YourAnimes 連結"", ""url"": ""https://youranimes.tw/animes/327""}]"
《社長，戰鬥的時間到了！》的主視覺圖,2020年4月新番,1,0,"[{""title"": ""YourAnimes 連結"", ""url"": ""https://youranimes.tw/animes/185""}]"
《闇影詩章》的主視覺圖,2020年4月新番,1,0,"[{""title"": ""YourAnimes 連結"", ""url"": ""https://youranimes.tw/animes/437""}]"
《閃躍吧！星夢頻道 第三季》的主視覺圖,2020年4月新番,3,0,"[{""title"": ""YourAnimes 連結"", ""url"": ""https://youranimes.tw/animes/332""}]"
《啄木鳥偵探社》的主視覺圖,2020年4月新番,1,0,"[{""title"": ""YourAnimes 連結"", ""url"": ""https://youranimes.tw/animes/58""}]"
《超異域公主連結！Re:Dive》的主視覺圖,2020年4月新番,1,0,"[{""title"": ""YourAnimes 連結"", ""url"": ""https://youranimes.tw/animes/115""}]"
《八男？別鬧了！》的主視覺圖,2020年4月新番,1,0,"[{""title"": ""YourAnimes 連結"", ""url"": ""https://youranimes.tw/animes/116""}]"
《魔法水果籃 第二季》的主視覺圖,2020年4月新番,2,0,"[{""title"": ""YourAnimes 連結"", ""url"": ""https://youranimes.tw/animes/114""}]"
《邪神與廚二病少女 第二季》的主視覺圖,2020年4月新番,2,0,"[{""title"": ""YourAnimes 連結"", ""url"": ""https://youranimes.tw/animes/56""}]"
《更多！認真地不認真的怪傑佐羅力》的主視覺圖,2020年4月新番,1,0,"[{""title"": ""YourAnimes 連結"", ""url"": ""https://youranimes.tw/animes/138""}]"
《先鋒飛車 極速合體 地球防衛隊》的主視覺圖,2020年4月新番,1,0,"[{""title"": ""YourAnimes 連結"", ""url"": ""https://youranimes.tw/animes/333""}]"
《ガル学。～聖ガールズスクエア学院～》的主視覺圖,2020年4月新番,1,0,"[{""title"": ""YourAnimes 連結"", ""url"": ""https://youranimes.tw/animes/400""}]"
《新櫻花大戰 the Animation》的主視覺圖,2020年4月新番,1,0,"[{""title"": ""YourAnimes 連結"", ""url"": ""https://youranimes.tw/animes/241""}]"
《辣妹與恐龍》的主視覺圖,2020年4月新番,1,0,"[{""title"": ""YourAnimes 連結"", ""url"": ""https://youranimes.tw/animes/372""}]"
《BanG Dream！迷你少女樂團派對★PICO 第二季：大碗公》的主視覺圖,2020年4月新番,2,0,"[{""title"": ""YourAnimes 連結"", ""url"": ""https://youranimes.tw/animes/414""}]"
《阿爾蒂》的主視覺圖,2020年4月新番,1,0,"[{""title"": ""YourAnimes 連結"", ""url"": ""https://youranimes.tw/animes/432""}]"
《白貓 Project Zero Chronicle 零之紀元》的主視覺圖,2020年4月新番,1,0,"[{""title"": ""YourAnimes 連結"", ""url"": ""https://youranimes.tw/animes/415""}]"
《王者天下 第三季》的主視覺圖,2020年4月新番,3,0,"[{""title"": ""YourAnimes 連結"", ""url"": ""https://youranimes.tw/animes/60""}]"
《繼怪怪守護神》的主視覺圖,2020年4月新番,1,0,"[{""title"": ""YourAnimes 連結"", ""url"": ""https://youranimes.tw/animes/353""}]"
《放學後堤防日誌》的主視覺圖,2020年4月新番,1,0,"[{""title"": ""YourAnimes 連結"", ""url"": ""https://youranimes.tw/animes/367""}]"
《困ったじいさん》的主視覺圖,2020年4月新番,1,0,"[{""title"": ""YourAnimes 連結"", ""url"": ""https://youranimes.tw/animes/68""}]"
《みっちりわんこ！あにめ〜しょん》的主視覺圖,2020年4月新番,1,0,"[{""title"": ""YourAnimes 連結"", ""url"": ""https://youranimes.tw/animes/109""}]"
《交通工具人移動樂園的跑車君》的主視覺圖,2020年4月新番,1,0,"[{""title"": ""YourAnimes 連結"", ""url"": ""https://youranimes.tw/animes/139""}]"
《邪神與廚二病少女 千歲篇》的主視覺圖,2020年4月新番,1,0,"[{""title"": ""YourAnimes 連結"", ""url"": ""https://youranimes.tw/animes/735""}]"
《喵的咧～貓咪戲說日本史 第五季》的主視覺圖,2020年4月新番,5,0,"[{""title"": ""YourAnimes 連結"", ""url"": ""https://youranimes.tw/animes/2261""}]"
《闇影詩章 特別篇》的主視覺圖,2020年4月新番,1,0,"[{""title"": ""YourAnimes 連結"", ""url"": ""https://youranimes.tw/animes/2921""}]"
《萌可魯玩偶貓》的主視覺圖,2020年4月新番,1,0,"[{""title"": ""YourAnimes 連結"", ""url"": ""https://youranimes.tw/animes/2994""}]"
《遊戲王SEVENS》的主視覺圖,2020年4月新番,1,0,"[{""title"": ""YourAnimes 連結"", ""url"": ""https://youranimes.tw/animes/3283""}]"
《龍族教義》的主視覺圖,2020年7月新番,1,0,"[{""title"": ""YourAnimes 連結"", ""url"": ""https://youranimes.tw/animes/37""}]"
《日本沉沒2020》的主視覺圖,2020年7月新番,1,0,"[{""title"": ""YourAnimes 連結"", ""url"": ""https://youranimes.tw/animes/186""}]"
《ちびゴジラ》的主視覺圖,2020年7月新番,1,0,"[{""title"": ""YourAnimes 連結"", ""url"": ""https://youranimes.tw/animes/1256""}]"
《サクラ革命 ～華咲く乙女たち～》的主視覺圖,2020年7月新番,1,0,"[{""title"": ""YourAnimes 連結"", ""url"": ""https://youranimes.tw/animes/2707""}]"
《Battle Spirits 赫盟的加雷特》的主視覺圖,2020年7月新番,1,0,"[{""title"": ""YourAnimes 連結"", ""url"": ""https://youranimes.tw/animes/2874""}]"
《衝吧烈子 第三季》的主視覺圖,2020年7月新番,3,0,"[{""title"": ""YourAnimes 連結"", ""url"": ""https://youranimes.tw/animes/3061""}]"
《THE GOD OF HIGH SCHOOL 高校之神》的主視覺圖,2020年7月新番,1,0,"[{""title"": ""YourAnimes 連結"", ""url"": ""https://youranimes.tw/animes/214""}]"
《DECA-DENCE》的主視覺圖,2020年7月新番,1,0,"[{""title"": ""YourAnimes 連結"", ""url"": ""https://youranimes.tw/animes/51""}]"
《魔王學院的不適任者～史上最強的魔王始祖，轉生就讀子孫們的學校～》的主視覺圖,2020年7月新番,1,0,"[{""title"": ""YourAnimes 連結"", ""url"": ""https://youranimes.tw/animes/52""}]"
《GREAT PRETENDER 詐騙之王》的主視覺圖,2020年7月新番,1,0,"[{""title"": ""YourAnimes 連結"", ""url"": ""https://youranimes.tw/animes/273""}]"
《賽馬娘四格》的主視覺圖,2020年7月新番,1,0,"[{""title"": ""YourAnimes 連結"", ""url"": ""https://youranimes.tw/animes/161""}]"
《魔法律事務所 第二季》的主視覺圖,2020年7月新番,2,0,"[{""title"": ""YourAnimes 連結"", ""url"": ""https://youranimes.tw/animes/23""}]"
《刀劍神域 Alicization War of Underworld 第二季度》的主視覺圖,2020年7月新番,2,0,"[{""title"": ""YourAnimes 連結"", ""url"": ""https://youranimes.tw/animes/204""}]"
《小妖怪》的主視覺圖,2020年7月新番,1,0,"[{""title"": ""YourAnimes 連結"", ""url"": ""https://youranimes.tw/animes/380""}]"
《NO GUNS LIFE 非槍人生 第二季》的主視覺圖,2020年7月新番,2,0,"[{""title"": ""YourAnimes 連結"", ""url"": ""https://youranimes.tw/animes/130""}]"
《Lapis Re：LiGHTs》的主視覺圖,2020年7月新番,1,0,"[{""title"": ""YourAnimes 連結"", ""url"": ""https://youranimes.tw/animes/338""}]"
《Re：從零開始的異世界生活 第二季》的主視覺圖,2020年7月新番,2,0,"[{""title"": ""YourAnimes 連結"", ""url"": ""https://youranimes.tw/animes/21""}]"
《巨人族的新娘》的主視覺圖,2020年7月新番,1,0,"[{""title"": ""YourAnimes 連結"", ""url"": ""https://youranimes.tw/animes/162""}]"
《彼得・格里爾的賢者時間》的主視覺圖,2020年7月新番,1,0,"[{""title"": ""YourAnimes 連結"", ""url"": ""https://youranimes.tw/animes/376""}]"
《宇崎學妹想要玩！》的主視覺圖,2020年7月新番,1,0,"[{""title"": ""YourAnimes 連結"", ""url"": ""https://youranimes.tw/animes/377""}]"
《弩級戰隊HXEROS》的主視覺圖,2020年7月新番,1,0,"[{""title"": ""YourAnimes 連結"", ""url"": ""https://youranimes.tw/animes/379""}]"
《魔物娘的醫生》的主視覺圖,2020年7月新番,1,0,"[{""title"": ""YourAnimes 連結"", ""url"": ""https://youranimes.tw/animes/375""}]"
《GIBIATE 獵魔武士》的主視覺圖,2020年7月新番,1,0,"[{""title"": ""YourAnimes 連結"", ""url"": ""https://youranimes.tw/animes/378""}]"
《果然我的青春戀愛喜劇搞錯了。完》的主視覺圖,2020年7月新番,1,0,"[{""title"": ""YourAnimes 連結"", ""url"": ""https://youranimes.tw/animes/384""}]"
《GET UP! GET LIVE! #GERA GERA》的主視覺圖,2020年7月新番,1,0,"[{""title"": ""YourAnimes 連結"", ""url"": ""https://youranimes.tw/animes/319""}]"
《忍者收藏》的主視覺圖,2020年7月新番,1,0,"[{""title"": ""YourAnimes 連結"", ""url"": ""https://youranimes.tw/animes/291""}]"
《超普通都市カシワ伝説R》的主視覺圖,2020年7月新番,1,0,"[{""title"": ""YourAnimes 連結"", ""url"": ""https://youranimes.tw/animes/131""}]"
《炎炎消防隊 貳之章》的主視覺圖,2020年7月新番,1,0,"[{""title"": ""YourAnimes 連結"", ""url"": ""https://youranimes.tw/animes/223""}]"
《出租女友》的主視覺圖,2020年7月新番,1,0,"[{""title"": ""YourAnimes 連結"", ""url"": ""https://youranimes.tw/animes/271""}]"
《戀與製作人》的主視覺圖,2020年7月新番,1,0,"[{""title"": ""YourAnimes 連結"", ""url"": ""https://youranimes.tw/animes/2737""}]"
《神奇柑仔店》的主視覺圖,2020年7月新番,1,0,"[{""title"": ""YourAnimes 連結"", ""url"": ""https://youranimes.tw/animes/4940""}]"
《せいぜいがんばれ！魔法少女くるみ (第三季）》的主視覺圖,2020年10月新番,3,0,"[{""title"": ""YourAnimes 連結"", ""url"": ""https://youranimes.tw/animes/628""}]"
《吸血鬼之愛》的主視覺圖,2020年10月新番,1,0,"[{""title"": ""YourAnimes 連結"", ""url"": ""https://youranimes.tw/animes/1011""}]"
《OBSOLETE 後半部》的主視覺圖,2020年10月新番,1,0,"[{""title"": ""YourAnimes 連結"", ""url"": ""https://youranimes.tw/animes/1292""}]"
《ちびゴジラ 第二季》的主視覺圖,2020年10月新番,2,0,"[{""title"": ""YourAnimes 連結"", ""url"": ""https://youranimes.tw/animes/1257""}]"
《突然降臨的埃及神》的主視覺圖,2020年10月新番,1,0,"[{""title"": ""YourAnimes 連結"", ""url"": ""https://youranimes.tw/animes/1255""}]"
《射擊覺醒！激鬥瓶蓋人》的主視覺圖,2020年10月新番,1,0,"[{""title"": ""YourAnimes 連結"", ""url"": ""https://youranimes.tw/animes/3663""}]"
《鬼滅之刃 總集篇》的主視覺圖,2020年10月新番,1,0,"[{""title"": ""YourAnimes 連結"", ""url"": ""https://youranimes.tw/animes/1489""}]"
《テイルズ オブ クレストリア》的主視覺圖,2020年10月新番,1,0,"[{""title"": ""YourAnimes 連結"", ""url"": ""https://youranimes.tw/animes/5098""}]"
《無能力者娜娜》的主視覺圖,2020年10月新番,1,0,"[{""title"": ""YourAnimes 連結"", ""url"": ""https://youranimes.tw/animes/585""}]"
《排球少年!! 第四季：TO THE TOP 後半部》的主視覺圖,2020年10月新番,4,0,"[{""title"": ""YourAnimes 連結"", ""url"": ""https://youranimes.tw/animes/596""}]"
《前說！MAESETSU》的主視覺圖,2020年10月新番,1,0,"[{""title"": ""YourAnimes 連結"", ""url"": ""https://youranimes.tw/animes/610""}]"
《光之戰記 -ZUERST-》的主視覺圖,2020年10月新番,1,0,"[{""title"": ""YourAnimes 連結"", ""url"": ""https://youranimes.tw/animes/606""}]"
《強襲魔女 通往柏林之路》的主視覺圖,2020年10月新番,1,0,"[{""title"": ""YourAnimes 連結"", ""url"": ""https://youranimes.tw/animes/611""}]"
《戰翼的希格德莉法》的主視覺圖,2020年10月新番,1,0,"[{""title"": ""YourAnimes 連結"", ""url"": ""https://youranimes.tw/animes/599""}]"
《A3! SEASON AUTUMN & WINTER》的主視覺圖,2020年10月新番,1,0,"[{""title"": ""YourAnimes 連結"", ""url"": ""https://youranimes.tw/animes/600""}]"
《突擊莉莉 BOUQUET》的主視覺圖,2020年10月新番,1,0,"[{""title"": ""YourAnimes 連結"", ""url"": ""https://youranimes.tw/animes/612""}]"
《D4DJ First Mix》的主視覺圖,2020年10月新番,1,0,"[{""title"": ""YourAnimes 連結"", ""url"": ""https://youranimes.tw/animes/593""}]"
《勇者鬥惡龍 達伊的大冒險》的主視覺圖,2020年10月新番,1,0,"[{""title"": ""YourAnimes 連結"", ""url"": ""https://youranimes.tw/animes/587""}]"
《咒術迴戰》的主視覺圖,2020年10月新番,1,0,"[{""title"": ""YourAnimes 連結"", ""url"": ""https://youranimes.tw/animes/590""}]"
《それだけがネック》的主視覺圖,2020年10月新番,1,0,"[{""title"": ""YourAnimes 連結"", ""url"": ""https://youranimes.tw/animes/627""}]"
《眾神眷顧的男人》的主視覺圖,2020年10月新番,1,0,"[{""title"": ""YourAnimes 連結"", ""url"": ""https://youranimes.tw/animes/595""}]"
《在魔王城說晚安》的主視覺圖,2020年10月新番,1,0,"[{""title"": ""YourAnimes 連結"", ""url"": ""https://youranimes.tw/animes/13""}]"
《汪汪與喵喵》的主視覺圖,2020年10月新番,1,0,"[{""title"": ""YourAnimes 連結"", ""url"": ""https://youranimes.tw/animes/626""}]"
《水豚君》的主視覺圖,2020年10月新番,1,0,"[{""title"": ""YourAnimes 連結"", ""url"": ""https://youranimes.tw/animes/624""}]"
《阿松 第三季》的主視覺圖,2020年10月新番,3,0,"[{""title"": ""YourAnimes 連結"", ""url"": ""https://youranimes.tw/animes/583""}]"
《滿溢的水果塔》的主視覺圖,2020年10月新番,1,0,"[{""title"": ""YourAnimes 連結"", ""url"": ""https://youranimes.tw/animes/615""}]"
《秘密結社 鷹之爪 -Golden Spell-》的主視覺圖,2020年10月新番,1,0,"[{""title"": ""YourAnimes 連結"", ""url"": ""https://youranimes.tw/animes/616""}]"
《惡玉Drive》的主視覺圖,2020年10月新番,1,0,"[{""title"": ""YourAnimes 連結"", ""url"": ""https://youranimes.tw/animes/620""}]"
《安達與島村》的主視覺圖,2020年10月新番,1,0,"[{""title"": ""YourAnimes 連結"", ""url"": ""https://youranimes.tw/animes/613""}]"
《One Room 第三季》的主視覺圖,2020年10月新番,3,0,"[{""title"": ""YourAnimes 連結"", ""url"": ""https://youranimes.tw/animes/629""}]"
《エタニティ 〜深夜の濡恋ちゃんねる♡〜》的主視覺圖,2020年10月新番,1,0,"[{""title"": ""YourAnimes 連結"", ""url"": ""https://youranimes.tw/animes/618""}]"
《土下座跪求給看》的主視覺圖,2020年10月新番,1,0,"[{""title"": ""YourAnimes 連結"", ""url"": ""https://youranimes.tw/animes/637""}]"
《黃金神威 第三季》的主視覺圖,2020年10月新番,3,0,"[{""title"": ""YourAnimes 連結"", ""url"": ""https://youranimes.tw/animes/547""}]"
《這是妳與我的最後戰場，或是開創世界的聖戰》的主視覺圖,2020年10月新番,1,0,"[{""title"": ""YourAnimes 連結"", ""url"": ""https://youranimes.tw/animes/617""}]"
《魔法科高中的劣等生 第二季：來訪者篇》的主視覺圖,2020年10月新番,2,0,"[{""title"": ""YourAnimes 連結"", ""url"": ""https://youranimes.tw/animes/601""}]"
《成神之日》的主視覺圖,2020年10月新番,1,0,"[{""title"": ""YourAnimes 連結"", ""url"": ""https://youranimes.tw/animes/582""}]"
《憂國的莫里亞蒂》的主視覺圖,2020年10月新番,1,0,"[{""title"": ""YourAnimes 連結"", ""url"": ""https://youranimes.tw/animes/597""}]"
《大貴族》的主視覺圖,2020年10月新番,1,0,"[{""title"": ""YourAnimes 連結"", ""url"": ""https://youranimes.tw/animes/586""}]"
《暮蟬悲鳴時業》的主視覺圖,2020年10月新番,1,0,"[{""title"": ""YourAnimes 連結"", ""url"": ""https://youranimes.tw/animes/604""}]"
《Love Live！虹咲學園學園偶像同好會》的主視覺圖,2020年10月新番,1,0,"[{""title"": ""YourAnimes 連結"", ""url"": ""https://youranimes.tw/animes/621""}]"
《月歌。 THE ANIMATION 2》的主視覺圖,2020年10月新番,1,0,"[{""title"": ""YourAnimes 連結"", ""url"": ""https://youranimes.tw/animes/609""}]"
《魔女之旅》的主視覺圖,2020年10月新番,1,0,"[{""title"": ""YourAnimes 連結"", ""url"": ""https://youranimes.tw/animes/589""}]"
《鐵路浪漫譚》的主視覺圖,2020年10月新番,1,0,"[{""title"": ""YourAnimes 連結"", ""url"": ""https://youranimes.tw/animes/623""}]"
《催眠麥克風》的主視覺圖,2020年10月新番,1,0,"[{""title"": ""YourAnimes 連結"", ""url"": ""https://youranimes.tw/animes/588""}]"
《最響カミズモード》的主視覺圖,2020年10月新番,1,0,"[{""title"": ""YourAnimes 連結"", ""url"": ""https://youranimes.tw/animes/625""}]"
《半妖的夜叉姬》的主視覺圖,2020年10月新番,1,0,"[{""title"": ""YourAnimes 連結"", ""url"": ""https://youranimes.tw/animes/584""}]"
《我立於百萬生命之上》的主視覺圖,2020年10月新番,1,0,"[{""title"": ""YourAnimes 連結"", ""url"": ""https://youranimes.tw/animes/591""}]"
《體操武士》的主視覺圖,2020年10月新番,1,0,"[{""title"": ""YourAnimes 連結"", ""url"": ""https://youranimes.tw/animes/594""}]"
《在地下城尋求邂逅是否搞錯了什麼 第三季》的主視覺圖,2020年10月新番,3,0,"[{""title"": ""YourAnimes 連結"", ""url"": ""https://youranimes.tw/animes/598""}]"
《總之就是很可愛》的主視覺圖,2020年10月新番,1,0,"[{""title"": ""YourAnimes 連結"", ""url"": ""https://youranimes.tw/animes/614""}]"
《小碧藍幻想！》的主視覺圖,2020年10月新番,1,0,"[{""title"": ""YourAnimes 連結"", ""url"": ""https://youranimes.tw/animes/622""}]"
《攀岩少女！》的主視覺圖,2020年10月新番,1,0,"[{""title"": ""YourAnimes 連結"", ""url"": ""https://youranimes.tw/animes/608""}]"
《王之逆襲: 意志的繼承者》的主視覺圖,2020年10月新番,1,0,"[{""title"": ""YourAnimes 連結"", ""url"": ""https://youranimes.tw/animes/607""}]"
《熊熊勇闖異世界》的主視覺圖,2020年10月新番,1,0,"[{""title"": ""YourAnimes 連結"", ""url"": ""https://youranimes.tw/animes/605""}]"
《請問您今天要來點兔子嗎？ BLOOM》的主視覺圖,2020年10月新番,1,0,"[{""title"": ""YourAnimes 連結"", ""url"": ""https://youranimes.tw/animes/592""}]"
《進擊的巨人 第四季：The Final Season》的主視覺圖,2020年10月新番,4,0,"[{""title"": ""YourAnimes 連結"", ""url"": ""https://youranimes.tw/animes/829""}]"
《不懂得戀愛的大人》的主視覺圖,2020年10月新番,1,0,"[{""title"": ""YourAnimes 連結"", ""url"": ""https://youranimes.tw/animes/2996""}]"
《天空侵犯》的主視覺圖,2021年1月新番,1,0,"[{""title"": ""YourAnimes 連結"", ""url"": ""https://youranimes.tw/animes/739""}]"
《幼女社長》的主視覺圖,2021年1月新番,1,0,"[{""title"": ""YourAnimes 連結"", ""url"": ""https://youranimes.tw/animes/978""}]"
《舞伎家的料理人》的主視覺圖,2021年1月新番,1,0,"[{""title"": ""YourAnimes 連結"", ""url"": ""https://youranimes.tw/animes/1080""}]"
《銀魂 THE SEMI-FINAL》的主視覺圖,2021年1月新番,1,0,"[{""title"": ""YourAnimes 連結"", ""url"": ""https://youranimes.tw/animes/1083""}]"
《サンタ・カンパニー 〜真夏のメリークリスマス〜》的主視覺圖,2021年1月新番,1,0,"[{""title"": ""YourAnimes 連結"", ""url"": ""https://youranimes.tw/animes/1231""}]"
《B：彼之初 第二季：繼承》的主視覺圖,2021年1月新番,2,0,"[{""title"": ""YourAnimes 連結"", ""url"": ""https://youranimes.tw/animes/1321""}]"
《環太平洋：黑色禁區》的主視覺圖,2021年1月新番,1,0,"[{""title"": ""YourAnimes 連結"", ""url"": ""https://youranimes.tw/animes/1319""}]"
《異能のアイシス》的主視覺圖,2021年1月新番,1,0,"[{""title"": ""YourAnimes 連結"", ""url"": ""https://youranimes.tw/animes/1318""}]"
《國中高一貫！！鬼滅學園物語》的主視覺圖,2021年1月新番,1,0,"[{""title"": ""YourAnimes 連結"", ""url"": ""https://youranimes.tw/animes/1491""}]"
《SD鋼彈世界 三國創傑傳》的主視覺圖,2021年1月新番,1,0,"[{""title"": ""YourAnimes 連結"", ""url"": ""https://youranimes.tw/animes/3674""}]"
《暴走哈姆醬	第零話》的主視覺圖,2021年1月新番,1,0,"[{""title"": ""YourAnimes 連結"", ""url"": ""https://youranimes.tw/animes/4854""}]"
《工作細胞 BLACK》的主視覺圖,2021年1月新番,1,0,"[{""title"": ""YourAnimes 連結"", ""url"": ""https://youranimes.tw/animes/461""}]"
《約定的夢幻島 第二季》的主視覺圖,2021年1月新番,2,0,"[{""title"": ""YourAnimes 連結"", ""url"": ""https://youranimes.tw/animes/526""}]"
《Dr.STONE 新石紀戰爭》的主視覺圖,2021年1月新番,1,0,"[{""title"": ""YourAnimes 連結"", ""url"": ""https://youranimes.tw/animes/164""}]"
《花樣滑冰Stars》的主視覺圖,2021年1月新番,1,0,"[{""title"": ""YourAnimes 連結"", ""url"": ""https://youranimes.tw/animes/716""}]"
《七大罪 第四季：憤怒的審判》的主視覺圖,2021年1月新番,4,0,"[{""title"": ""YourAnimes 連結"", ""url"": ""https://youranimes.tw/animes/810""}]"
《ICHU偶像進行曲》的主視覺圖,2021年1月新番,1,0,"[{""title"": ""YourAnimes 連結"", ""url"": ""https://youranimes.tw/animes/780""}]"
《裝甲娘戰機》的主視覺圖,2021年1月新番,1,0,"[{""title"": ""YourAnimes 連結"", ""url"": ""https://youranimes.tw/animes/791""}]"
《搖曳露營△ 第二季》的主視覺圖,2021年1月新番,2,0,"[{""title"": ""YourAnimes 連結"", ""url"": ""https://youranimes.tw/animes/794""}]"
《天地創造設計部》的主視覺圖,2021年1月新番,1,0,"[{""title"": ""YourAnimes 連結"", ""url"": ""https://youranimes.tw/animes/881""}]"
《八十龜醬觀察日記 第三季》的主視覺圖,2021年1月新番,3,0,"[{""title"": ""YourAnimes 連結"", ""url"": ""https://youranimes.tw/animes/927""}]"
《悠悠哉哉少女日和 NON STOP》的主視覺圖,2021年1月新番,1,0,"[{""title"": ""YourAnimes 連結"", ""url"": ""https://youranimes.tw/animes/899""}]"
《堀與宮村》的主視覺圖,2021年1月新番,1,0,"[{""title"": ""YourAnimes 連結"", ""url"": ""https://youranimes.tw/animes/905""}]"
《Re：從零開始的異世界生活 第二季 後半部》的主視覺圖,2021年1月新番,2,0,"[{""title"": ""YourAnimes 連結"", ""url"": ""https://youranimes.tw/animes/925""}]"
《BACK ARROW》的主視覺圖,2021年1月新番,1,0,"[{""title"": ""YourAnimes 連結"", ""url"": ""https://youranimes.tw/animes/964""}]"
《SHOW BY ROCK!! STARS!!》的主視覺圖,2021年1月新番,1,0,"[{""title"": ""YourAnimes 連結"", ""url"": ""https://youranimes.tw/animes/963""}]"
《廚神小當家 第二季》的主視覺圖,2021年1月新番,2,0,"[{""title"": ""YourAnimes 連結"", ""url"": ""https://youranimes.tw/animes/973""}]"
《闇芝居 第八季》的主視覺圖,2021年1月新番,8,0,"[{""title"": ""YourAnimes 連結"", ""url"": ""https://youranimes.tw/animes/979""}]"
《無職轉生～到了異世界就拿出真本事～》的主視覺圖,2021年1月新番,1,0,"[{""title"": ""YourAnimes 連結"", ""url"": ""https://youranimes.tw/animes/932""}]"
《奇蛋物語》的主視覺圖,2021年1月新番,1,0,"[{""title"": ""YourAnimes 連結"", ""url"": ""https://youranimes.tw/animes/940""}]"
《2.43 清陰高中男子排球社》的主視覺圖,2021年1月新番,1,0,"[{""title"": ""YourAnimes 連結"", ""url"": ""https://youranimes.tw/animes/946""}]"
《Praeter之傷》的主視覺圖,2021年1月新番,1,0,"[{""title"": ""YourAnimes 連結"", ""url"": ""https://youranimes.tw/animes/966""}]"
《アイドールズ!》的主視覺圖,2021年1月新番,1,0,"[{""title"": ""YourAnimes 連結"", ""url"": ""https://youranimes.tw/animes/970""}]"
《怪物事變》的主視覺圖,2021年1月新番,1,0,"[{""title"": ""YourAnimes 連結"", ""url"": ""https://youranimes.tw/animes/971""}]"
《EX-ARM》的主視覺圖,2021年1月新番,1,0,"[{""title"": ""YourAnimes 連結"", ""url"": ""https://youranimes.tw/animes/972""}]"
《世界魔女出動！》的主視覺圖,2021年1月新番,1,0,"[{""title"": ""YourAnimes 連結"", ""url"": ""https://youranimes.tw/animes/974""}]"
《魔術士歐菲流浪之旅 基姆拉克篇》的主視覺圖,2021年1月新番,1,0,"[{""title"": ""YourAnimes 連結"", ""url"": ""https://youranimes.tw/animes/975""}]"
《賽馬娘 Pretty Derby 第二季》的主視覺圖,2021年1月新番,2,0,"[{""title"": ""YourAnimes 連結"", ""url"": ""https://youranimes.tw/animes/976""}]"
《ABC修業日記》的主視覺圖,2021年1月新番,1,0,"[{""title"": ""YourAnimes 連結"", ""url"": ""https://youranimes.tw/animes/1015""}]"
《回復術士的重啟人生》的主視覺圖,2021年1月新番,1,0,"[{""title"": ""YourAnimes 連結"", ""url"": ""https://youranimes.tw/animes/729""}]"
《弱角友崎同學》的主視覺圖,2021年1月新番,1,0,"[{""title"": ""YourAnimes 連結"", ""url"": ""https://youranimes.tw/animes/731""}]"
《裏世界遠足》的主視覺圖,2021年1月新番,1,0,"[{""title"": ""YourAnimes 連結"", ""url"": ""https://youranimes.tw/animes/813""}]"
《比方說，這是個出身魔王關附近的少年在新手村生活的故事》的主視覺圖,2021年1月新番,1,0,"[{""title"": ""YourAnimes 連結"", ""url"": ""https://youranimes.tw/animes/836""}]"
《轉生成蜘蛛又怎樣！》的主視覺圖,2021年1月新番,1,0,"[{""title"": ""YourAnimes 連結"", ""url"": ""https://youranimes.tw/animes/880""}]"
《關於我轉生變成史萊姆這檔事 第二季》的主視覺圖,2021年1月新番,2,0,"[{""title"": ""YourAnimes 連結"", ""url"": ""https://youranimes.tw/animes/718""}]"
《BEASTARS 第二季》的主視覺圖,2021年1月新番,2,0,"[{""title"": ""YourAnimes 連結"", ""url"": ""https://youranimes.tw/animes/745""}]"
《SK8 the Infinity》的主視覺圖,2021年1月新番,1,0,"[{""title"": ""YourAnimes 連結"", ""url"": ""https://youranimes.tw/animes/763""}]"
《怪病醫拉姆尼》的主視覺圖,2021年1月新番,1,0,"[{""title"": ""YourAnimes 連結"", ""url"": ""https://youranimes.tw/animes/779""}]"
《五等分的新娘 ∬》的主視覺圖,2021年1月新番,1,0,"[{""title"": ""YourAnimes 連結"", ""url"": ""https://youranimes.tw/animes/797""}]"
《記錄的地平線 第三季：圓桌崩壞》的主視覺圖,2021年1月新番,3,0,"[{""title"": ""YourAnimes 連結"", ""url"": ""https://youranimes.tw/animes/801""}]"
《IDOLY PRIDE 偶像榮耀》的主視覺圖,2021年1月新番,1,0,"[{""title"": ""YourAnimes 連結"", ""url"": ""https://youranimes.tw/animes/830""}]"
《境界觸發者 第二季》的主視覺圖,2021年1月新番,2,0,"[{""title"": ""YourAnimes 連結"", ""url"": ""https://youranimes.tw/animes/838""}]"
《只有我能進入的隱藏迷宮》的主視覺圖,2021年1月新番,1,0,"[{""title"": ""YourAnimes 連結"", ""url"": ""https://youranimes.tw/animes/892""}]"
《工作細胞 第二季》的主視覺圖,2021年1月新番,2,0,"[{""title"": ""YourAnimes 連結"", ""url"": ""https://youranimes.tw/animes/893""}]"
《WIXOSS DIVA(A)LIVE》的主視覺圖,2021年1月新番,1,0,"[{""title"": ""YourAnimes 連結"", ""url"": ""https://youranimes.tw/animes/965""}]"
《大人的防具店II》的主視覺圖,2021年1月新番,1,0,"[{""title"": ""YourAnimes 連結"", ""url"": ""https://youranimes.tw/animes/969""}]"
《文豪野犬 汪！》的主視覺圖,2021年1月新番,1,0,"[{""title"": ""YourAnimes 連結"", ""url"": ""https://youranimes.tw/animes/1010""}]"
《演劇偶像》的主視覺圖,2021年1月新番,1,0,"[{""title"": ""YourAnimes 連結"", ""url"": ""https://youranimes.tw/animes/961""}]"
《Hortensia SAGA 蒼之騎士團》的主視覺圖,2021年1月新番,1,0,"[{""title"": ""YourAnimes 連結"", ""url"": ""https://youranimes.tw/animes/962""}]"
《WAVE!! ~來衝浪吧!!~》的主視覺圖,2021年1月新番,1,0,"[{""title"": ""YourAnimes 連結"", ""url"": ""https://youranimes.tw/animes/1042""}]"
《熱情閃耀光之美少女》的主視覺圖,2021年1月新番,1,0,"[{""title"": ""YourAnimes 連結"", ""url"": ""https://youranimes.tw/animes/1090""}]"
《ぷっちみく♪D4DJ Petit Mix》的主視覺圖,2021年1月新番,1,0,"[{""title"": ""YourAnimes 連結"", ""url"": ""https://youranimes.tw/animes/1274""}]"
《おかしなさばくのスナとマヌ》的主視覺圖,2021年1月新番,1,0,"[{""title"": ""YourAnimes 連結"", ""url"": ""https://youranimes.tw/animes/1264""}]"
《偶像學園Planet！》的主視覺圖,2021年1月新番,1,0,"[{""title"": ""YourAnimes 連結"", ""url"": ""https://youranimes.tw/animes/2182""}]"
《殘念生物事典(4)》的主視覺圖,2021年1月新番,1,0,"[{""title"": ""YourAnimes 連結"", ""url"": ""https://youranimes.tw/animes/2897""}]"
《俗女純愛大作戰》的主視覺圖,2021年1月新番,1,0,"[{""title"": ""YourAnimes 連結"", ""url"": ""https://youranimes.tw/animes/3380""}]"
《碧藍航線 微速前進！》的主視覺圖,2021年1月新番,1,0,"[{""title"": ""YourAnimes 連結"", ""url"": ""https://youranimes.tw/animes/3880""}]"
《極道主夫》的主視覺圖,2021年4月新番,1,0,"[{""title"": ""YourAnimes 連結"", ""url"": ""https://youranimes.tw/animes/719""}]"
《義呆利 World Stars》的主視覺圖,2021年4月新番,1,0,"[{""title"": ""YourAnimes 連結"", ""url"": ""https://youranimes.tw/animes/977""}]"
《終末的女武神》的主視覺圖,2021年4月新番,1,0,"[{""title"": ""YourAnimes 連結"", ""url"": ""https://youranimes.tw/animes/981""}]"
《干支魂 〜猫客万来〜》的主視覺圖,2021年4月新番,1,0,"[{""title"": ""YourAnimes 連結"", ""url"": ""https://youranimes.tw/animes/1101""}]"
《SD鋼彈世界 群英集》的主視覺圖,2021年4月新番,1,0,"[{""title"": ""YourAnimes 連結"", ""url"": ""https://youranimes.tw/animes/1085""}]"
《伊甸》的主視覺圖,2021年4月新番,1,0,"[{""title"": ""YourAnimes 連結"", ""url"": ""https://youranimes.tw/animes/1097""}]"
《YASUKE 武士彌助》的主視覺圖,2021年4月新番,1,0,"[{""title"": ""YourAnimes 連結"", ""url"": ""https://youranimes.tw/animes/1234""}]"
《夜之國》的主視覺圖,2021年4月新番,1,0,"[{""title"": ""YourAnimes 連結"", ""url"": ""https://youranimes.tw/animes/1708""}]"
《Artiswitch》的主視覺圖,2021年4月新番,1,0,"[{""title"": ""YourAnimes 連結"", ""url"": ""https://youranimes.tw/animes/2058""}]"
《幼女戰記 「沙漠意麵大作戰」》的主視覺圖,2021年4月新番,1,0,"[{""title"": ""YourAnimes 連結"", ""url"": ""https://youranimes.tw/animes/2216""}]"
《小林家的龍女僕S ミニドラ (ONA)》的主視覺圖,2021年4月新番,1,0,"[{""title"": ""YourAnimes 連結"", ""url"": ""https://youranimes.tw/animes/2991""}]"
《精靈幻想記 迷你動畫》的主視覺圖,2021年4月新番,1,0,"[{""title"": ""YourAnimes 連結"", ""url"": ""https://youranimes.tw/animes/3080""}]"
《戰鬥陀螺 爆烈世代 DB》的主視覺圖,2021年4月新番,1,0,"[{""title"": ""YourAnimes 連結"", ""url"": ""https://youranimes.tw/animes/3214""}]"
《教教我吧 北齋！》的主視覺圖,2021年4月新番,1,0,"[{""title"": ""YourAnimes 連結"", ""url"": ""https://youranimes.tw/animes/4687""}]"
《暴走哈姆醬》的主視覺圖,2021年4月新番,1,0,"[{""title"": ""YourAnimes 連結"", ""url"": ""https://youranimes.tw/animes/4824""}]"
《青梅竹馬絕對不會輸的戀愛喜劇》的主視覺圖,2021年4月新番,1,0,"[{""title"": ""YourAnimes 連結"", ""url"": ""https://youranimes.tw/animes/730""}]"
《不要欺負我，長瀞同學》的主視覺圖,2021年4月新番,1,0,"[{""title"": ""YourAnimes 連結"", ""url"": ""https://youranimes.tw/animes/764""}]"
《燒窯的話也要馬克杯》的主視覺圖,2021年4月新番,1,0,"[{""title"": ""YourAnimes 連結"", ""url"": ""https://youranimes.tw/animes/717""}]"
《刮掉鬍子的我與撿到的女高中生》的主視覺圖,2021年4月新番,1,0,"[{""title"": ""YourAnimes 連結"", ""url"": ""https://youranimes.tw/animes/732""}]"
《真白之音》的主視覺圖,2021年4月新番,1,0,"[{""title"": ""YourAnimes 連結"", ""url"": ""https://youranimes.tw/animes/755""}]"
《美少年偵探團》的主視覺圖,2021年4月新番,1,0,"[{""title"": ""YourAnimes 連結"", ""url"": ""https://youranimes.tw/animes/789""}]"
《龍先生、想要買個家。》的主視覺圖,2021年4月新番,1,0,"[{""title"": ""YourAnimes 連結"", ""url"": ""https://youranimes.tw/animes/863""}]"
《美麗新世界 The Animation》的主視覺圖,2021年4月新番,1,0,"[{""title"": ""YourAnimes 連結"", ""url"": ""https://youranimes.tw/animes/900""}]"
《東京復仇者》的主視覺圖,2021年4月新番,1,0,"[{""title"": ""YourAnimes 連結"", ""url"": ""https://youranimes.tw/animes/948""}]"
《灼熱卡巴迪》的主視覺圖,2021年4月新番,1,0,"[{""title"": ""YourAnimes 連結"", ""url"": ""https://youranimes.tw/animes/944""}]"
《iii Icecrin 冰冰冰 冰淇淋君》的主視覺圖,2021年4月新番,1,0,"[{""title"": ""YourAnimes 連結"", ""url"": ""https://youranimes.tw/animes/947""}]"
《SHADOWS HOUSE 影宅》的主視覺圖,2021年4月新番,1,0,"[{""title"": ""YourAnimes 連結"", ""url"": ""https://youranimes.tw/animes/984""}]"
《異世界魔王與召喚少女的奴隸魔術Ω》的主視覺圖,2021年4月新番,1,0,"[{""title"": ""YourAnimes 連結"", ""url"": ""https://youranimes.tw/animes/983""}]"
《86─不存在的戰區─》的主視覺圖,2021年4月新番,1,0,"[{""title"": ""YourAnimes 連結"", ""url"": ""https://youranimes.tw/animes/986""}]"
《聖女魔力無所不能》的主視覺圖,2021年4月新番,1,0,"[{""title"": ""YourAnimes 連結"", ""url"": ""https://youranimes.tw/animes/993""}]"
《如果究極進化的完全沉浸 RPG 比現實還更像垃圾遊戲的話》的主視覺圖,2021年4月新番,1,0,"[{""title"": ""YourAnimes 連結"", ""url"": ""https://youranimes.tw/animes/995""}]"
《後空翻少年!!》的主視覺圖,2021年4月新番,1,0,"[{""title"": ""YourAnimes 連結"", ""url"": ""https://youranimes.tw/animes/832""}]"
《我的英雄學院 第五季》的主視覺圖,2021年4月新番,5,0,"[{""title"": ""YourAnimes 連結"", ""url"": ""https://youranimes.tw/animes/672""}]"
《セスタス -The Roman Fighter-》的主視覺圖,2021年4月新番,1,0,"[{""title"": ""YourAnimes 連結"", ""url"": ""https://youranimes.tw/animes/754""}]"
《哥吉拉 奇異點》的主視覺圖,2021年4月新番,1,0,"[{""title"": ""YourAnimes 連結"", ""url"": ""https://youranimes.tw/animes/928""}]"
《再見了，我的克拉默》的主視覺圖,2021年4月新番,1,0,"[{""title"": ""YourAnimes 連結"", ""url"": ""https://youranimes.tw/animes/991""}]"
《大運動會 ReSTART!》的主視覺圖,2021年4月新番,1,0,"[{""title"": ""YourAnimes 連結"", ""url"": ""https://youranimes.tw/animes/943""}]"
《Thunderbolt Fantasy 東離劍遊紀 第三季》的主視覺圖,2021年4月新番,3,0,"[{""title"": ""YourAnimes 連結"", ""url"": ""https://youranimes.tw/animes/1024""}]"
《戰鬥員派遣中！》的主視覺圖,2021年4月新番,1,0,"[{""title"": ""YourAnimes 連結"", ""url"": ""https://youranimes.tw/animes/1034""}]"
《通靈王 (2021)》的主視覺圖,2021年4月新番,1,0,"[{""title"": ""YourAnimes 連結"", ""url"": ""https://youranimes.tw/animes/1047""}]"
《持續狩獵史萊姆三百年，不知不覺就練到LV MAX》的主視覺圖,2021年4月新番,1,0,"[{""title"": ""YourAnimes 連結"", ""url"": ""https://youranimes.tw/animes/1070""}]"
《Fairy 蘭丸 ～讓我來幫助你的心～》的主視覺圖,2021年4月新番,1,0,"[{""title"": ""YourAnimes 連結"", ""url"": ""https://youranimes.tw/animes/1087""}]"
《奇巧計程車》的主視覺圖,2021年4月新番,1,0,"[{""title"": ""YourAnimes 連結"", ""url"": ""https://youranimes.tw/animes/1102""}]"
《佐賀偶像是傳奇 捲土重來》的主視覺圖,2021年4月新番,1,0,"[{""title"": ""YourAnimes 連結"", ""url"": ""https://youranimes.tw/animes/1048""}]"
《入間同學入魔了！第二季》的主視覺圖,2021年4月新番,2,0,"[{""title"": ""YourAnimes 連結"", ""url"": ""https://youranimes.tw/animes/1068""}]"
《EDENS ZERO 伊甸星原》的主視覺圖,2021年4月新番,1,0,"[{""title"": ""YourAnimes 連結"", ""url"": ""https://youranimes.tw/animes/1071""}]"
《SSSS.DYNAZENON》的主視覺圖,2021年4月新番,1,0,"[{""title"": ""YourAnimes 連結"", ""url"": ""https://youranimes.tw/animes/1043""}]"
《關於我轉生變成史萊姆這檔事 轉生史萊姆日記》的主視覺圖,2021年4月新番,1,0,"[{""title"": ""YourAnimes 連結"", ""url"": ""https://youranimes.tw/animes/1069""}]"
《更多！認真地不認真的怪傑佐羅力 第二季》的主視覺圖,2021年4月新番,2,0,"[{""title"": ""YourAnimes 連結"", ""url"": ""https://youranimes.tw/animes/1086""}]"
《Vivy -Fluorite Eye's Song-》的主視覺圖,2021年4月新番,1,0,"[{""title"": ""YourAnimes 連結"", ""url"": ""https://youranimes.tw/animes/1103""}]"
《如果這叫愛情感覺會很噁心》的主視覺圖,2021年4月新番,1,0,"[{""title"": ""YourAnimes 連結"", ""url"": ""https://youranimes.tw/animes/1044""}]"
《給不滅的你》的主視覺圖,2021年4月新番,1,0,"[{""title"": ""YourAnimes 連結"", ""url"": ""https://youranimes.tw/animes/1067""}]"
《憂國的莫里亞蒂 後半部》的主視覺圖,2021年4月新番,1,0,"[{""title"": ""YourAnimes 連結"", ""url"": ""https://youranimes.tw/animes/1072""}]"
《MARS RED》的主視覺圖,2021年4月新番,1,0,"[{""title"": ""YourAnimes 連結"", ""url"": ""https://youranimes.tw/animes/1076""}]"
《新幹線變形機器人 Z》的主視覺圖,2021年4月新番,1,0,"[{""title"": ""YourAnimes 連結"", ""url"": ""https://youranimes.tw/animes/1195""}]"
《卡片戰鬥!! 先導者 overDress》的主視覺圖,2021年4月新番,1,0,"[{""title"": ""YourAnimes 連結"", ""url"": ""https://youranimes.tw/animes/1196""}]"
《本田小狼與我》的主視覺圖,2021年4月新番,1,0,"[{""title"": ""YourAnimes 連結"", ""url"": ""https://youranimes.tw/animes/1104""}]"
《魔法水果籃 第三季： The Final》的主視覺圖,2021年4月新番,3,0,"[{""title"": ""YourAnimes 連結"", ""url"": ""https://youranimes.tw/animes/1179""}]"
《NOMAD MEGALO BOX 2 機甲拳擊 2》的主視覺圖,2021年4月新番,1,0,"[{""title"": ""YourAnimes 連結"", ""url"": ""https://youranimes.tw/animes/1183""}]"
《結城友奈是勇者 ちゅるっと！》的主視覺圖,2021年4月新番,1,0,"[{""title"": ""YourAnimes 連結"", ""url"": ""https://youranimes.tw/animes/1184""}]"
《擾亂 THE PRINCESS OF SNOW AND BLOOD》的主視覺圖,2021年4月新番,1,0,"[{""title"": ""YourAnimes 連結"", ""url"": ""https://youranimes.tw/animes/1304""}]"
《BLUE REFLECTION : 澪》的主視覺圖,2021年4月新番,1,0,"[{""title"": ""YourAnimes 連結"", ""url"": ""https://youranimes.tw/animes/1270""}]"
《七騎士：革命 -英雄的繼承者-》的主視覺圖,2021年4月新番,1,0,"[{""title"": ""YourAnimes 連結"", ""url"": ""https://youranimes.tw/animes/1229""}]"
《變身成黑辣妹之後就和死黨上床了。》的主視覺圖,2021年4月新番,1,0,"[{""title"": ""YourAnimes 連結"", ""url"": ""https://youranimes.tw/animes/1361""}]"
《ダイナ荘びより》的主視覺圖,2021年4月新番,1,0,"[{""title"": ""YourAnimes 連結"", ""url"": ""https://youranimes.tw/animes/1352""}]"
《赤ちゃん本部長》的主視覺圖,2021年4月新番,1,0,"[{""title"": ""YourAnimes 連結"", ""url"": ""https://youranimes.tw/animes/1358""}]"
《壽司大相撲》的主視覺圖,2021年4月新番,1,0,"[{""title"": ""YourAnimes 連結"", ""url"": ""https://youranimes.tw/animes/1456""}]"
《歌うサッカーパンダ ミファンダ》的主視覺圖,2021年4月新番,1,0,"[{""title"": ""YourAnimes 連結"", ""url"": ""https://youranimes.tw/animes/1604""}]"
《宇宙なんちゃら こてつくん》的主視覺圖,2021年4月新番,1,0,"[{""title"": ""YourAnimes 連結"", ""url"": ""https://youranimes.tw/animes/1602""}]"
《マジカパーティ》的主視覺圖,2021年4月新番,1,0,"[{""title"": ""YourAnimes 連結"", ""url"": ""https://youranimes.tw/animes/1603""}]"
《奇蛋物語 特別篇》的主視覺圖,2021年4月新番,1,0,"[{""title"": ""YourAnimes 連結"", ""url"": ""https://youranimes.tw/animes/2193""}]"
《プリティーオールフレンズセレクション》的主視覺圖,2021年4月新番,1,0,"[{""title"": ""YourAnimes 連結"", ""url"": ""https://youranimes.tw/animes/2869""}]"
《未來宅急便》的主視覺圖,2021年4月新番,1,0,"[{""title"": ""YourAnimes 連結"", ""url"": ""https://youranimes.tw/animes/2905""}]"
《萌可魯玩偶貓 第二季》的主視覺圖,2021年4月新番,2,0,"[{""title"": ""YourAnimes 連結"", ""url"": ""https://youranimes.tw/animes/2995""}]"
《Gloomy The Naughty Grizzly》的主視覺圖,2021年4月新番,1,0,"[{""title"": ""YourAnimes 連結"", ""url"": ""https://youranimes.tw/animes/3646""}]"
《惡靈古堡：無盡闇黑》的主視覺圖,2021年7月新番,1,0,"[{""title"": ""YourAnimes 連結"", ""url"": ""https://youranimes.tw/animes/2001""}]"
《IDOL LAND 星光樂園》的主視覺圖,2021年7月新番,1,0,"[{""title"": ""YourAnimes 連結"", ""url"": ""https://youranimes.tw/animes/1880""}]"
《叫我，對大哥 ONA》的主視覺圖,2021年7月新番,1,0,"[{""title"": ""YourAnimes 連結"", ""url"": ""https://youranimes.tw/animes/2239""}]"
《突擊莉莉 Fruits》的主視覺圖,2021年7月新番,1,0,"[{""title"": ""YourAnimes 連結"", ""url"": ""https://youranimes.tw/animes/2219""}]"
《Obey Me!》的主視覺圖,2021年7月新番,1,0,"[{""title"": ""YourAnimes 連結"", ""url"": ""https://youranimes.tw/animes/2640""}]"
《加油吧，同期醬》的主視覺圖,2021年7月新番,1,0,"[{""title"": ""YourAnimes 連結"", ""url"": ""https://youranimes.tw/animes/2686""}]"
《星期一的豐滿 第二季》的主視覺圖,2021年7月新番,2,0,"[{""title"": ""YourAnimes 連結"", ""url"": ""https://youranimes.tw/animes/2856""}]"
《平家物語》的主視覺圖,2021年7月新番,1,0,"[{""title"": ""YourAnimes 連結"", ""url"": ""https://youranimes.tw/animes/2778""}]"
《寶可夢：Evolutions》的主視覺圖,2021年7月新番,1,0,"[{""title"": ""YourAnimes 連結"", ""url"": ""https://youranimes.tw/animes/4829""}]"
《娑婆氣》的主視覺圖,2021年7月新番,1,0,"[{""title"": ""YourAnimes 連結"", ""url"": ""https://youranimes.tw/animes/5592""}]"
《星際大戰：視界》的主視覺圖,2021年7月新番,1,0,"[{""title"": ""YourAnimes 連結"", ""url"": ""https://youranimes.tw/animes/6109""}]"
《蓋特機器人ARC》的主視覺圖,2021年7月新番,1,0,"[{""title"": ""YourAnimes 連結"", ""url"": ""https://youranimes.tw/animes/740""}]"
《女朋友 and 女朋友》的主視覺圖,2021年7月新番,1,0,"[{""title"": ""YourAnimes 連結"", ""url"": ""https://youranimes.tw/animes/867""}]"
《平穩世代的韋駄天們》的主視覺圖,2021年7月新番,1,0,"[{""title"": ""YourAnimes 連結"", ""url"": ""https://youranimes.tw/animes/765""}]"
《急戰5秒殊死鬥》的主視覺圖,2021年7月新番,1,0,"[{""title"": ""YourAnimes 連結"", ""url"": ""https://youranimes.tw/animes/798""}]"
《Love Live！Superstar!!》的主視覺圖,2021年7月新番,1,0,"[{""title"": ""YourAnimes 連結"", ""url"": ""https://youranimes.tw/animes/945""}]"
《暗夜第六感 2041》的主視覺圖,2021年7月新番,1,0,"[{""title"": ""YourAnimes 連結"", ""url"": ""https://youranimes.tw/animes/752""}]"
《現實主義勇者的王國重建記》的主視覺圖,2021年7月新番,1,0,"[{""title"": ""YourAnimes 連結"", ""url"": ""https://youranimes.tw/animes/835""}]"
《開掛藥師的異世界悠閒生活》的主視覺圖,2021年7月新番,1,0,"[{""title"": ""YourAnimes 連結"", ""url"": ""https://youranimes.tw/animes/1041""}]"
《魔法科高中的優等生》的主視覺圖,2021年7月新番,1,0,"[{""title"": ""YourAnimes 連結"", ""url"": ""https://youranimes.tw/animes/1049""}]"
《精靈幻想記》的主視覺圖,2021年7月新番,1,0,"[{""title"": ""YourAnimes 連結"", ""url"": ""https://youranimes.tw/animes/1065""}]"
《小林家的龍女僕S》的主視覺圖,2021年7月新番,1,0,"[{""title"": ""YourAnimes 連結"", ""url"": ""https://youranimes.tw/animes/1108""}]"
《轉生成女性向遊戲只有毀滅 END 的壞人大小姐 X》的主視覺圖,2021年7月新番,1,0,"[{""title"": ""YourAnimes 連結"", ""url"": ""https://youranimes.tw/animes/1152""}]"
《暗黑企業的迷宮》的主視覺圖,2021年7月新番,1,0,"[{""title"": ""YourAnimes 連結"", ""url"": ""https://youranimes.tw/animes/1204""}]"
《陰晴不定的體操哥哥》的主視覺圖,2021年7月新番,1,0,"[{""title"": ""YourAnimes 連結"", ""url"": ""https://youranimes.tw/animes/1246""}]"
《桃子男孩渡海而來》的主視覺圖,2021年7月新番,1,0,"[{""title"": ""YourAnimes 連結"", ""url"": ""https://youranimes.tw/animes/1317""}]"
《我們的重製人生》的主視覺圖,2021年7月新番,1,0,"[{""title"": ""YourAnimes 連結"", ""url"": ""https://youranimes.tw/animes/1322""}]"
《死神少爺與黑女僕》的主視覺圖,2021年7月新番,1,0,"[{""title"": ""YourAnimes 連結"", ""url"": ""https://youranimes.tw/animes/1245""}]"
《歌劇少女！！》的主視覺圖,2021年7月新番,1,0,"[{""title"": ""YourAnimes 連結"", ""url"": ""https://youranimes.tw/animes/1354""}]"
《偵探已經，死了。》的主視覺圖,2021年7月新番,1,0,"[{""title"": ""YourAnimes 連結"", ""url"": ""https://youranimes.tw/animes/1360""}]"
《RE-MAIN》的主視覺圖,2021年7月新番,1,0,"[{""title"": ""YourAnimes 連結"", ""url"": ""https://youranimes.tw/animes/1359""}]"
《我立於百萬生命之上 第二季》的主視覺圖,2021年7月新番,2,0,"[{""title"": ""YourAnimes 連結"", ""url"": ""https://youranimes.tw/animes/1365""}]"
《D_CIDE TRAUMEREI THE ANIMATION》的主視覺圖,2021年7月新番,1,0,"[{""title"": ""YourAnimes 連結"", ""url"": ""https://youranimes.tw/animes/1478""}]"
《魔法紀錄 魔法少女小圓外傳 第二季：覺醒前夜》的主視覺圖,2021年7月新番,2,0,"[{""title"": ""YourAnimes 連結"", ""url"": ""https://youranimes.tw/animes/1461""}]"
《暮蟬悲鳴時卒》的主視覺圖,2021年7月新番,1,0,"[{""title"": ""YourAnimes 連結"", ""url"": ""https://youranimes.tw/animes/1474""}]"
《緋紅結繫》的主視覺圖,2021年7月新番,1,0,"[{""title"": ""YourAnimes 連結"", ""url"": ""https://youranimes.tw/animes/1476""}]"
《瓦尼塔斯的手札》的主視覺圖,2021年7月新番,1,0,"[{""title"": ""YourAnimes 連結"", ""url"": ""https://youranimes.tw/animes/1527""}]"
《IDOLiSH7 偶像星願 Third BEAT!》的主視覺圖,2021年7月新番,1,0,"[{""title"": ""YourAnimes 連結"", ""url"": ""https://youranimes.tw/animes/1481""}]"
《TSUKIPRO THE ANIMATION 2》的主視覺圖,2021年7月新番,1,0,"[{""title"": ""YourAnimes 連結"", ""url"": ""https://youranimes.tw/animes/1534""}]"
《女神宿舍的管理員。》的主視覺圖,2021年7月新番,1,0,"[{""title"": ""YourAnimes 連結"", ""url"": ""https://youranimes.tw/animes/1535""}]"
《賈希大人不氣餒！》的主視覺圖,2021年7月新番,1,0,"[{""title"": ""YourAnimes 連結"", ""url"": ""https://youranimes.tw/animes/1752""}]"
《漂流少年》的主視覺圖,2021年7月新番,1,0,"[{""title"": ""YourAnimes 連結"", ""url"": ""https://youranimes.tw/animes/1901""}]"
《叫我，對大哥》的主視覺圖,2021年7月新番,1,0,"[{""title"": ""YourAnimes 連結"", ""url"": ""https://youranimes.tw/animes/1999""}]"
《月光下的異世界之旅》的主視覺圖,2021年7月新番,1,0,"[{""title"": ""YourAnimes 連結"", ""url"": ""https://youranimes.tw/animes/1813""}]"
《闇芝居 第九季》的主視覺圖,2021年7月新番,9,0,"[{""title"": ""YourAnimes 連結"", ""url"": ""https://youranimes.tw/animes/2000""}]"
《白沙的Aquatope》的主視覺圖,2021年7月新番,1,0,"[{""title"": ""YourAnimes 連結"", ""url"": ""https://youranimes.tw/animes/1601""}]"
《關於我轉生變成史萊姆這檔事 第二季 第二季度》的主視覺圖,2021年7月新番,2,0,"[{""title"": ""YourAnimes 連結"", ""url"": ""https://youranimes.tw/animes/1605""}]"
《海賊王女》的主視覺圖,2021年7月新番,1,0,"[{""title"": ""YourAnimes 連結"", ""url"": ""https://youranimes.tw/animes/2061""}]"
《八月的棒球甜心 「還在繼續的故事」》的主視覺圖,2021年7月新番,1,0,"[{""title"": ""YourAnimes 連結"", ""url"": ""https://youranimes.tw/animes/2886""}]"
《JOJO的奇妙冒險 第五季：石之海》的主視覺圖,2021年10月新番,5,0,"[{""title"": ""YourAnimes 連結"", ""url"": ""https://youranimes.tw/animes/1583""}]"
《範馬刃牙》的主視覺圖,2021年10月新番,1,0,"[{""title"": ""YourAnimes 連結"", ""url"": ""https://youranimes.tw/animes/2294""}]"
《鋼彈創壞者 對戰風雲錄》的主視覺圖,2021年10月新番,1,0,"[{""title"": ""YourAnimes 連結"", ""url"": ""https://youranimes.tw/animes/2709""}]"
《極道主夫 Part 2》的主視覺圖,2021年10月新番,1,0,"[{""title"": ""YourAnimes 連結"", ""url"": ""https://youranimes.tw/animes/2804""}]"
《光靈：武士之魂》的主視覺圖,2021年10月新番,1,0,"[{""title"": ""YourAnimes 連結"", ""url"": ""https://youranimes.tw/animes/2873""}]"
《バトルスピリッツミラージュ》的主視覺圖,2021年10月新番,1,0,"[{""title"": ""YourAnimes 連結"", ""url"": ""https://youranimes.tw/animes/2875""}]"
《超級小偷》的主視覺圖,2021年10月新番,1,0,"[{""title"": ""YourAnimes 連結"", ""url"": ""https://youranimes.tw/animes/3020""}]"
《衝吧烈子 第四季》的主視覺圖,2021年10月新番,4,0,"[{""title"": ""YourAnimes 連結"", ""url"": ""https://youranimes.tw/animes/3062""}]"
《薄櫻鬼 OVA 2021》的主視覺圖,2021年10月新番,1,0,"[{""title"": ""YourAnimes 連結"", ""url"": ""https://youranimes.tw/animes/3094""}]"
《艾梅洛閣下 II 世事件簿 -魔眼蒐集列車 Grace note- 特別篇》的主視覺圖,2021年10月新番,1,0,"[{""title"": ""YourAnimes 連結"", ""url"": ""https://youranimes.tw/animes/2830""}]"
《紫羅蘭永恆花園：回憶》的主視覺圖,2021年10月新番,1,0,"[{""title"": ""YourAnimes 連結"", ""url"": ""https://youranimes.tw/animes/4023""}]"
《國王排名》的主視覺圖,2021年10月新番,1,0,"[{""title"": ""YourAnimes 連結"", ""url"": ""https://youranimes.tw/animes/753""}]"
《Muv-Luv Alternative》的主視覺圖,2021年10月新番,1,0,"[{""title"": ""YourAnimes 連結"", ""url"": ""https://youranimes.tw/animes/812""}]"
《因為不是真正的夥伴而被逐出勇者隊伍，流落到邊境展開慢活人生》的主視覺圖,2021年10月新番,1,0,"[{""title"": ""YourAnimes 連結"", ""url"": ""https://youranimes.tw/animes/866""}]"
《Platinum End 白金終局》的主視覺圖,2021年10月新番,1,0,"[{""title"": ""YourAnimes 連結"", ""url"": ""https://youranimes.tw/animes/980""}]"
《終末的後宮》的主視覺圖,2021年10月新番,1,0,"[{""title"": ""YourAnimes 連結"", ""url"": ""https://youranimes.tw/animes/929""}]"
《SAKUGAN》的主視覺圖,2021年10月新番,1,0,"[{""title"": ""YourAnimes 連結"", ""url"": ""https://youranimes.tw/animes/994""}]"
《SELECTION PROJECT》的主視覺圖,2021年10月新番,1,0,"[{""title"": ""YourAnimes 連結"", ""url"": ""https://youranimes.tw/animes/930""}]"
《橘色榮耀！PRIDE OF ORANGE》的主視覺圖,2021年10月新番,1,0,"[{""title"": ""YourAnimes 連結"", ""url"": ""https://youranimes.tw/animes/937""}]"
《前輩有夠煩》的主視覺圖,2021年10月新番,1,0,"[{""title"": ""YourAnimes 連結"", ""url"": ""https://youranimes.tw/animes/1233""}]"
《世界頂尖的暗殺者轉生為異世界貴族》的主視覺圖,2021年10月新番,1,0,"[{""title"": ""YourAnimes 連結"", ""url"": ""https://youranimes.tw/animes/1305""}]"
《月與萊卡與吸血公主》的主視覺圖,2021年10月新番,1,0,"[{""title"": ""YourAnimes 連結"", ""url"": ""https://youranimes.tw/animes/1479""}]"
《境界戰機》的主視覺圖,2021年10月新番,1,0,"[{""title"": ""YourAnimes 連結"", ""url"": ""https://youranimes.tw/animes/1487""}]"
《境界觸發者 第三季》的主視覺圖,2021年10月新番,3,0,"[{""title"": ""YourAnimes 連結"", ""url"": ""https://youranimes.tw/animes/1529""}]"
《陰陽眼見子》的主視覺圖,2021年10月新番,1,0,"[{""title"": ""YourAnimes 連結"", ""url"": ""https://youranimes.tw/animes/1480""}]"
《半妖的夜叉姬 貮之章》的主視覺圖,2021年10月新番,1,0,"[{""title"": ""YourAnimes 連結"", ""url"": ""https://youranimes.tw/animes/1488""}]"
《鬼滅之刃：遊郭篇》的主視覺圖,2021年10月新番,1,0,"[{""title"": ""YourAnimes 連結"", ""url"": ""https://youranimes.tw/animes/1490""}]"
《VISUAL PRISON 視覺監獄》的主視覺圖,2021年10月新番,1,0,"[{""title"": ""YourAnimes 連結"", ""url"": ""https://youranimes.tw/animes/1526""}]"
《大正處女御伽話》的主視覺圖,2021年10月新番,1,0,"[{""title"": ""YourAnimes 連結"", ""url"": ""https://youranimes.tw/animes/1528""}]"
《萬能戰士無比敵》的主視覺圖,2021年10月新番,1,0,"[{""title"": ""YourAnimes 連結"", ""url"": ""https://youranimes.tw/animes/1538""}]"
《吸血鬼馬上死》的主視覺圖,2021年10月新番,1,0,"[{""title"": ""YourAnimes 連結"", ""url"": ""https://youranimes.tw/animes/1532""}]"
《世界盡頭的聖騎士》的主視覺圖,2021年10月新番,1,0,"[{""title"": ""YourAnimes 連結"", ""url"": ""https://youranimes.tw/animes/1731""}]"
《BUILD DIVIDE -#000000-（CODE：BLACK）》的主視覺圖,2021年10月新番,1,0,"[{""title"": ""YourAnimes 連結"", ""url"": ""https://youranimes.tw/animes/1789""}]"
《結城友奈是勇者 -大滿開之章-》的主視覺圖,2021年10月新番,1,0,"[{""title"": ""YourAnimes 連結"", ""url"": ""https://youranimes.tw/animes/1812""}]"
《藍色時期》的主視覺圖,2021年10月新番,1,0,"[{""title"": ""YourAnimes 連結"", ""url"": ""https://youranimes.tw/animes/1814""}]"
《無職轉生～到了異世界就拿出真本事～ 後半部》的主視覺圖,2021年10月新番,1,0,"[{""title"": ""YourAnimes 連結"", ""url"": ""https://youranimes.tw/animes/1606""}]"
《特斯拉筆記》的主視覺圖,2021年10月新番,1,0,"[{""title"": ""YourAnimes 連結"", ""url"": ""https://youranimes.tw/animes/1703""}]"
《鍵等》的主視覺圖,2021年10月新番,1,0,"[{""title"": ""YourAnimes 連結"", ""url"": ""https://youranimes.tw/animes/1953""}]"
《異世界食堂2》的主視覺圖,2021年10月新番,1,0,"[{""title"": ""YourAnimes 連結"", ""url"": ""https://youranimes.tw/animes/1788""}]"
《古見同學是溝通魯蛇》的主視覺圖,2021年10月新番,1,0,"[{""title"": ""YourAnimes 連結"", ""url"": ""https://youranimes.tw/animes/1956""}]"
《四季櫻》的主視覺圖,2021年10月新番,1,0,"[{""title"": ""YourAnimes 連結"", ""url"": ""https://youranimes.tw/animes/2059""}]"
《180秒能讓你的耳朵感到幸福嗎？》的主視覺圖,2021年10月新番,1,0,"[{""title"": ""YourAnimes 連結"", ""url"": ""https://youranimes.tw/animes/2060""}]"
《86─不存在的戰區─ 第二季度》的主視覺圖,2021年10月新番,2,0,"[{""title"": ""YourAnimes 連結"", ""url"": ""https://youranimes.tw/animes/2117""}]"
《宿命迴響：命運節拍》的主視覺圖,2021年10月新番,1,0,"[{""title"": ""YourAnimes 連結"", ""url"": ""https://youranimes.tw/animes/2146""}]"
《三角窗外是黑夜》的主視覺圖,2021年10月新番,1,0,"[{""title"": ""YourAnimes 連結"", ""url"": ""https://youranimes.tw/animes/2192""}]"
《燒窯的話也要馬克杯  第二季》的主視覺圖,2021年10月新番,2,0,"[{""title"": ""YourAnimes 連結"", ""url"": ""https://youranimes.tw/animes/2269""}]"
《逆轉世界的電池少女》的主視覺圖,2021年10月新番,1,0,"[{""title"": ""YourAnimes 連結"", ""url"": ""https://youranimes.tw/animes/2246""}]"
《魯邦三世 第六季》的主視覺圖,2021年10月新番,6,0,"[{""title"": ""YourAnimes 連結"", ""url"": ""https://youranimes.tw/animes/2315""}]"
《進化果實～不知不覺踏上勝利的人生～》的主視覺圖,2021年10月新番,1,0,"[{""title"": ""YourAnimes 連結"", ""url"": ""https://youranimes.tw/animes/2371""}]"
《狂熱深淵 迷失的孩子》的主視覺圖,2021年10月新番,1,0,"[{""title"": ""YourAnimes 連結"", ""url"": ""https://youranimes.tw/animes/2585""}]"
《BanG Dream！迷你少女樂團派對★PICO 第三季：FEVER！》的主視覺圖,2021年10月新番,3,0,"[{""title"": ""YourAnimes 連結"", ""url"": ""https://youranimes.tw/animes/2647""}]"
《百萬噸級武藏》的主視覺圖,2021年10月新番,1,0,"[{""title"": ""YourAnimes 連結"", ""url"": ""https://youranimes.tw/animes/2649""}]"
《獻身給魔王伊伏洛基亞吧！》的主視覺圖,2021年10月新番,1,0,"[{""title"": ""YourAnimes 連結"", ""url"": ""https://youranimes.tw/animes/2651""}]"
《女孩遇見男孩》的主視覺圖,2021年10月新番,1,0,"[{""title"": ""YourAnimes 連結"", ""url"": ""https://youranimes.tw/animes/2695""}]"
《キミとフィットボクシング》的主視覺圖,2021年10月新番,1,0,"[{""title"": ""YourAnimes 連結"", ""url"": ""https://youranimes.tw/animes/2870""}]"
《星光魔法》的主視覺圖,2021年10月新番,1,0,"[{""title"": ""YourAnimes 連結"", ""url"": ""https://youranimes.tw/animes/2868""}]"
《群馬寶寶》的主視覺圖,2021年10月新番,1,0,"[{""title"": ""YourAnimes 連結"", ""url"": ""https://youranimes.tw/animes/2872""}]"
《鬼滅之刃：無限列車篇》的主視覺圖,2021年10月新番,1,0,"[{""title"": ""YourAnimes 連結"", ""url"": ""https://youranimes.tw/animes/2885""}]"
《デジモンゴーストゲーム》的主視覺圖,2021年10月新番,1,0,"[{""title"": ""YourAnimes 連結"", ""url"": ""https://youranimes.tw/animes/2810""}]"
《卡片戰鬥!! 先導者 overDress 第二季》的主視覺圖,2021年10月新番,2,0,"[{""title"": ""YourAnimes 連結"", ""url"": ""https://youranimes.tw/animes/2831""}]"
《銀翼殺手：黑蓮花》的主視覺圖,2021年10月新番,1,0,"[{""title"": ""YourAnimes 連結"", ""url"": ""https://youranimes.tw/animes/2997""}]"
《名偵探柯南 警察學校篇 Wild Police Story》的主視覺圖,2021年10月新番,1,0,"[{""title"": ""YourAnimes 連結"", ""url"": ""https://youranimes.tw/animes/3123""}]"
《かなしきデブ猫ちゃん》的主視覺圖,2021年10月新番,1,0,"[{""title"": ""YourAnimes 連結"", ""url"": ""https://youranimes.tw/animes/3143""}]"
《CHICKIPDANCERS 跳跳小雞》的主視覺圖,2021年10月新番,1,0,"[{""title"": ""YourAnimes 連結"", ""url"": ""https://youranimes.tw/animes/3809""}]"
《Milky☆Highway》的主視覺圖,2022年1月新番,1,0,"[{""title"": ""YourAnimes 連結"", ""url"": ""https://youranimes.tw/animes/5773""}]"
《小太郎一個人生活》的主視覺圖,2022年1月新番,1,0,"[{""title"": ""YourAnimes 連結"", ""url"": ""https://youranimes.tw/animes/2866""}]"
《新羅馬浴場》的主視覺圖,2022年1月新番,1,0,"[{""title"": ""YourAnimes 連結"", ""url"": ""https://youranimes.tw/animes/3072""}]"
《忍者哈特利 (2012) 第五季》的主視覺圖,2022年1月新番,5,0,"[{""title"": ""YourAnimes 連結"", ""url"": ""https://youranimes.tw/animes/3467""}]"
《寶可夢 神とよばれし アルセウス》的主視覺圖,2022年1月新番,1,0,"[{""title"": ""YourAnimes 連結"", ""url"": ""https://youranimes.tw/animes/4508""}]"
《魔法科高中的劣等生 追憶篇》的主視覺圖,2022年1月新番,1,0,"[{""title"": ""YourAnimes 連結"", ""url"": ""https://youranimes.tw/animes/2727""}]"
《佐佐木與宮野》的主視覺圖,2022年1月新番,1,0,"[{""title"": ""YourAnimes 連結"", ""url"": ""https://youranimes.tw/animes/883""}]"
《SLOW LOOP-女孩的釣魚慢活-》的主視覺圖,2022年1月新番,1,0,"[{""title"": ""YourAnimes 連結"", ""url"": ""https://youranimes.tw/animes/982""}]"
《天才王子的赤字國家重生術》的主視覺圖,2022年1月新番,1,0,"[{""title"": ""YourAnimes 連結"", ""url"": ""https://youranimes.tw/animes/1203""}]"
《失格紋的最強賢者》的主視覺圖,2022年1月新番,1,0,"[{""title"": ""YourAnimes 連結"", ""url"": ""https://youranimes.tw/animes/1208""}]"
《食鏽末世錄》的主視覺圖,2022年1月新番,1,0,"[{""title"": ""YourAnimes 連結"", ""url"": ""https://youranimes.tw/animes/1399""}]"
《薔薇王的葬列》的主視覺圖,2022年1月新番,1,0,"[{""title"": ""YourAnimes 連結"", ""url"": ""https://youranimes.tw/animes/1482""}]"
《自稱賢者弟子的賢者》的主視覺圖,2022年1月新番,1,0,"[{""title"": ""YourAnimes 連結"", ""url"": ""https://youranimes.tw/animes/1523""}]"
《明日同學的水手服》的主視覺圖,2022年1月新番,1,0,"[{""title"": ""YourAnimes 連結"", ""url"": ""https://youranimes.tw/animes/1524""}]"
《戀上換裝娃娃》的主視覺圖,2022年1月新番,1,0,"[{""title"": ""YourAnimes 連結"", ""url"": ""https://youranimes.tw/animes/1755""}]"
《平凡職業造就世界最強 第二季》的主視覺圖,2022年1月新番,2,0,"[{""title"": ""YourAnimes 連結"", ""url"": ""https://youranimes.tw/animes/1751""}]"
《鏽色鎧甲 黎明》的主視覺圖,2022年1月新番,1,0,"[{""title"": ""YourAnimes 連結"", ""url"": ""https://youranimes.tw/animes/2098""}]"
《進擊的巨人 第四季：The Final Season  Part 2》的主視覺圖,2022年1月新番,4,0,"[{""title"": ""YourAnimes 連結"", ""url"": ""https://youranimes.tw/animes/2143""}]"
《相愛相殺》的主視覺圖,2022年1月新番,1,0,"[{""title"": ""YourAnimes 連結"", ""url"": ""https://youranimes.tw/animes/2308""}]"
《最遊記RELOAD -ZEROIN-》的主視覺圖,2022年1月新番,1,0,"[{""title"": ""YourAnimes 連結"", ""url"": ""https://youranimes.tw/animes/2438""}]"
《永遠的831》的主視覺圖,2022年1月新番,1,0,"[{""title"": ""YourAnimes 連結"", ""url"": ""https://youranimes.tw/animes/2632""}]"
《幻想三國誌–天元靈心記》的主視覺圖,2022年1月新番,1,0,"[{""title"": ""YourAnimes 連結"", ""url"": ""https://youranimes.tw/animes/2569""}]"
《秘密內幕～女警的反擊～》的主視覺圖,2022年1月新番,1,0,"[{""title"": ""YourAnimes 連結"", ""url"": ""https://youranimes.tw/animes/2597""}]"
《ORIENT 東方少年》的主視覺圖,2022年1月新番,1,0,"[{""title"": ""YourAnimes 連結"", ""url"": ""https://youranimes.tw/animes/2645""}]"
《少女前線》的主視覺圖,2022年1月新番,1,0,"[{""title"": ""YourAnimes 連結"", ""url"": ""https://youranimes.tw/animes/2650""}]"
《超異域公主連結！Re:Dive 第二季》的主視覺圖,2022年1月新番,2,0,"[{""title"": ""YourAnimes 連結"", ""url"": ""https://youranimes.tw/animes/2696""}]"
《里亞德錄大地》的主視覺圖,2022年1月新番,1,0,"[{""title"": ""YourAnimes 連結"", ""url"": ""https://youranimes.tw/animes/2644""}]"
《CUE！》的主視覺圖,2022年1月新番,1,0,"[{""title"": ""YourAnimes 連結"", ""url"": ""https://youranimes.tw/animes/2697""}]"
《現實主義勇者的王國重建記 第二部》的主視覺圖,2022年1月新番,1,0,"[{""title"": ""YourAnimes 連結"", ""url"": ""https://youranimes.tw/animes/2889""}]"
《瓦尼塔斯的手札 後半部》的主視覺圖,2022年1月新番,1,0,"[{""title"": ""YourAnimes 連結"", ""url"": ""https://youranimes.tw/animes/2887""}]"
《TRIBE NINE》的主視覺圖,2022年1月新番,1,0,"[{""title"": ""YourAnimes 連結"", ""url"": ""https://youranimes.tw/animes/2904""}]"
《怪人開發部的黑井津小姐》的主視覺圖,2022年1月新番,1,0,"[{""title"": ""YourAnimes 連結"", ""url"": ""https://youranimes.tw/animes/2920""}]"
《擅長捉弄人的高木同學 第三季》的主視覺圖,2022年1月新番,3,0,"[{""title"": ""YourAnimes 連結"", ""url"": ""https://youranimes.tw/animes/2776""}]"
《白領羽球部》的主視覺圖,2022年1月新番,1,0,"[{""title"": ""YourAnimes 連結"", ""url"": ""https://youranimes.tw/animes/2985""}]"
《與變成了異世界美少女的大叔一起冒險》的主視覺圖,2022年1月新番,1,0,"[{""title"": ""YourAnimes 連結"", ""url"": ""https://youranimes.tw/animes/3009""}]"
《東京24區》的主視覺圖,2022年1月新番,1,0,"[{""title"": ""YourAnimes 連結"", ""url"": ""https://youranimes.tw/animes/3005""}]"
《Futsal Boys!!!!!》的主視覺圖,2022年1月新番,1,0,"[{""title"": ""YourAnimes 連結"", ""url"": ""https://youranimes.tw/animes/3027""}]"
《空色ユーティリティ》的主視覺圖,2022年1月新番,1,0,"[{""title"": ""YourAnimes 連結"", ""url"": ""https://youranimes.tw/animes/3098""}]"
《オンエアできない！》的主視覺圖,2022年1月新番,1,0,"[{""title"": ""YourAnimes 連結"", ""url"": ""https://youranimes.tw/animes/3043""}]"
《Ninjala 泡泡糖忍戰》的主視覺圖,2022年1月新番,1,0,"[{""title"": ""YourAnimes 連結"", ""url"": ""https://youranimes.tw/animes/3160""}]"
《Irodori Midori》的主視覺圖,2022年1月新番,1,0,"[{""title"": ""YourAnimes 連結"", ""url"": ""https://youranimes.tw/animes/3193""}]"
《ガル学。II〜Lucky Stars〜》的主視覺圖,2022年1月新番,1,0,"[{""title"": ""YourAnimes 連結"", ""url"": ""https://youranimes.tw/animes/3162""}]"
《闇芝居 第十季》的主視覺圖,2022年1月新番,10,0,"[{""title"": ""YourAnimes 連結"", ""url"": ""https://youranimes.tw/animes/3164""}]"
《美味Party ♡ 光之美少女》的主視覺圖,2022年1月新番,1,0,"[{""title"": ""YourAnimes 連結"", ""url"": ""https://youranimes.tw/animes/3194""}]"
《王子的本命是反派大小姐》的主視覺圖,2022年1月新番,1,0,"[{""title"": ""YourAnimes 連結"", ""url"": ""https://youranimes.tw/animes/3179""}]"
《川尻小玉的懶散生活》的主視覺圖,2022年1月新番,1,0,"[{""title"": ""YourAnimes 連結"", ""url"": ""https://youranimes.tw/animes/3223""}]"
《赤ちゃん本部長 第二季》的主視覺圖,2022年1月新番,2,0,"[{""title"": ""YourAnimes 連結"", ""url"": ""https://youranimes.tw/animes/3553""}]"
《轟天高校生》的主視覺圖,2022年4月新番,1,0,"[{""title"": ""YourAnimes 連結"", ""url"": ""https://youranimes.tw/animes/720""}]"
《TIGER & BUNNY 2》的主視覺圖,2022年4月新番,1,0,"[{""title"": ""YourAnimes 連結"", ""url"": ""https://youranimes.tw/animes/2715""}]"
《莎木》的主視覺圖,2022年4月新番,1,0,"[{""title"": ""YourAnimes 連結"", ""url"": ""https://youranimes.tw/animes/2930""}]"
《ULTRAMAN 第二季》的主視覺圖,2022年4月新番,2,0,"[{""title"": ""YourAnimes 連結"", ""url"": ""https://youranimes.tw/animes/3066""}]"
《花園裡的吸血鬼》的主視覺圖,2022年4月新番,1,0,"[{""title"": ""YourAnimes 連結"", ""url"": ""https://youranimes.tw/animes/3067""}]"
《攻殼機動隊：SAC_2045 第二季》的主視覺圖,2022年4月新番,2,0,"[{""title"": ""YourAnimes 連結"", ""url"": ""https://youranimes.tw/animes/3056""}]"
《泡泡》的主視覺圖,2022年4月新番,1,0,"[{""title"": ""YourAnimes 連結"", ""url"": ""https://youranimes.tw/animes/3175""}]"
《環太平洋：黑色禁區 第二季》的主視覺圖,2022年4月新番,2,0,"[{""title"": ""YourAnimes 連結"", ""url"": ""https://youranimes.tw/animes/3938""}]"
《釋雪二藍》的主視覺圖,2022年4月新番,1,0,"[{""title"": ""YourAnimes 連結"", ""url"": ""https://youranimes.tw/animes/4830""}]"
《TOMICA英雄 特裝作業勇者》的主視覺圖,2022年4月新番,1,0,"[{""title"": ""YourAnimes 連結"", ""url"": ""https://youranimes.tw/animes/5879""}]"
《名偵探柯南：總局刑警戀愛物語～結婚前夜～》的主視覺圖,2022年4月新番,1,0,"[{""title"": ""YourAnimes 連結"", ""url"": ""https://youranimes.tw/animes/3778""}]"
《盾之勇者成名錄 第二季》的主視覺圖,2022年4月新番,2,0,"[{""title"": ""YourAnimes 連結"", ""url"": ""https://youranimes.tw/animes/1178""}]"
《處刑少女的生存之道》的主視覺圖,2022年4月新番,1,0,"[{""title"": ""YourAnimes 連結"", ""url"": ""https://youranimes.tw/animes/1205""}]"
《RPG 不動產》的主視覺圖,2022年4月新番,1,0,"[{""title"": ""YourAnimes 連結"", ""url"": ""https://youranimes.tw/animes/1357""}]"
《約會大作戰 第四季》的主視覺圖,2022年4月新番,4,0,"[{""title"": ""YourAnimes 連結"", ""url"": ""https://youranimes.tw/animes/1362""}]"
《愛在征服世界後》的主視覺圖,2022年4月新番,1,0,"[{""title"": ""YourAnimes 連結"", ""url"": ""https://youranimes.tw/animes/1729""}]"
《骸骨騎士大人異世界冒險中》的主視覺圖,2022年4月新番,1,0,"[{""title"": ""YourAnimes 連結"", ""url"": ""https://youranimes.tw/animes/1753""}]"
《Love Live！虹咲學園學園偶像同好會 第二季》的主視覺圖,2022年4月新番,2,0,"[{""title"": ""YourAnimes 連結"", ""url"": ""https://youranimes.tw/animes/1877""}]"
《試證明理科生已墜入情網。r=1-sinθ》的主視覺圖,2022年4月新番,1,0,"[{""title"": ""YourAnimes 連結"", ""url"": ""https://youranimes.tw/animes/1584""}]"
《杜鵑婚約》的主視覺圖,2022年4月新番,1,0,"[{""title"": ""YourAnimes 連結"", ""url"": ""https://youranimes.tw/animes/1600""}]"
《這個僧侶有夠煩》的主視覺圖,2022年4月新番,1,0,"[{""title"": ""YourAnimes 連結"", ""url"": ""https://youranimes.tw/animes/1707""}]"
《街角的魔族女孩 第二季：2丁目》的主視覺圖,2022年4月新番,2,0,"[{""title"": ""YourAnimes 連結"", ""url"": ""https://youranimes.tw/animes/2097""}]"
《不會拿捏距離的阿波連同學》的主視覺圖,2022年4月新番,1,0,"[{""title"": ""YourAnimes 連結"", ""url"": ""https://youranimes.tw/animes/2598""}]"
《夏日時光》的主視覺圖,2022年4月新番,1,0,"[{""title"": ""YourAnimes 連結"", ""url"": ""https://youranimes.tw/animes/2547""}]"
《Love All Play》的主視覺圖,2022年4月新番,1,0,"[{""title"": ""YourAnimes 連結"", ""url"": ""https://youranimes.tw/animes/2643""}]"
《成為女主角！~被討厭的女主角和秘密的工作~》的主視覺圖,2022年4月新番,1,0,"[{""title"": ""YourAnimes 連結"", ""url"": ""https://youranimes.tw/animes/2728""}]"
《小書痴的下剋上 為了成為圖書管理員不擇手段！第三季》的主視覺圖,2022年4月新番,3,0,"[{""title"": ""YourAnimes 連結"", ""url"": ""https://youranimes.tw/animes/2648""}]"
《相合之物》的主視覺圖,2022年4月新番,1,0,"[{""title"": ""YourAnimes 連結"", ""url"": ""https://youranimes.tw/animes/2731""}]"
《群青的開幕曲》的主視覺圖,2022年4月新番,1,0,"[{""title"": ""YourAnimes 連結"", ""url"": ""https://youranimes.tw/animes/2777""}]"
《式守同學不只可愛而已》的主視覺圖,2022年4月新番,1,0,"[{""title"": ""YourAnimes 連結"", ""url"": ""https://youranimes.tw/animes/2893""}]"
《名偵探柯南 零的日常》的主視覺圖,2022年4月新番,1,0,"[{""title"": ""YourAnimes 連結"", ""url"": ""https://youranimes.tw/animes/2911""}]"
《BLACK★ROCK SHOOTER DAWN FALL 黑岩射手》的主視覺圖,2022年4月新番,1,0,"[{""title"": ""YourAnimes 連結"", ""url"": ""https://youranimes.tw/animes/2928""}]"
《舞動不止》的主視覺圖,2022年4月新番,1,0,"[{""title"": ""YourAnimes 連結"", ""url"": ""https://youranimes.tw/animes/2803""}]"
《史上最強大魔王轉生為村民A》的主視覺圖,2022年4月新番,1,0,"[{""title"": ""YourAnimes 連結"", ""url"": ""https://youranimes.tw/animes/2858""}]"
《青之蘆葦》的主視覺圖,2022年4月新番,1,0,"[{""title"": ""YourAnimes 連結"", ""url"": ""https://youranimes.tw/animes/3015""}]"
《闇影詩章F（フレイム）》的主視覺圖,2022年4月新番,1,0,"[{""title"": ""YourAnimes 連結"", ""url"": ""https://youranimes.tw/animes/2922""}]"
《王者天下 第四季》的主視覺圖,2022年4月新番,4,0,"[{""title"": ""YourAnimes 連結"", ""url"": ""https://youranimes.tw/animes/2981""}]"
《勇者、辭職不幹了》的主視覺圖,2022年4月新番,1,0,"[{""title"": ""YourAnimes 連結"", ""url"": ""https://youranimes.tw/animes/2983""}]"
《輝夜姬想讓人告白 第三季 ー超級浪漫ー》的主視覺圖,2022年4月新番,3,0,"[{""title"": ""YourAnimes 連結"", ""url"": ""https://youranimes.tw/animes/2984""}]"
《小鳥之翼》的主視覺圖,2022年4月新番,1,0,"[{""title"": ""YourAnimes 連結"", ""url"": ""https://youranimes.tw/animes/3013""}]"
《社畜想被幼女幽靈療癒。》的主視覺圖,2022年4月新番,1,0,"[{""title"": ""YourAnimes 連結"", ""url"": ""https://youranimes.tw/animes/3063""}]"
《八十龜醬觀察日記 第四季》的主視覺圖,2022年4月新番,4,0,"[{""title"": ""YourAnimes 連結"", ""url"": ""https://youranimes.tw/animes/3121""}]"
《更多！認真地不認真的怪傑佐羅力 第三季》的主視覺圖,2022年4月新番,3,0,"[{""title"": ""YourAnimes 連結"", ""url"": ""https://youranimes.tw/animes/3124""}]"
《SPY×FAMILY 間諜家家酒》的主視覺圖,2022年4月新番,1,0,"[{""title"": ""YourAnimes 連結"", ""url"": ""https://youranimes.tw/animes/3028""}]"
《派對咖孔明》的主視覺圖,2022年4月新番,1,0,"[{""title"": ""YourAnimes 連結"", ""url"": ""https://youranimes.tw/animes/3079""}]"
《朋友遊戲》的主視覺圖,2022年4月新番,1,0,"[{""title"": ""YourAnimes 連結"", ""url"": ""https://youranimes.tw/animes/3032""}]"
《魔法使黎明期》的主視覺圖,2022年4月新番,1,0,"[{""title"": ""YourAnimes 連結"", ""url"": ""https://youranimes.tw/animes/3030""}]"
《女忍者椿的心事》的主視覺圖,2022年4月新番,1,0,"[{""title"": ""YourAnimes 連結"", ""url"": ""https://youranimes.tw/animes/3078""}]"
《女性向遊戲世界對路人角色很不友好》的主視覺圖,2022年4月新番,1,0,"[{""title"": ""YourAnimes 連結"", ""url"": ""https://youranimes.tw/animes/3125""}]"
《真・一騎當千》的主視覺圖,2022年4月新番,1,0,"[{""title"": ""YourAnimes 連結"", ""url"": ""https://youranimes.tw/animes/3142""}]"
《BUILD DIVIDE 第二季：-#FFFFFF-（CODE：WHITE）》的主視覺圖,2022年4月新番,2,0,"[{""title"": ""YourAnimes 連結"", ""url"": ""https://youranimes.tw/animes/3216""}]"
《魔法紀錄 魔法少女小圓外傳 Final SEASON -淺夢的黎明-》的主視覺圖,2022年4月新番,1,0,"[{""title"": ""YourAnimes 連結"", ""url"": ""https://youranimes.tw/animes/3237""}]"
《鍵等 第二季》的主視覺圖,2022年4月新番,2,0,"[{""title"": ""YourAnimes 連結"", ""url"": ""https://youranimes.tw/animes/3242""}]"
《古見同學是溝通魯蛇 第二季》的主視覺圖,2022年4月新番,2,0,"[{""title"": ""YourAnimes 連結"", ""url"": ""https://youranimes.tw/animes/3212""}]"
《遊戲王 GO RUSH》的主視覺圖,2022年4月新番,1,0,"[{""title"": ""YourAnimes 連結"", ""url"": ""https://youranimes.tw/animes/3284""}]"
《Estab-Life Great Escape》的主視覺圖,2022年4月新番,1,0,"[{""title"": ""YourAnimes 連結"", ""url"": ""https://youranimes.tw/animes/3295""}]"
《Healer Girls 歌愈少女》的主視覺圖,2022年4月新番,1,0,"[{""title"": ""YourAnimes 連結"", ""url"": ""https://youranimes.tw/animes/3328""}]"
《雀魂 PONG☆》的主視覺圖,2022年4月新番,1,0,"[{""title"": ""YourAnimes 連結"", ""url"": ""https://youranimes.tw/animes/3294""}]"
《鬼褲衩 ONIPAN！》的主視覺圖,2022年4月新番,1,0,"[{""title"": ""YourAnimes 連結"", ""url"": ""https://youranimes.tw/animes/3384""}]"
《忍者亂太郎 第30季》的主視覺圖,2022年4月新番,30,0,"[{""title"": ""YourAnimes 連結"", ""url"": ""https://youranimes.tw/animes/3427""}]"
《吉伊卡哇》的主視覺圖,2022年4月新番,1,0,"[{""title"": ""YourAnimes 連結"", ""url"": ""https://youranimes.tw/animes/3501""}]"
《境界戰機 第二部》的主視覺圖,2022年4月新番,1,0,"[{""title"": ""YourAnimes 連結"", ""url"": ""https://youranimes.tw/animes/3405""}]"
《射擊覺醒！激鬥瓶蓋人 DX》的主視覺圖,2022年4月新番,1,0,"[{""title"": ""YourAnimes 連結"", ""url"": ""https://youranimes.tw/animes/3664""}]"
《昆蟲島》的主視覺圖,2022年4月新番,1,0,"[{""title"": ""YourAnimes 連結"", ""url"": ""https://youranimes.tw/animes/6267""}]"
《風都偵探》的主視覺圖,2022年7月新番,1,0,"[{""title"": ""YourAnimes 連結"", ""url"": ""https://youranimes.tw/animes/1705""}]"
《漂流家園》的主視覺圖,2022年7月新番,1,0,"[{""title"": ""YourAnimes 連結"", ""url"": ""https://youranimes.tw/animes/2956""}]"
《狂賭之淵 雙》的主視覺圖,2022年7月新番,1,0,"[{""title"": ""YourAnimes 連結"", ""url"": ""https://youranimes.tw/animes/3053""}]"
《BASTARD!! －暗黑破壞神－》的主視覺圖,2022年7月新番,1,0,"[{""title"": ""YourAnimes 連結"", ""url"": ""https://youranimes.tw/animes/3386""}]"
《JOJO的奇妙冒險 第五季：石之海 Part2》的主視覺圖,2022年7月新番,5,0,"[{""title"": ""YourAnimes 連結"", ""url"": ""https://youranimes.tw/animes/3552""}]"
《機動戰士鋼彈 水星的魔女 PROLOGUE》的主視覺圖,2022年7月新番,1,0,"[{""title"": ""YourAnimes 連結"", ""url"": ""https://youranimes.tw/animes/3579""}]"
《電馭叛客：邊緣行者》的主視覺圖,2022年7月新番,1,0,"[{""title"": ""YourAnimes 連結"", ""url"": ""https://youranimes.tw/animes/3629""}]"
《世界末日與柴犬同行》的主視覺圖,2022年7月新番,1,0,"[{""title"": ""YourAnimes 連結"", ""url"": ""https://youranimes.tw/animes/3764""}]"
《BASTARD!! －暗黑破壞神－ Part2》的主視覺圖,2022年7月新番,1,0,"[{""title"": ""YourAnimes 連結"", ""url"": ""https://youranimes.tw/animes/3797""}]"
《聖鬥士星矢：黃道十二宮戰士 バトル・サンクチュアリ》的主視覺圖,2022年7月新番,1,0,"[{""title"": ""YourAnimes 連結"", ""url"": ""https://youranimes.tw/animes/3832""}]"
《偶像大師灰姑娘女孩 ETERNITY MEMORIES》的主視覺圖,2022年7月新番,1,0,"[{""title"": ""YourAnimes 連結"", ""url"": ""https://youranimes.tw/animes/3860""}]"
《鐵拳：血脈》的主視覺圖,2022年7月新番,1,0,"[{""title"": ""YourAnimes 連結"", ""url"": ""https://youranimes.tw/animes/3918""}]"
《D4DJ Double Mix》的主視覺圖,2022年7月新番,1,0,"[{""title"": ""YourAnimes 連結"", ""url"": ""https://youranimes.tw/animes/3500""}]"
《歌之☆王子殿下♪ 真愛ST☆RISH TOURS ～旅程的起點～》的主視覺圖,2022年7月新番,1,0,"[{""title"": ""YourAnimes 連結"", ""url"": ""https://youranimes.tw/animes/3706""}]"
《邪神與廚二病少女 第三季》的主視覺圖,2022年7月新番,3,0,"[{""title"": ""YourAnimes 連結"", ""url"": ""https://youranimes.tw/animes/738""}]"
《異世界迷宮裡的後宮生活》的主視覺圖,2022年7月新番,1,0,"[{""title"": ""YourAnimes 連結"", ""url"": ""https://youranimes.tw/animes/934""}]"
《聯盟空軍航空魔法音樂隊 光輝魔女》的主視覺圖,2022年7月新番,1,0,"[{""title"": ""YourAnimes 連結"", ""url"": ""https://youranimes.tw/animes/1193""}]"
《東京喵喵 NEW～♡》的主視覺圖,2022年7月新番,1,0,"[{""title"": ""YourAnimes 連結"", ""url"": ""https://youranimes.tw/animes/1316""}]"
《打工吧！！魔王大人》的主視覺圖,2022年7月新番,1,0,"[{""title"": ""YourAnimes 連結"", ""url"": ""https://youranimes.tw/animes/1364""}]"
《OVERLORD 第四季》的主視覺圖,2022年7月新番,4,0,"[{""title"": ""YourAnimes 連結"", ""url"": ""https://youranimes.tw/animes/1878""}]"
《出租女友 第二季》的主視覺圖,2022年7月新番,2,0,"[{""title"": ""YourAnimes 連結"", ""url"": ""https://youranimes.tw/animes/2214""}]"
《即使如此依舊步步進逼》的主視覺圖,2022年7月新番,1,0,"[{""title"": ""YourAnimes 連結"", ""url"": ""https://youranimes.tw/animes/2276""}]"
《SHADOWS HOUSE 影宅 第二季》的主視覺圖,2022年7月新番,2,0,"[{""title"": ""YourAnimes 連結"", ""url"": ""https://youranimes.tw/animes/2824""}]"
《異世界藥局》的主視覺圖,2022年7月新番,1,0,"[{""title"": ""YourAnimes 連結"", ""url"": ""https://youranimes.tw/animes/2801""}]"
《轉生賢者的異世界生活～取得第二職業，成為世界最強～》的主視覺圖,2022年7月新番,1,0,"[{""title"": ""YourAnimes 連結"", ""url"": ""https://youranimes.tw/animes/2857""}]"
《新網球王子 U-17世界盃》的主視覺圖,2022年7月新番,1,0,"[{""title"": ""YourAnimes 連結"", ""url"": ""https://youranimes.tw/animes/2934""}]"
《Love Live！Superstar!! 第二季》的主視覺圖,2022年7月新番,2,0,"[{""title"": ""YourAnimes 連結"", ""url"": ""https://youranimes.tw/animes/3006""}]"
《SHINE POST》的主視覺圖,2022年7月新番,1,0,"[{""title"": ""YourAnimes 連結"", ""url"": ""https://youranimes.tw/animes/3010""}]"
《來自深淵 烈日的黃金鄉》的主視覺圖,2022年7月新番,1,0,"[{""title"": ""YourAnimes 連結"", ""url"": ""https://youranimes.tw/animes/3116""}]"
《神渣☆偶像》的主視覺圖,2022年7月新番,1,0,"[{""title"": ""YourAnimes 連結"", ""url"": ""https://youranimes.tw/animes/3126""}]"
《徹夜之歌》的主視覺圖,2022年7月新番,1,0,"[{""title"": ""YourAnimes 連結"", ""url"": ""https://youranimes.tw/animes/3064""}]"
《足球風雲 Goal to the Future》的主視覺圖,2022年7月新番,1,0,"[{""title"": ""YourAnimes 連結"", ""url"": ""https://youranimes.tw/animes/3097""}]"
《受讚頌者 二人的白皇》的主視覺圖,2022年7月新番,1,0,"[{""title"": ""YourAnimes 連結"", ""url"": ""https://youranimes.tw/animes/3152""}]"
《組長女兒與保姆》的主視覺圖,2022年7月新番,1,0,"[{""title"": ""YourAnimes 連結"", ""url"": ""https://youranimes.tw/animes/3176""}]"
《Dr.STONE 新石紀 特別篇: 龍水》的主視覺圖,2022年7月新番,1,0,"[{""title"": ""YourAnimes 連結"", ""url"": ""https://youranimes.tw/animes/3192""}]"
《異世界歸來的舅舅》的主視覺圖,2022年7月新番,1,0,"[{""title"": ""YourAnimes 連結"", ""url"": ""https://youranimes.tw/animes/3213""}]"
《Lycoris Recoil 莉可麗絲》的主視覺圖,2022年7月新番,1,0,"[{""title"": ""YourAnimes 連結"", ""url"": ""https://youranimes.tw/animes/3252""}]"
《在地下城尋求邂逅是否搞錯了什麼 第四季 迷宮篇》的主視覺圖,2022年7月新番,4,0,"[{""title"": ""YourAnimes 連結"", ""url"": ""https://youranimes.tw/animes/3260""}]"
《惑星公主蜥蜴騎士》的主視覺圖,2022年7月新番,1,0,"[{""title"": ""YourAnimes 連結"", ""url"": ""https://youranimes.tw/animes/3312""}]"
《Prima Doll 天籟人偶》的主視覺圖,2022年7月新番,1,0,"[{""title"": ""YourAnimes 連結"", ""url"": ""https://youranimes.tw/animes/3326""}]"
《Extreme Hearts》的主視覺圖,2022年7月新番,1,0,"[{""title"": ""YourAnimes 連結"", ""url"": ""https://youranimes.tw/animes/3388""}]"
《繼母的拖油瓶是我的前女友》的主視覺圖,2022年7月新番,1,0,"[{""title"": ""YourAnimes 連結"", ""url"": ""https://youranimes.tw/animes/3321""}]"
《頂點!!!!!!!!!!!!!!!》的主視覺圖,2022年7月新番,1,0,"[{""title"": ""YourAnimes 連結"", ""url"": ""https://youranimes.tw/animes/3407""}]"
《歡迎來到實力至上主義的教室 2nd Season》的主視覺圖,2022年7月新番,1,0,"[{""title"": ""YourAnimes 連結"", ""url"": ""https://youranimes.tw/animes/3422""}]"
《奇米萌CHIMIMO》的主視覺圖,2022年7月新番,1,0,"[{""title"": ""YourAnimes 連結"", ""url"": ""https://youranimes.tw/animes/3461""}]"
《黑之召喚士》的主視覺圖,2022年7月新番,1,0,"[{""title"": ""YourAnimes 連結"", ""url"": ""https://youranimes.tw/animes/3406""}]"
《YUREI DECO 幽零幻鏡》的主視覺圖,2022年7月新番,1,0,"[{""title"": ""YourAnimes 連結"", ""url"": ""https://youranimes.tw/animes/3425""}]"
《金裝的維爾梅 ～瀕臨留級的魔法師聯手最強災厄勇闖魔法世界～》的主視覺圖,2022年7月新番,1,0,"[{""title"": ""YourAnimes 連結"", ""url"": ""https://youranimes.tw/animes/3496""}]"
《Engage Kiss 契約之吻》的主視覺圖,2022年7月新番,1,0,"[{""title"": ""YourAnimes 連結"", ""url"": ""https://youranimes.tw/animes/3560""}]"
《幕末替身傳說》的主視覺圖,2022年7月新番,1,0,"[{""title"": ""YourAnimes 連結"", ""url"": ""https://youranimes.tw/animes/3548""}]"
《RWBY 冰雪帝國》的主視覺圖,2022年7月新番,1,0,"[{""title"": ""YourAnimes 連結"", ""url"": ""https://youranimes.tw/animes/3543""}]"
《ORIENT 東方少年 淡路島激鬥篇》的主視覺圖,2022年7月新番,1,0,"[{""title"": ""YourAnimes 連結"", ""url"": ""https://youranimes.tw/animes/3547""}]"
《ハナビちゃんは遅れがち》的主視覺圖,2022年7月新番,1,0,"[{""title"": ""YourAnimes 連結"", ""url"": ""https://youranimes.tw/animes/3583""}]"
《今晚有貓伴身邊》的主視覺圖,2022年7月新番,1,0,"[{""title"": ""YourAnimes 連結"", ""url"": ""https://youranimes.tw/animes/3655""}]"
《卡片戰鬥!! 先導者 will+Dress》的主視覺圖,2022年7月新番,1,0,"[{""title"": ""YourAnimes 連結"", ""url"": ""https://youranimes.tw/animes/3656""}]"
《KJ FILE》的主視覺圖,2022年7月新番,1,0,"[{""title"": ""YourAnimes 連結"", ""url"": ""https://youranimes.tw/animes/3695""}]"
《新來的女傭有點怪》的主視覺圖,2022年7月新番,1,0,"[{""title"": ""YourAnimes 連結"", ""url"": ""https://youranimes.tw/animes/3710""}]"
《盛開的阿斯諾特莉亞！》的主視覺圖,2022年7月新番,1,0,"[{""title"": ""YourAnimes 連結"", ""url"": ""https://youranimes.tw/animes/3717""}]"
《BanG Dream！Morfonication》的主視覺圖,2022年7月新番,1,0,"[{""title"": ""YourAnimes 連結"", ""url"": ""https://youranimes.tw/animes/3732""}]"
《iii Icecrin 冰冰冰 冰淇淋君 2》的主視覺圖,2022年7月新番,1,0,"[{""title"": ""YourAnimes 連結"", ""url"": ""https://youranimes.tw/animes/3739""}]"
《むさしの！》的主視覺圖,2022年7月新番,1,0,"[{""title"": ""YourAnimes 連結"", ""url"": ""https://youranimes.tw/animes/3749""}]"
《森林裡的熊先生、冬眠中。》的主視覺圖,2022年7月新番,1,0,"[{""title"": ""YourAnimes 連結"", ""url"": ""https://youranimes.tw/animes/3765""}]"
《5億年ボタン〜菅原そうたのショートショート〜》的主視覺圖,2022年7月新番,1,0,"[{""title"": ""YourAnimes 連結"", ""url"": ""https://youranimes.tw/animes/3777""}]"
《百萬噸級武藏 特別篇》的主視覺圖,2022年7月新番,1,0,"[{""title"": ""YourAnimes 連結"", ""url"": ""https://youranimes.tw/animes/3780""}]"
《決鬥大師 WIN》的主視覺圖,2022年7月新番,1,0,"[{""title"": ""YourAnimes 連結"", ""url"": ""https://youranimes.tw/animes/5016""}]"
《ななし怪談公式》的主視覺圖,2022年7月新番,1,0,"[{""title"": ""YourAnimes 連結"", ""url"": ""https://youranimes.tw/animes/5431""}]"
《軟軟噗尼寵物小精靈》的主視覺圖,2022年10月新番,1,0,"[{""title"": ""YourAnimes 連結"", ""url"": ""https://youranimes.tw/animes/5412""}]"
《七大罪 愛丁堡的恩怨 前篇》的主視覺圖,2022年10月新番,1,0,"[{""title"": ""YourAnimes 連結"", ""url"": ""https://youranimes.tw/animes/3069""}]"
《exception 例外》的主視覺圖,2022年10月新番,1,0,"[{""title"": ""YourAnimes 連結"", ""url"": ""https://youranimes.tw/animes/3068""}]"
《總之就是很可愛 ～制服～》的主視覺圖,2022年10月新番,1,0,"[{""title"": ""YourAnimes 連結"", ""url"": ""https://youranimes.tw/animes/3571""}]"
《悠哉賽馬娘》的主視覺圖,2022年10月新番,1,0,"[{""title"": ""YourAnimes 連結"", ""url"": ""https://youranimes.tw/animes/3676""}]"
《TIGER & BUNNY 2 Part 2》的主視覺圖,2022年10月新番,1,0,"[{""title"": ""YourAnimes 連結"", ""url"": ""https://youranimes.tw/animes/3782""}]"
《浪漫殺手》的主視覺圖,2022年10月新番,1,0,"[{""title"": ""YourAnimes 連結"", ""url"": ""https://youranimes.tw/animes/3847""}]"
《鬼族：雷神傳說》的主視覺圖,2022年10月新番,1,0,"[{""title"": ""YourAnimes 連結"", ""url"": ""https://youranimes.tw/animes/3909""}]"
《JOJO的奇妙冒險 第五季：石之海 Part3》的主視覺圖,2022年10月新番,5,0,"[{""title"": ""YourAnimes 連結"", ""url"": ""https://youranimes.tw/animes/3930""}]"
《LUPIN ZERO》的主視覺圖,2022年10月新番,1,0,"[{""title"": ""YourAnimes 連結"", ""url"": ""https://youranimes.tw/animes/3955""}]"
《鋼管公主！！》的主視覺圖,2022年10月新番,1,0,"[{""title"": ""YourAnimes 連結"", ""url"": ""https://youranimes.tw/animes/4025""}]"
《禪 古古與小黑炭》的主視覺圖,2022年10月新番,1,0,"[{""title"": ""YourAnimes 連結"", ""url"": ""https://youranimes.tw/animes/4442""}]"
《ROLY POLY PEOPLES》的主視覺圖,2022年10月新番,1,0,"[{""title"": ""YourAnimes 連結"", ""url"": ""https://youranimes.tw/animes/5041""}]"
《寶可夢：遥かなる青い空》的主視覺圖,2022年10月新番,1,0,"[{""title"": ""YourAnimes 連結"", ""url"": ""https://youranimes.tw/animes/4509""}]"
《百萬噸級武藏 總集篇 叛擊的咆哮》的主視覺圖,2022年10月新番,1,0,"[{""title"": ""YourAnimes 連結"", ""url"": ""https://youranimes.tw/animes/5682""}]"
《Fate/Grand Order 搞不懂的藤丸立香》的主視覺圖,2022年10月新番,1,0,"[{""title"": ""YourAnimes 連結"", ""url"": ""https://youranimes.tw/animes/5987""}]"
《鏈鋸人》的主視覺圖,2022年10月新番,1,0,"[{""title"": ""YourAnimes 連結"", ""url"": ""https://youranimes.tw/animes/933""}]"
《前進吧！登山少女 第四季：Next Summit》的主視覺圖,2022年10月新番,4,0,"[{""title"": ""YourAnimes 連結"", ""url"": ""https://youranimes.tw/animes/1486""}]"
《聖劍傳說 Legend of Mana -The Teardrop Crystal-》的主視覺圖,2022年10月新番,1,0,"[{""title"": ""YourAnimes 連結"", ""url"": ""https://youranimes.tw/animes/2178""}]"
《藍色監獄》的主視覺圖,2022年10月新番,1,0,"[{""title"": ""YourAnimes 連結"", ""url"": ""https://youranimes.tw/animes/2694""}]"
《宇崎學妹想要玩！ 第二季》的主視覺圖,2022年10月新番,2,0,"[{""title"": ""YourAnimes 連結"", ""url"": ""https://youranimes.tw/animes/2653""}]"
《給不滅的你 第二季》的主視覺圖,2022年10月新番,2,0,"[{""title"": ""YourAnimes 連結"", ""url"": ""https://youranimes.tw/animes/2798""}]"
《轉生就是劍》的主視覺圖,2022年10月新番,1,0,"[{""title"": ""YourAnimes 連結"", ""url"": ""https://youranimes.tw/animes/2865""}]"
《入間同學入魔了！第三季》的主視覺圖,2022年10月新番,3,0,"[{""title"": ""YourAnimes 連結"", ""url"": ""https://youranimes.tw/animes/2828""}]"
《我的英雄學院 第六季》的主視覺圖,2022年10月新番,6,0,"[{""title"": ""YourAnimes 連結"", ""url"": ""https://youranimes.tw/animes/2888""}]"
《IDOLiSH7 偶像星願 Third BEAT! 第二季度》的主視覺圖,2022年10月新番,2,0,"[{""title"": ""YourAnimes 連結"", ""url"": ""https://youranimes.tw/animes/2898""}]"
《名偵探柯南 犯人犯澤先生》的主視覺圖,2022年10月新番,1,0,"[{""title"": ""YourAnimes 連結"", ""url"": ""https://youranimes.tw/animes/2910""}]"
《我想成為影之強者！》的主視覺圖,2022年10月新番,1,0,"[{""title"": ""YourAnimes 連結"", ""url"": ""https://youranimes.tw/animes/3012""}]"
《路人超能100 第三季》的主視覺圖,2022年10月新番,3,0,"[{""title"": ""YourAnimes 連結"", ""url"": ""https://youranimes.tw/animes/3014""}]"
《彼得・格里爾的賢者時間 Super Extra》的主視覺圖,2022年10月新番,1,0,"[{""title"": ""YourAnimes 連結"", ""url"": ""https://youranimes.tw/animes/3077""}]"
《夫婦以上，戀人未滿。》的主視覺圖,2022年10月新番,1,0,"[{""title"": ""YourAnimes 連結"", ""url"": ""https://youranimes.tw/animes/3117""}]"
《飆速宅男 第五季：LIMIT BREAK》的主視覺圖,2022年10月新番,5,0,"[{""title"": ""YourAnimes 連結"", ""url"": ""https://youranimes.tw/animes/3181""}]"
《Muv-Luv Alternative 第二季》的主視覺圖,2022年10月新番,2,0,"[{""title"": ""YourAnimes 連結"", ""url"": ""https://youranimes.tw/animes/3211""}]"
《明日方舟：黎明前奏》的主視覺圖,2022年10月新番,1,0,"[{""title"": ""YourAnimes 連結"", ""url"": ""https://youranimes.tw/animes/3264""}]"
《孤獨搖滾！》的主視覺圖,2022年10月新番,1,0,"[{""title"": ""YourAnimes 連結"", ""url"": ""https://youranimes.tw/animes/3204""}]"
《我家師傅沒有尾巴》的主視覺圖,2022年10月新番,1,0,"[{""title"": ""YourAnimes 連結"", ""url"": ""https://youranimes.tw/animes/3259""}]"
《BLEACH 死神 千年血戰篇》的主視覺圖,2022年10月新番,1,0,"[{""title"": ""YourAnimes 連結"", ""url"": ""https://youranimes.tw/animes/3234""}]"
《黃金神威 第四季》的主視覺圖,2022年10月新番,4,0,"[{""title"": ""YourAnimes 連結"", ""url"": ""https://youranimes.tw/animes/3163""}]"
《POP TEAM EPIC 第二季》的主視覺圖,2022年10月新番,2,0,"[{""title"": ""YourAnimes 連結"", ""url"": ""https://youranimes.tw/animes/3221""}]"
《機動戰士鋼彈 水星的魔女》的主視覺圖,2022年10月新番,1,0,"[{""title"": ""YourAnimes 連結"", ""url"": ""https://youranimes.tw/animes/3329""}]"
《令和的鈴鐺貓娘》的主視覺圖,2022年10月新番,1,0,"[{""title"": ""YourAnimes 連結"", ""url"": ""https://youranimes.tw/animes/3403""}]"
《書蟲公主》的主視覺圖,2022年10月新番,1,0,"[{""title"": ""YourAnimes 連結"", ""url"": ""https://youranimes.tw/animes/3327""}]"
《不道德公會》的主視覺圖,2022年10月新番,1,0,"[{""title"": ""YourAnimes 連結"", ""url"": ""https://youranimes.tw/animes/3497""}]"
《她來自煩星》的主視覺圖,2022年10月新番,1,0,"[{""title"": ""YourAnimes 連結"", ""url"": ""https://youranimes.tw/animes/3492""}]"
《忍之一刻》的主視覺圖,2022年10月新番,1,0,"[{""title"": ""YourAnimes 連結"", ""url"": ""https://youranimes.tw/animes/3426""}]"
《永久少年 Eternal Boys》的主視覺圖,2022年10月新番,1,0,"[{""title"": ""YourAnimes 連結"", ""url"": ""https://youranimes.tw/animes/3509""}]"
《點滿農民相關技能後，不知為何就變強了。》的主視覺圖,2022年10月新番,1,0,"[{""title"": ""YourAnimes 連結"", ""url"": ""https://youranimes.tw/animes/3451""}]"
《戀愛FLOPS》的主視覺圖,2022年10月新番,1,0,"[{""title"": ""YourAnimes 連結"", ""url"": ""https://youranimes.tw/animes/3544""}]"
《菜鳥鍊金術師開店營業中》的主視覺圖,2022年10月新番,1,0,"[{""title"": ""YourAnimes 連結"", ""url"": ""https://youranimes.tw/animes/3590""}]"
《4人はそれぞれウソをつく》的主視覺圖,2022年10月新番,1,0,"[{""title"": ""YourAnimes 連結"", ""url"": ""https://youranimes.tw/animes/3570""}]"
《後宮之烏》的主視覺圖,2022年10月新番,1,0,"[{""title"": ""YourAnimes 連結"", ""url"": ""https://youranimes.tw/animes/3632""}]"
《Do It Yourself!! -どぅー・いっと・ゆあせるふ-》的主視覺圖,2022年10月新番,1,0,"[{""title"": ""YourAnimes 連結"", ""url"": ""https://youranimes.tw/animes/3550""}]"
《艦隊Collection 總有一天，在那片海》的主視覺圖,2022年10月新番,1,0,"[{""title"": ""YourAnimes 連結"", ""url"": ""https://youranimes.tw/animes/3551""}]"
《呆萌酷男孩》的主視覺圖,2022年10月新番,1,0,"[{""title"": ""YourAnimes 連結"", ""url"": ""https://youranimes.tw/animes/3652""}]"
《VAZZROCK THE ANIMATION》的主視覺圖,2022年10月新番,1,0,"[{""title"": ""YourAnimes 連結"", ""url"": ""https://youranimes.tw/animes/3704""}]"
《我與機器子》的主視覺圖,2022年10月新番,1,0,"[{""title"": ""YourAnimes 連結"", ""url"": ""https://youranimes.tw/animes/3724""}]"
《被勇者隊伍開除的馭獸使，邂逅了最強種的貓耳少女》的主視覺圖,2022年10月新番,1,0,"[{""title"": ""YourAnimes 連結"", ""url"": ""https://youranimes.tw/animes/3743""}]"
《秋葉原冥途戰爭》的主視覺圖,2022年10月新番,1,0,"[{""title"": ""YourAnimes 連結"", ""url"": ""https://youranimes.tw/animes/3770""}]"
《SPY×FAMILY 間諜家家酒 第二季度》的主視覺圖,2022年10月新番,2,0,"[{""title"": ""YourAnimes 連結"", ""url"": ""https://youranimes.tw/animes/3773""}]"
《百萬噸級武藏 第二季》的主視覺圖,2022年10月新番,2,0,"[{""title"": ""YourAnimes 連結"", ""url"": ""https://youranimes.tw/animes/3781""}]"
《因為是反派大小姐所以養了魔王》的主視覺圖,2022年10月新番,1,0,"[{""title"": ""YourAnimes 連結"", ""url"": ""https://youranimes.tw/animes/3799""}]"
《被夾在百合之間。我在某個早上變成人頭麥克風的人生》的主視覺圖,2022年10月新番,1,0,"[{""title"": ""YourAnimes 連結"", ""url"": ""https://youranimes.tw/animes/3808""}]"
《烙印勇士 黃金時代篇 MEMORIAL EDITION》的主視覺圖,2022年10月新番,1,0,"[{""title"": ""YourAnimes 連結"", ""url"": ""https://youranimes.tw/animes/3833""}]"
《後宮露營！》的主視覺圖,2022年10月新番,1,0,"[{""title"": ""YourAnimes 連結"", ""url"": ""https://youranimes.tw/animes/3838""}]"
《C団地》的主視覺圖,2022年10月新番,1,0,"[{""title"": ""YourAnimes 連結"", ""url"": ""https://youranimes.tw/animes/3859""}]"
《人類毛病大學》的主視覺圖,2022年10月新番,1,0,"[{""title"": ""YourAnimes 連結"", ""url"": ""https://youranimes.tw/animes/3868""}]"
《家裡蹲的日常 狗狗小町與貓咪多比》的主視覺圖,2022年10月新番,1,0,"[{""title"": ""YourAnimes 連結"", ""url"": ""https://youranimes.tw/animes/3875""}]"
《 CHICKIPDANCERS 跳跳小雞 第二季》的主視覺圖,2022年10月新番,2,0,"[{""title"": ""YourAnimes 連結"", ""url"": ""https://youranimes.tw/animes/4377""}]"
《突然降臨的埃及神 第二季》的主視覺圖,2023年1月新番,2,0,"[{""title"": ""YourAnimes 連結"", ""url"": ""https://youranimes.tw/animes/2603""}]"
《終末的女武神 第二季》的主視覺圖,2023年1月新番,2,0,"[{""title"": ""YourAnimes 連結"", ""url"": ""https://youranimes.tw/animes/3054""}]"
《伊藤潤二 狂熱：日本恐怖故事》的主視覺圖,2023年1月新番,1,0,"[{""title"": ""YourAnimes 連結"", ""url"": ""https://youranimes.tw/animes/3740""}]"
《魯邦三世 VS 貓眼》的主視覺圖,2023年1月新番,1,0,"[{""title"": ""YourAnimes 連結"", ""url"": ""https://youranimes.tw/animes/3895""}]"
《MAKE MY DAY 冰雪極境》的主視覺圖,2023年1月新番,1,0,"[{""title"": ""YourAnimes 連結"", ""url"": ""https://youranimes.tw/animes/3907""}]"
《極道主夫 第二季》的主視覺圖,2023年1月新番,2,0,"[{""title"": ""YourAnimes 連結"", ""url"": ""https://youranimes.tw/animes/3908""}]"
《衝吧烈子 第五季》的主視覺圖,2023年1月新番,5,0,"[{""title"": ""YourAnimes 連結"", ""url"": ""https://youranimes.tw/animes/3937""}]"
《今晚有貓伴身邊 第二季》的主視覺圖,2023年1月新番,2,0,"[{""title"": ""YourAnimes 連結"", ""url"": ""https://youranimes.tw/animes/4092""}]"
《SPACE IDOL》的主視覺圖,2023年1月新番,1,0,"[{""title"": ""YourAnimes 連結"", ""url"": ""https://youranimes.tw/animes/4104""}]"
《酷洛米的繽紛旅程》的主視覺圖,2023年1月新番,1,0,"[{""title"": ""YourAnimes 連結"", ""url"": ""https://youranimes.tw/animes/4130""}]"
《進擊的巨人 第四季：The Final Season 完結篇（前篇）》的主視覺圖,2023年1月新番,4,0,"[{""title"": ""YourAnimes 連結"", ""url"": ""https://youranimes.tw/animes/3578""}]"
《虛構推理 第二季》的主視覺圖,2023年1月新番,2,0,"[{""title"": ""YourAnimes 連結"", ""url"": ""https://youranimes.tw/animes/1050""}]"
《怕痛的我，把防禦力點滿就對了。第二季》的主視覺圖,2023年1月新番,2,0,"[{""title"": ""YourAnimes 連結"", ""url"": ""https://youranimes.tw/animes/1176""}]"
《海盜戰記 第二季》的主視覺圖,2023年1月新番,2,0,"[{""title"": ""YourAnimes 連結"", ""url"": ""https://youranimes.tw/animes/2283""}]"
《不要欺負我，長瀞同學 2nd Attack》的主視覺圖,2023年1月新番,1,0,"[{""title"": ""YourAnimes 連結"", ""url"": ""https://youranimes.tw/animes/2998""}]"
《文豪Stray Dogs 第四季》的主視覺圖,2023年1月新番,4,0,"[{""title"": ""YourAnimes 連結"", ""url"": ""https://youranimes.tw/animes/3045""}]"
《物之古物奇譚》的主視覺圖,2023年1月新番,1,0,"[{""title"": ""YourAnimes 連結"", ""url"": ""https://youranimes.tw/animes/3099""}]"
《英雄王，為了窮盡武道而轉生～而後成為世界最強見習騎士♀～》的主視覺圖,2023年1月新番,1,0,"[{""title"": ""YourAnimes 連結"", ""url"": ""https://youranimes.tw/animes/3153""}]"
《吸血鬼馬上死 第二季》的主視覺圖,2023年1月新番,2,0,"[{""title"": ""YourAnimes 連結"", ""url"": ""https://youranimes.tw/animes/3205""}]"
《HIGH CARD 至高之牌》的主視覺圖,2023年1月新番,1,0,"[{""title"": ""YourAnimes 連結"", ""url"": ""https://youranimes.tw/animes/3208""}]"
《東京復仇者 聖夜決戰篇》的主視覺圖,2023年1月新番,1,0,"[{""title"": ""YourAnimes 連結"", ""url"": ""https://youranimes.tw/animes/3215""}]"
《關於我在無意間被隔壁的天使變成廢柴這件事》的主視覺圖,2023年1月新番,1,0,"[{""title"": ""YourAnimes 連結"", ""url"": ""https://youranimes.tw/animes/3254""}]"
《萬事屋齋藤先生轉生異世界》的主視覺圖,2023年1月新番,1,0,"[{""title"": ""YourAnimes 連結"", ""url"": ""https://youranimes.tw/animes/3387""}]"
《大雪海的卡那》的主視覺圖,2023年1月新番,1,0,"[{""title"": ""YourAnimes 連結"", ""url"": ""https://youranimes.tw/animes/3296""}]"
《尼爾：自動人形 Ver1.1a》的主視覺圖,2023年1月新番,1,0,"[{""title"": ""YourAnimes 連結"", ""url"": ""https://youranimes.tw/animes/3452""}]"
《間諜教室》的主視覺圖,2023年1月新番,1,0,"[{""title"": ""YourAnimes 連結"", ""url"": ""https://youranimes.tw/animes/3499""}]"
《無意間變成狗，被喜歡的女生撿回家。》的主視覺圖,2023年1月新番,1,0,"[{""title"": ""YourAnimes 連結"", ""url"": ""https://youranimes.tw/animes/3502""}]"
《TechnoRoid 超越意志》的主視覺圖,2023年1月新番,1,0,"[{""title"": ""YourAnimes 連結"", ""url"": ""https://youranimes.tw/animes/3498""}]"
《D4DJ All Mix》的主視覺圖,2023年1月新番,1,0,"[{""title"": ""YourAnimes 連結"", ""url"": ""https://youranimes.tw/animes/3593""}]"
《不當哥哥了！》的主視覺圖,2023年1月新番,1,0,"[{""title"": ""YourAnimes 連結"", ""url"": ""https://youranimes.tw/animes/3651""}]"
《再得一勝！》的主視覺圖,2023年1月新番,1,0,"[{""title"": ""YourAnimes 連結"", ""url"": ""https://youranimes.tw/animes/3659""}]"
《冰劍的魔術師將要統一世界》的主視覺圖,2023年1月新番,1,0,"[{""title"": ""YourAnimes 連結"", ""url"": ""https://youranimes.tw/animes/3660""}]"
《久保同學不放過我》的主視覺圖,2023年1月新番,1,0,"[{""title"": ""YourAnimes 連結"", ""url"": ""https://youranimes.tw/animes/3705""}]"
《真・進化果實～不知不覺踏上勝利的人生～》的主視覺圖,2023年1月新番,1,0,"[{""title"": ""YourAnimes 連結"", ""url"": ""https://youranimes.tw/animes/3725""}]"
《英雄傳說 閃之軌跡 北方戰役》的主視覺圖,2023年1月新番,1,0,"[{""title"": ""YourAnimes 連結"", ""url"": ""https://youranimes.tw/animes/3763""}]"
《冰屬性男子與無表情女子》的主視覺圖,2023年1月新番,1,0,"[{""title"": ""YourAnimes 連結"", ""url"": ""https://youranimes.tw/animes/3767""}]"
《淪落者之夜》的主視覺圖,2023年1月新番,1,0,"[{""title"": ""YourAnimes 連結"", ""url"": ""https://youranimes.tw/animes/3779""}]"
《TRIGUN STAMPEDE》的主視覺圖,2023年1月新番,1,0,"[{""title"": ""YourAnimes 連結"", ""url"": ""https://youranimes.tw/animes/3783""}]"
《小智是女孩啦！》的主視覺圖,2023年1月新番,1,0,"[{""title"": ""YourAnimes 連結"", ""url"": ""https://youranimes.tw/animes/3787""}]"
《傲嬌反派千金莉潔洛特與實況主遠藤同學及解說員小林同學》的主視覺圖,2023年1月新番,1,0,"[{""title"": ""YourAnimes 連結"", ""url"": ""https://youranimes.tw/animes/3803""}]"
《被解僱的暗黑士兵(30多歲)開始了慢生活的第二人生》的主視覺圖,2023年1月新番,1,0,"[{""title"": ""YourAnimes 連結"", ""url"": ""https://youranimes.tw/animes/3804""}]"
《為了養老，我要在異世界存8萬枚金幣》的主視覺圖,2023年1月新番,1,0,"[{""title"": ""YourAnimes 連結"", ""url"": ""https://youranimes.tw/animes/3813""}]"
《最強陰陽師的異世界轉生記》的主視覺圖,2023年1月新番,1,0,"[{""title"": ""YourAnimes 連結"", ""url"": ""https://youranimes.tw/animes/3814""}]"
《銀砂糖師與黑妖精 ～sugar apple fairy tale～》的主視覺圖,2023年1月新番,1,0,"[{""title"": ""YourAnimes 連結"", ""url"": ""https://youranimes.tw/animes/3823""}]"
《轉生公主與天才千金的魔法革命》的主視覺圖,2023年1月新番,1,0,"[{""title"": ""YourAnimes 連結"", ""url"": ""https://youranimes.tw/animes/3839""}]"
《弦音  -連結的一射-》的主視覺圖,2023年1月新番,1,0,"[{""title"": ""YourAnimes 連結"", ""url"": ""https://youranimes.tw/animes/3844""}]"
《異世界悠閒農家》的主視覺圖,2023年1月新番,1,0,"[{""title"": ""YourAnimes 連結"", ""url"": ""https://youranimes.tw/animes/3852""}]"
《眾神眷顧的男人 第二季》的主視覺圖,2023年1月新番,2,0,"[{""title"": ""YourAnimes 連結"", ""url"": ""https://youranimes.tw/animes/3883""}]"
《Love Live！虹咲學園學園偶像同好會 短篇動畫》的主視覺圖,2023年1月新番,1,0,"[{""title"": ""YourAnimes 連結"", ""url"": ""https://youranimes.tw/animes/3891""}]"
《狩火之王》的主視覺圖,2023年1月新番,1,0,"[{""title"": ""YourAnimes 連結"", ""url"": ""https://youranimes.tw/animes/3894""}]"
《UniteUp！眾星齊聚》的主視覺圖,2023年1月新番,1,0,"[{""title"": ""YourAnimes 連結"", ""url"": ""https://youranimes.tw/animes/3901""}]"
《魔術士歐菲流浪之旅 阿邦拉馬篇》的主視覺圖,2023年1月新番,1,0,"[{""title"": ""YourAnimes 連結"", ""url"": ""https://youranimes.tw/animes/3911""}]"
《阿魯斯的巨獸》的主視覺圖,2023年1月新番,1,0,"[{""title"": ""YourAnimes 連結"", ""url"": ""https://youranimes.tw/animes/3913""}]"
《REVENGER》的主視覺圖,2023年1月新番,1,0,"[{""title"": ""YourAnimes 連結"", ""url"": ""https://youranimes.tw/animes/3920""}]"
《在地下城尋求邂逅是否搞錯了什麼 第四季 厄災篇》的主視覺圖,2023年1月新番,4,0,"[{""title"": ""YourAnimes 連結"", ""url"": ""https://youranimes.tw/animes/3921""}]"
《不相信人類的冒險者們好像要去拯救世界》的主視覺圖,2023年1月新番,1,0,"[{""title"": ""YourAnimes 連結"", ""url"": ""https://youranimes.tw/animes/3935""}]"
《Buddy Daddies 殺手奶爸》的主視覺圖,2023年1月新番,1,0,"[{""title"": ""YourAnimes 連結"", ""url"": ""https://youranimes.tw/animes/3949""}]"
《擁有超常技能的異世界流浪美食家》的主視覺圖,2023年1月新番,1,0,"[{""title"": ""YourAnimes 連結"", ""url"": ""https://youranimes.tw/animes/3963""}]"
《KJ FILE 續篇》的主視覺圖,2023年1月新番,1,0,"[{""title"": ""YourAnimes 連結"", ""url"": ""https://youranimes.tw/animes/3981""}]"
《夜巡貓》的主視覺圖,2023年1月新番,1,0,"[{""title"": ""YourAnimes 連結"", ""url"": ""https://youranimes.tw/animes/4018""}]"
《FLAGLIA》的主視覺圖,2023年1月新番,1,0,"[{""title"": ""YourAnimes 連結"", ""url"": ""https://youranimes.tw/animes/4024""}]"
《卡片戰鬥!! 先導者 will+Dress 第二季》的主視覺圖,2023年1月新番,2,0,"[{""title"": ""YourAnimes 連結"", ""url"": ""https://youranimes.tw/animes/4039""}]"
《慕留人-火影忍者新世代-：佐助烈傳》的主視覺圖,2023年1月新番,1,0,"[{""title"": ""YourAnimes 連結"", ""url"": ""https://youranimes.tw/animes/4067""}]"
《寶可夢 目標是寶可夢大師》的主視覺圖,2023年1月新番,1,0,"[{""title"": ""YourAnimes 連結"", ""url"": ""https://youranimes.tw/animes/4068""}]"
《開闊天空！光之美少女》的主視覺圖,2023年1月新番,1,0,"[{""title"": ""YourAnimes 連結"", ""url"": ""https://youranimes.tw/animes/4088""}]"
《ULTRAMAN 最終季》的主視覺圖,2023年4月新番,1,0,"[{""title"": ""YourAnimes 連結"", ""url"": ""https://youranimes.tw/animes/3648""}]"
《賽馬娘 Pretty Derby：ROAD TO THE TOP》的主視覺圖,2023年4月新番,1,0,"[{""title"": ""YourAnimes 連結"", ""url"": ""https://youranimes.tw/animes/3979""}]"
《偶像夢幻祭！！追憶 Selection「ELEMENT」》的主視覺圖,2023年4月新番,1,0,"[{""title"": ""YourAnimes 連結"", ""url"": ""https://youranimes.tw/animes/4123""}]"
《YAKITORI：行星軌道敢死隊》的主視覺圖,2023年4月新番,1,0,"[{""title"": ""YourAnimes 連結"", ""url"": ""https://youranimes.tw/animes/4192""}]"
《星際大戰：視界 第二季》的主視覺圖,2023年4月新番,2,0,"[{""title"": ""YourAnimes 連結"", ""url"": ""https://youranimes.tw/animes/6110""}]"
《鬼滅之刃 遊郭篇 總集篇》的主視覺圖,2023年4月新番,1,0,"[{""title"": ""YourAnimes 連結"", ""url"": ""https://youranimes.tw/animes/4143""}]"
《Dr.STONE 新石紀 NEW WORLD》的主視覺圖,2023年4月新番,1,0,"[{""title"": ""YourAnimes 連結"", ""url"": ""https://youranimes.tw/animes/1531""}]"
《魔法少女毀滅者》的主視覺圖,2023年4月新番,1,0,"[{""title"": ""YourAnimes 連結"", ""url"": ""https://youranimes.tw/animes/2835""}]"
《總之就是很可愛 第二季》的主視覺圖,2023年4月新番,2,0,"[{""title"": ""YourAnimes 連結"", ""url"": ""https://youranimes.tw/animes/3044""}]"
《躍動青春》的主視覺圖,2023年4月新番,1,0,"[{""title"": ""YourAnimes 連結"", ""url"": ""https://youranimes.tw/animes/3118""}]"
《地獄樂》的主視覺圖,2023年4月新番,1,0,"[{""title"": ""YourAnimes 連結"", ""url"": ""https://youranimes.tw/animes/3203""}]"
《機戰少女Alice Expansion》的主視覺圖,2023年4月新番,1,0,"[{""title"": ""YourAnimes 連結"", ""url"": ""https://youranimes.tw/animes/3298""}]"
《EDENS ZERO 伊甸星原 第二季》的主視覺圖,2023年4月新番,2,0,"[{""title"": ""YourAnimes 連結"", ""url"": ""https://youranimes.tw/animes/3409""}]"
《鬼滅之刃：刀匠村篇》的主視覺圖,2023年4月新番,1,0,"[{""title"": ""YourAnimes 連結"", ""url"": ""https://youranimes.tw/animes/3411""}]"
《Opus.COLORs 色彩高校星》的主視覺圖,2023年4月新番,1,0,"[{""title"": ""YourAnimes 連結"", ""url"": ""https://youranimes.tw/animes/3545""}]"
《帶著智慧型手機闖蕩異世界。2》的主視覺圖,2023年4月新番,1,0,"[{""title"": ""YourAnimes 連結"", ""url"": ""https://youranimes.tw/animes/3633""}]"
《藍色管弦樂》的主視覺圖,2023年4月新番,1,0,"[{""title"": ""YourAnimes 連結"", ""url"": ""https://youranimes.tw/animes/3630""}]"
《偶像大師 灰姑娘女孩 U149》的主視覺圖,2023年4月新番,1,0,"[{""title"": ""YourAnimes 連結"", ""url"": ""https://youranimes.tw/animes/3572""}]"
《獻祭公主與獸王》的主視覺圖,2023年4月新番,1,0,"[{""title"": ""YourAnimes 連結"", ""url"": ""https://youranimes.tw/animes/3649""}]"
《無神世界的神明活動》的主視覺圖,2023年4月新番,1,0,"[{""title"": ""YourAnimes 連結"", ""url"": ""https://youranimes.tw/animes/3654""}]"
《鄰人似銀河》的主視覺圖,2023年4月新番,1,0,"[{""title"": ""YourAnimes 連結"", ""url"": ""https://youranimes.tw/animes/3657""}]"
《勇者死了！》的主視覺圖,2023年4月新番,1,0,"[{""title"": ""YourAnimes 連結"", ""url"": ""https://youranimes.tw/animes/3658""}]"
《百合是我的工作！》的主視覺圖,2023年4月新番,1,0,"[{""title"": ""YourAnimes 連結"", ""url"": ""https://youranimes.tw/animes/3707""}]"
《為美好的世界獻上爆焰！》的主視覺圖,2023年4月新番,1,0,"[{""title"": ""YourAnimes 連結"", ""url"": ""https://youranimes.tw/animes/3722""}]"
《放學後失眠的你》的主視覺圖,2023年4月新番,1,0,"[{""title"": ""YourAnimes 連結"", ""url"": ""https://youranimes.tw/animes/3738""}]"
《【我推的孩子】》的主視覺圖,2023年4月新番,1,0,"[{""title"": ""YourAnimes 連結"", ""url"": ""https://youranimes.tw/animes/3742""}]"
《江戶前精靈》的主視覺圖,2023年4月新番,1,0,"[{""title"": ""YourAnimes 連結"", ""url"": ""https://youranimes.tw/animes/3753""}]"
《我家的英雄》的主視覺圖,2023年4月新番,1,0,"[{""title"": ""YourAnimes 連結"", ""url"": ""https://youranimes.tw/animes/3766""}]"
《小鳥之翼 第二季》的主視覺圖,2023年4月新番,2,0,"[{""title"": ""YourAnimes 連結"", ""url"": ""https://youranimes.tw/animes/3776""}]"
《肌肉魔法使 -MASHLE-》的主視覺圖,2023年4月新番,1,0,"[{""title"": ""YourAnimes 連結"", ""url"": ""https://youranimes.tw/animes/3786""}]"
《她去公爵家的理由》的主視覺圖,2023年4月新番,1,0,"[{""title"": ""YourAnimes 連結"", ""url"": ""https://youranimes.tw/animes/3794""}]"
《我內心的糟糕念頭》的主視覺圖,2023年4月新番,1,0,"[{""title"": ""YourAnimes 連結"", ""url"": ""https://youranimes.tw/animes/3816""}]"
《轉生貴族的異世界冒險錄 ～不知自重的眾神使徒～》的主視覺圖,2023年4月新番,1,0,"[{""title"": ""YourAnimes 連結"", ""url"": ""https://youranimes.tw/animes/3820""}]"
《MIX 第二個夏天，邁向晴空》的主視覺圖,2023年4月新番,1,0,"[{""title"": ""YourAnimes 連結"", ""url"": ""https://youranimes.tw/animes/3822""}]"
《國王排名 勇氣的寶箱》的主視覺圖,2023年4月新番,1,0,"[{""title"": ""YourAnimes 連結"", ""url"": ""https://youranimes.tw/animes/3831""}]"
《異世界一擊殺姊姊 ～姊姊同伴的異世界生活開始了～》的主視覺圖,2023年4月新番,1,0,"[{""title"": ""YourAnimes 連結"", ""url"": ""https://youranimes.tw/animes/3835""}]"
《第二次被異世界召喚》的主視覺圖,2023年4月新番,1,0,"[{""title"": ""YourAnimes 連結"", ""url"": ""https://youranimes.tw/animes/3836""}]"
《在異世界獲得超強能力的我，在現實世界照樣無敵～等級提升改變人生命運～》的主視覺圖,2023年4月新番,1,0,"[{""title"": ""YourAnimes 連結"", ""url"": ""https://youranimes.tw/animes/3845""}]"
《魔法使的新娘 第二季》的主視覺圖,2023年4月新番,2,0,"[{""title"": ""YourAnimes 連結"", ""url"": ""https://youranimes.tw/animes/3862""}]"
《女神咖啡廳》的主視覺圖,2023年4月新番,1,0,"[{""title"": ""YourAnimes 連結"", ""url"": ""https://youranimes.tw/animes/3866""}]"
《東京喵喵 NEW～♡ 第二季》的主視覺圖,2023年4月新番,2,0,"[{""title"": ""YourAnimes 連結"", ""url"": ""https://youranimes.tw/animes/3893""}]"
《和山田談場Lv999的戀愛》的主視覺圖,2023年4月新番,1,0,"[{""title"": ""YourAnimes 連結"", ""url"": ""https://youranimes.tw/animes/3900""}]"
《可愛過頭大危機》的主視覺圖,2023年4月新番,1,0,"[{""title"": ""YourAnimes 連結"", ""url"": ""https://youranimes.tw/animes/3912""}]"
《機動戰士鋼彈 水星的魔女 第二季度》的主視覺圖,2023年4月新番,2,0,"[{""title"": ""YourAnimes 連結"", ""url"": ""https://youranimes.tw/animes/3915""}]"
《天國大魔境》的主視覺圖,2023年4月新番,1,0,"[{""title"": ""YourAnimes 連結"", ""url"": ""https://youranimes.tw/animes/3942""}]"
《熊熊勇闖異世界 PUNCH！》的主視覺圖,2023年4月新番,1,0,"[{""title"": ""YourAnimes 連結"", ""url"": ""https://youranimes.tw/animes/3944""}]"
《邊緣服務》的主視覺圖,2023年4月新番,1,0,"[{""title"": ""YourAnimes 連結"", ""url"": ""https://youranimes.tw/animes/3991""}]"
《絆之Allele》的主視覺圖,2023年4月新番,1,0,"[{""title"": ""YourAnimes 連結"", ""url"": ""https://youranimes.tw/animes/3993""}]"
《屍體如山的死亡遊戲》的主視覺圖,2023年4月新番,1,0,"[{""title"": ""YourAnimes 連結"", ""url"": ""https://youranimes.tw/animes/4003""}]"
《不知內情的轉學生不管三七二十一纏了上來》的主視覺圖,2023年4月新番,1,0,"[{""title"": ""YourAnimes 連結"", ""url"": ""https://youranimes.tw/animes/4011""}]"
《World Dai Star》的主視覺圖,2023年4月新番,1,0,"[{""title"": ""YourAnimes 連結"", ""url"": ""https://youranimes.tw/animes/4030""}]"
《寶可夢地平線：系列》的主視覺圖,2023年4月新番,1,0,"[{""title"": ""YourAnimes 連結"", ""url"": ""https://youranimes.tw/animes/4069""}]"
《逃走中 THE GREAT MISSION》的主視覺圖,2023年4月新番,1,0,"[{""title"": ""YourAnimes 連結"", ""url"": ""https://youranimes.tw/animes/4080""}]"
《群馬寶寶 第二季》的主視覺圖,2023年4月新番,2,0,"[{""title"": ""YourAnimes 連結"", ""url"": ""https://youranimes.tw/animes/4094""}]"
《六道的惡女們》的主視覺圖,2023年4月新番,1,0,"[{""title"": ""YourAnimes 連結"", ""url"": ""https://youranimes.tw/animes/4100""}]"
《でんでんの電脳電車》的主視覺圖,2023年4月新番,1,0,"[{""title"": ""YourAnimes 連結"", ""url"": ""https://youranimes.tw/animes/4124""}]"
《ちびゴジラの逆襲》的主視覺圖,2023年4月新番,1,0,"[{""title"": ""YourAnimes 連結"", ""url"": ""https://youranimes.tw/animes/4144""}]"
《ぼさにまる》的主視覺圖,2023年4月新番,1,0,"[{""title"": ""YourAnimes 連結"", ""url"": ""https://youranimes.tw/animes/4172""}]"
《為漣蒼士獻上處女》的主視覺圖,2023年4月新番,1,0,"[{""title"": ""YourAnimes 連結"", ""url"": ""https://youranimes.tw/animes/4173""}]"
《ユーチューニャー》的主視覺圖,2023年4月新番,1,0,"[{""title"": ""YourAnimes 連結"", ""url"": ""https://youranimes.tw/animes/4189""}]"
《家裡蹲的日常 狗狗小町與貓咪多比 Part 2》的主視覺圖,2023年4月新番,1,0,"[{""title"": ""YourAnimes 連結"", ""url"": ""https://youranimes.tw/animes/4219""}]"
《魔術士歐菲流浪之旅 聖域篇》的主視覺圖,2023年4月新番,1,0,"[{""title"": ""YourAnimes 連結"", ""url"": ""https://youranimes.tw/animes/4227""}]"
《決鬥大師 WIN 決闘学園編（デュエル・ウォーズ）》的主視覺圖,2023年4月新番,1,0,"[{""title"": ""YourAnimes 連結"", ""url"": ""https://youranimes.tw/animes/5017""}]"
《拳願阿修羅 第二季》的主視覺圖,2023年7月新番,2,0,"[{""title"": ""YourAnimes 連結"", ""url"": ""https://youranimes.tw/animes/3527""}]"
《範馬刃牙 第二季 「外伝ピクル＋野人戦争編」》的主視覺圖,2023年7月新番,2,0,"[{""title"": ""YourAnimes 連結"", ""url"": ""https://youranimes.tw/animes/3549""}]"
《幼女社長R》的主視覺圖,2023年7月新番,1,0,"[{""title"": ""YourAnimes 連結"", ""url"": ""https://youranimes.tw/animes/3890""}]"
《終末的女武神 第二季 Part2》的主視覺圖,2023年7月新番,2,0,"[{""title"": ""YourAnimes 連結"", ""url"": ""https://youranimes.tw/animes/4022""}]"
《火之鳥：伊甸17》的主視覺圖,2023年7月新番,1,0,"[{""title"": ""YourAnimes 連結"", ""url"": ""https://youranimes.tw/animes/4031""}]"
《七大罪 愛丁堡的恩怨 後篇》的主視覺圖,2023年7月新番,1,0,"[{""title"": ""YourAnimes 連結"", ""url"": ""https://youranimes.tw/animes/4072""}]"
《BASTARD!! －暗黑破壞神－ 第二季》的主視覺圖,2023年7月新番,2,0,"[{""title"": ""YourAnimes 連結"", ""url"": ""https://youranimes.tw/animes/4091""}]"
《大怪獸卡美拉：重生》的主視覺圖,2023年7月新番,1,0,"[{""title"": ""YourAnimes 連結"", ""url"": ""https://youranimes.tw/animes/4108""}]"
《境界戰機 極鋼之裝鬼》的主視覺圖,2023年7月新番,1,0,"[{""title"": ""YourAnimes 連結"", ""url"": ""https://youranimes.tw/animes/4121""}]"
《大奧》的主視覺圖,2023年7月新番,1,0,"[{""title"": ""YourAnimes 連結"", ""url"": ""https://youranimes.tw/animes/4193""}]"
《小鯊鯊出門去》的主視覺圖,2023年7月新番,1,0,"[{""title"": ""YourAnimes 連結"", ""url"": ""https://youranimes.tw/animes/4284""}]"
《總之就是很可愛 女子高中篇》的主視覺圖,2023年7月新番,1,0,"[{""title"": ""YourAnimes 連結"", ""url"": ""https://youranimes.tw/animes/4326""}]"
《範馬刃牙 第二季「地上最強的親子吵架」》的主視覺圖,2023年7月新番,2,0,"[{""title"": ""YourAnimes 連結"", ""url"": ""https://youranimes.tw/animes/4378""}]"
《帕底亞的課後時光》的主視覺圖,2023年7月新番,1,0,"[{""title"": ""YourAnimes 連結"", ""url"": ""https://youranimes.tw/animes/4831""}]"
《Fate/strange Fake -Whispers of Dawn-》的主視覺圖,2023年7月新番,1,0,"[{""title"": ""YourAnimes 連結"", ""url"": ""https://youranimes.tw/animes/3897""}]"
《五等分的新娘∽》的主視覺圖,2023年7月新番,1,0,"[{""title"": ""YourAnimes 連結"", ""url"": ""https://youranimes.tw/animes/4213""}]"
《魔王學院的不適任者～史上最強的魔王始祖，轉生就讀子孫們的學校～ II》的主視覺圖,2023年7月新番,1,0,"[{""title"": ""YourAnimes 連結"", ""url"": ""https://youranimes.tw/animes/1353""}]"
《神劍闖江湖 －明治劍客浪漫譚－ (2023)》的主視覺圖,2023年7月新番,1,0,"[{""title"": ""YourAnimes 連結"", ""url"": ""https://youranimes.tw/animes/3202""}]"
《妖幻三重奏》的主視覺圖,2023年7月新番,1,0,"[{""title"": ""YourAnimes 連結"", ""url"": ""https://youranimes.tw/animes/3210""}]"
《Helck 勇者赫魯庫》的主視覺圖,2023年7月新番,1,0,"[{""title"": ""YourAnimes 連結"", ""url"": ""https://youranimes.tw/animes/3408""}]"
《咒術迴戰 第二季》的主視覺圖,2023年7月新番,2,0,"[{""title"": ""YourAnimes 連結"", ""url"": ""https://youranimes.tw/animes/3410""}]"
《無職轉生～到了異世界就拿出真本事～ 第二季》的主視覺圖,2023年7月新番,2,0,"[{""title"": ""YourAnimes 連結"", ""url"": ""https://youranimes.tw/animes/3493""}]"
《LV1魔王與獨居廢勇者》的主視覺圖,2023年7月新番,1,0,"[{""title"": ""YourAnimes 連結"", ""url"": ""https://youranimes.tw/animes/3555""}]"
《政宗君的復仇R》的主視覺圖,2023年7月新番,1,0,"[{""title"": ""YourAnimes 連結"", ""url"": ""https://youranimes.tw/animes/3569""}]"
《我的幸福婚約》的主視覺圖,2023年7月新番,1,0,"[{""title"": ""YourAnimes 連結"", ""url"": ""https://youranimes.tw/animes/3581""}]"
《雖然等級只有1級但固有技能是最強的》的主視覺圖,2023年7月新番,1,0,"[{""title"": ""YourAnimes 連結"", ""url"": ""https://youranimes.tw/animes/3696""}]"
《死神少爺與黑女僕 第二季》的主視覺圖,2023年7月新番,2,0,"[{""title"": ""YourAnimes 連結"", ""url"": ""https://youranimes.tw/animes/3709""}]"
《能幹貓今天也憂鬱》的主視覺圖,2023年7月新番,1,0,"[{""title"": ""YourAnimes 連結"", ""url"": ""https://youranimes.tw/animes/3718""}]"
《白聖女與黑牧師》的主視覺圖,2023年7月新番,1,0,"[{""title"": ""YourAnimes 連結"", ""url"": ""https://youranimes.tw/animes/3754""}]"
《幻日夜羽 -鏡中暉光-》的主視覺圖,2023年7月新番,1,0,"[{""title"": ""YourAnimes 連結"", ""url"": ""https://youranimes.tw/animes/3774""}]"
《英雄教室》的主視覺圖,2023年7月新番,1,0,"[{""title"": ""YourAnimes 連結"", ""url"": ""https://youranimes.tw/animes/3805""}]"
《黑暗集會》的主視覺圖,2023年7月新番,1,0,"[{""title"": ""YourAnimes 連結"", ""url"": ""https://youranimes.tw/animes/3815""}]"
《甜點轉生》的主視覺圖,2023年7月新番,1,0,"[{""title"": ""YourAnimes 連結"", ""url"": ""https://youranimes.tw/animes/3818""}]"
《轉生成自動販賣機的我今天也在迷宮徘徊》的主視覺圖,2023年7月新番,1,0,"[{""title"": ""YourAnimes 連結"", ""url"": ""https://youranimes.tw/animes/3821""}]"
《其實，我是最強的？》的主視覺圖,2023年7月新番,1,0,"[{""title"": ""YourAnimes 連結"", ""url"": ""https://youranimes.tw/animes/3865""}]"
《出租女友 第三季》的主視覺圖,2023年7月新番,3,0,"[{""title"": ""YourAnimes 連結"", ""url"": ""https://youranimes.tw/animes/3884""}]"
《奇異賢伴 黑色天使》的主視覺圖,2023年7月新番,1,0,"[{""title"": ""YourAnimes 連結"", ""url"": ""https://youranimes.tw/animes/3892""}]"
《打工吧！！魔王大人 2nd Season》的主視覺圖,2023年7月新番,1,0,"[{""title"": ""YourAnimes 連結"", ""url"": ""https://youranimes.tw/animes/3919""}]"
《聖者無雙～上班族的異世界生存之道～》的主視覺圖,2023年7月新番,1,0,"[{""title"": ""YourAnimes 連結"", ""url"": ""https://youranimes.tw/animes/3929""}]"
《公司的小小前輩》的主視覺圖,2023年7月新番,1,0,"[{""title"": ""YourAnimes 連結"", ""url"": ""https://youranimes.tw/animes/3941""}]"
《百姓貴族》的主視覺圖,2023年7月新番,1,0,"[{""title"": ""YourAnimes 連結"", ""url"": ""https://youranimes.tw/animes/3958""}]"
《AYAKA -綾島奇譚-》的主視覺圖,2023年7月新番,1,0,"[{""title"": ""YourAnimes 連結"", ""url"": ""https://youranimes.tw/animes/3959""}]"
《成為悲劇元兇的最強異端，最後頭目女王為了人民犧牲奉獻》的主視覺圖,2023年7月新番,1,0,"[{""title"": ""YourAnimes 連結"", ""url"": ""https://youranimes.tw/animes/3960""}]"
《謊言遊戲》的主視覺圖,2023年7月新番,1,0,"[{""title"": ""YourAnimes 連結"", ""url"": ""https://youranimes.tw/animes/4012""}]"
《滿懷美夢的少年是現實主義者》的主視覺圖,2023年7月新番,1,0,"[{""title"": ""YourAnimes 連結"", ""url"": ""https://youranimes.tw/animes/4014""}]"
《AI電子基因》的主視覺圖,2023年7月新番,1,0,"[{""title"": ""YourAnimes 連結"", ""url"": ""https://youranimes.tw/animes/4041""}]"
《BLEACH 死神 千年血戰篇 -訣別譚-》的主視覺圖,2023年7月新番,1,0,"[{""title"": ""YourAnimes 連結"", ""url"": ""https://youranimes.tw/animes/4062""}]"
《殭屍100～在成為殭屍前要做的100件事～》的主視覺圖,2023年7月新番,1,0,"[{""title"": ""YourAnimes 連結"", ""url"": ""https://youranimes.tw/animes/4083""}]"
《我喜歡的女孩忘記戴眼鏡》的主視覺圖,2023年7月新番,1,0,"[{""title"": ""YourAnimes 連結"", ""url"": ""https://youranimes.tw/animes/4095""}]"
《妙廟美少女》的主視覺圖,2023年7月新番,1,0,"[{""title"": ""YourAnimes 連結"", ""url"": ""https://youranimes.tw/animes/4101""}]"
《七魔劍支配天下》的主視覺圖,2023年7月新番,1,0,"[{""title"": ""YourAnimes 連結"", ""url"": ""https://youranimes.tw/animes/4148""}]"
《萊莎的鍊金工房 ～常闇女王與秘密藏身處～》的主視覺圖,2023年7月新番,1,0,"[{""title"": ""YourAnimes 連結"", ""url"": ""https://youranimes.tw/animes/4161""}]"
《不死少女的謀殺鬧劇》的主視覺圖,2023年7月新番,1,0,"[{""title"": ""YourAnimes 連結"", ""url"": ""https://youranimes.tw/animes/4175""}]"
《銀砂糖師與黑妖精 ～sugar apple fairy tale～ 第二季度》的主視覺圖,2023年7月新番,2,0,"[{""title"": ""YourAnimes 連結"", ""url"": ""https://youranimes.tw/animes/4188""}]"
《闇影詩章F（フレイム）セブンシャドウズ編》的主視覺圖,2023年7月新番,1,0,"[{""title"": ""YourAnimes 連結"", ""url"": ""https://youranimes.tw/animes/4190""}]"
《堀與宮村 -piece-》的主視覺圖,2023年7月新番,1,0,"[{""title"": ""YourAnimes 連結"", ""url"": ""https://youranimes.tw/animes/4197""}]"
《物之古物奇譚 第二章》的主視覺圖,2023年7月新番,1,0,"[{""title"": ""YourAnimes 連結"", ""url"": ""https://youranimes.tw/animes/4206""}]"
《文豪Stray Dogs 第五季》的主視覺圖,2023年7月新番,5,0,"[{""title"": ""YourAnimes 連結"", ""url"": ""https://youranimes.tw/animes/4208""}]"
《間諜教室 第二季》的主視覺圖,2023年7月新番,2,0,"[{""title"": ""YourAnimes 連結"", ""url"": ""https://youranimes.tw/animes/4220""}]"
《BanG Dream！It's MyGO!!!!!》的主視覺圖,2023年7月新番,1,0,"[{""title"": ""YourAnimes 連結"", ""url"": ""https://youranimes.tw/animes/4225""}]"
《闇芝居 第十一季》的主視覺圖,2023年7月新番,1,0,"[{""title"": ""YourAnimes 連結"", ""url"": ""https://youranimes.tw/animes/4252""}]"
《いきものさん》的主視覺圖,2023年7月新番,1,0,"[{""title"": ""YourAnimes 連結"", ""url"": ""https://youranimes.tw/animes/4261""}]"
《卡片戰鬥!! 先導者 will+Dress 第三季》的主視覺圖,2023年7月新番,3,0,"[{""title"": ""YourAnimes 連結"", ""url"": ""https://youranimes.tw/animes/4320""}]"
《FLCL: Grunge》的主視覺圖,2023年7月新番,1,0,"[{""title"": ""YourAnimes 連結"", ""url"": ""https://youranimes.tw/animes/4426""}]"
《ななし怪談公式 第二季》的主視覺圖,2023年7月新番,2,0,"[{""title"": ""YourAnimes 連結"", ""url"": ""https://youranimes.tw/animes/5432""}]"
《陰陽師》的主視覺圖,2023年10月新番,1,0,"[{""title"": ""YourAnimes 連結"", ""url"": ""https://youranimes.tw/animes/3904""}]"
《鬼武者》的主視覺圖,2023年10月新番,1,0,"[{""title"": ""YourAnimes 連結"", ""url"": ""https://youranimes.tw/animes/3910""}]"
《PLUTO 冥王》的主視覺圖,2023年10月新番,1,0,"[{""title"": ""YourAnimes 連結"", ""url"": ""https://youranimes.tw/animes/4119""}]"
《鋼彈創鬥元宇宙》的主視覺圖,2023年10月新番,1,0,"[{""title"": ""YourAnimes 連結"", ""url"": ""https://youranimes.tw/animes/4207""}]"
《偶像夢幻祭！！追憶 Selection「CROSSROAD」》的主視覺圖,2023年10月新番,1,0,"[{""title"": ""YourAnimes 連結"", ""url"": ""https://youranimes.tw/animes/4243""}]"
《GOOD NIGHT WORLD》的主視覺圖,2023年10月新番,1,0,"[{""title"": ""YourAnimes 連結"", ""url"": ""https://youranimes.tw/animes/4444""}]"
《歪小子史考特：火力全開》的主視覺圖,2023年10月新番,1,0,"[{""title"": ""YourAnimes 連結"", ""url"": ""https://youranimes.tw/animes/4512""}]"
《BURN THE WITCH 龍與魔女 #0.8》的主視覺圖,2023年10月新番,1,0,"[{""title"": ""YourAnimes 連結"", ""url"": ""https://youranimes.tw/animes/4561""}]"
《I.CINNAMOROLL Animation》的主視覺圖,2023年10月新番,1,0,"[{""title"": ""YourAnimes 連結"", ""url"": ""https://youranimes.tw/animes/4805""}]"
《我內心的糟糕念頭 推糟短篇》的主視覺圖,2023年10月新番,1,0,"[{""title"": ""YourAnimes 連結"", ""url"": ""https://youranimes.tw/animes/4821""}]"
《機甲英雄 機鬥勇者 第二季》的主視覺圖,2023年10月新番,2,0,"[{""title"": ""YourAnimes 連結"", ""url"": ""https://youranimes.tw/animes/4834""}]"
《魁!!令和の男塾》的主視覺圖,2023年10月新番,1,0,"[{""title"": ""YourAnimes 連結"", ""url"": ""https://youranimes.tw/animes/4999""}]"
《進擊的巨人 第四季：The Final Season 完結篇（後篇）》的主視覺圖,2023年10月新番,4,0,"[{""title"": ""YourAnimes 連結"", ""url"": ""https://youranimes.tw/animes/4106""}]"
《邪神與廚二病少女【世紀末篇】》的主視覺圖,2023年10月新番,1,0,"[{""title"": ""YourAnimes 連結"", ""url"": ""https://youranimes.tw/animes/4265""}]"
《哥布林殺手 第二季》的主視覺圖,2023年10月新番,2,0,"[{""title"": ""YourAnimes 連結"", ""url"": ""https://youranimes.tw/animes/1207""}]"
《世界盡頭的聖騎士 鐵鏽之山的君王》的主視覺圖,2023年10月新番,1,0,"[{""title"": ""YourAnimes 連結"", ""url"": ""https://youranimes.tw/animes/3218""}]"
《MF Ghost 燃油車鬥魂》的主視覺圖,2023年10月新番,1,0,"[{""title"": ""YourAnimes 連結"", ""url"": ""https://youranimes.tw/animes/3253""}]"
《聖女魔力無所不能 第二季》的主視覺圖,2023年10月新番,2,0,"[{""title"": ""YourAnimes 連結"", ""url"": ""https://youranimes.tw/animes/3495""}]"
《狩龍人拉格納》的主視覺圖,2023年10月新番,1,0,"[{""title"": ""YourAnimes 連結"", ""url"": ""https://youranimes.tw/animes/3518""}]"
《七大罪 啟示錄四騎士》的主視覺圖,2023年10月新番,1,0,"[{""title"": ""YourAnimes 連結"", ""url"": ""https://youranimes.tw/animes/3697""}]"
《Paradox Live THE ANIMATION》的主視覺圖,2023年10月新番,1,0,"[{""title"": ""YourAnimes 連結"", ""url"": ""https://youranimes.tw/animes/3723""}]"
《香格里拉・開拓異境～糞作獵手挑戰神作～》的主視覺圖,2023年10月新番,1,0,"[{""title"": ""YourAnimes 連結"", ""url"": ""https://youranimes.tw/animes/3796""}]"
《地下忍者》的主視覺圖,2023年10月新番,1,0,"[{""title"": ""YourAnimes 連結"", ""url"": ""https://youranimes.tw/animes/3819""}]"
《盾之勇者成名錄 第三季》的主視覺圖,2023年10月新番,3,0,"[{""title"": ""YourAnimes 連結"", ""url"": ""https://youranimes.tw/animes/3825""}]"
《米奇與達利》的主視覺圖,2023年10月新番,1,0,"[{""title"": ""YourAnimes 連結"", ""url"": ""https://youranimes.tw/animes/3826""}]"
《不死不運》的主視覺圖,2023年10月新番,1,0,"[{""title"": ""YourAnimes 連結"", ""url"": ""https://youranimes.tw/animes/3853""}]"
《堤亞穆帝國物語 ～從斷頭台開始，公主重生後的逆轉人生～》的主視覺圖,2023年10月新番,1,0,"[{""title"": ""YourAnimes 連結"", ""url"": ""https://youranimes.tw/animes/3863""}]"
《凹凸魔女的親子日常》的主視覺圖,2023年10月新番,1,0,"[{""title"": ""YourAnimes 連結"", ""url"": ""https://youranimes.tw/animes/3867""}]"
《位於戀愛光譜極端的我們》的主視覺圖,2023年10月新番,1,0,"[{""title"": ""YourAnimes 連結"", ""url"": ""https://youranimes.tw/animes/3869""}]"
《葬送的芙莉蓮》的主視覺圖,2023年10月新番,1,0,"[{""title"": ""YourAnimes 連結"", ""url"": ""https://youranimes.tw/animes/3876""}]"
《女朋友 and 女朋友 第二季》的主視覺圖,2023年10月新番,2,0,"[{""title"": ""YourAnimes 連結"", ""url"": ""https://youranimes.tw/animes/3882""}]"
《SHY 靦腆英雄》的主視覺圖,2023年10月新番,1,0,"[{""title"": ""YourAnimes 連結"", ""url"": ""https://youranimes.tw/animes/3926""}]"
《星靈感應》的主視覺圖,2023年10月新番,1,0,"[{""title"": ""YourAnimes 連結"", ""url"": ""https://youranimes.tw/animes/3928""}]"
《偶像大師 百萬人演唱會！》的主視覺圖,2023年10月新番,1,0,"[{""title"": ""YourAnimes 連結"", ""url"": ""https://youranimes.tw/animes/3932""}]"
《大小姐和看門犬》的主視覺圖,2023年10月新番,1,0,"[{""title"": ""YourAnimes 連結"", ""url"": ""https://youranimes.tw/animes/3934""}]"
《聖劍學院的魔劍使》的主視覺圖,2023年10月新番,1,0,"[{""title"": ""YourAnimes 連結"", ""url"": ""https://youranimes.tw/animes/3940""}]"
《暴食狂戰士》的主視覺圖,2023年10月新番,1,0,"[{""title"": ""YourAnimes 連結"", ""url"": ""https://youranimes.tw/animes/3961""}]"
《賽馬娘 Pretty Derby 第三季》的主視覺圖,2023年10月新番,3,0,"[{""title"": ""YourAnimes 連結"", ""url"": ""https://youranimes.tw/animes/3978""}]"
《想當冒險者前往都市的女兒成為S級》的主視覺圖,2023年10月新番,1,0,"[{""title"": ""YourAnimes 連結"", ""url"": ""https://youranimes.tw/animes/3989""}]"
《巨獸防衛企業 BULLBUSTER》的主視覺圖,2023年10月新番,1,0,"[{""title"": ""YourAnimes 連結"", ""url"": ""https://youranimes.tw/animes/4013""}]"
《豬肝記得煮熟再吃》的主視覺圖,2023年10月新番,1,0,"[{""title"": ""YourAnimes 連結"", ""url"": ""https://youranimes.tw/animes/4042""}]"
《我的推是壞人大小姐。》的主視覺圖,2023年10月新番,1,0,"[{""title"": ""YourAnimes 連結"", ""url"": ""https://youranimes.tw/animes/4052""}]"
《烈焰先鋒 救國的橘衣消防員》的主視覺圖,2023年10月新番,1,0,"[{""title"": ""YourAnimes 連結"", ""url"": ""https://youranimes.tw/animes/4055""}]"
《明日方舟：冬隱歸路》的主視覺圖,2023年10月新番,1,0,"[{""title"": ""YourAnimes 連結"", ""url"": ""https://youranimes.tw/animes/4058""}]"
《SPY×FAMILY 間諜家家酒 Season 2》的主視覺圖,2023年10月新番,1,0,"[{""title"": ""YourAnimes 連結"", ""url"": ""https://youranimes.tw/animes/4063""}]"
《鴨乃橋論的禁忌推理》的主視覺圖,2023年10月新番,1,0,"[{""title"": ""YourAnimes 連結"", ""url"": ""https://youranimes.tw/animes/4065""}]"
《16bit 的感動 ANOTHER LAYER》的主視覺圖,2023年10月新番,1,0,"[{""title"": ""YourAnimes 連結"", ""url"": ""https://youranimes.tw/animes/4079""}]"
《家裡蹲吸血姬的鬱悶》的主視覺圖,2023年10月新番,1,0,"[{""title"": ""YourAnimes 連結"", ""url"": ""https://youranimes.tw/animes/4082""}]"
《愛犬訊號》的主視覺圖,2023年10月新番,1,0,"[{""title"": ""YourAnimes 連結"", ""url"": ""https://youranimes.tw/animes/4103""}]"
《OVERTAKE！》的主視覺圖,2023年10月新番,1,0,"[{""title"": ""YourAnimes 連結"", ""url"": ""https://youranimes.tw/animes/4105""}]"
《破滅的王國》的主視覺圖,2023年10月新番,1,0,"[{""title"": ""YourAnimes 連結"", ""url"": ""https://youranimes.tw/animes/4111""}]"
《某大叔的VRMMO活動記》的主視覺圖,2023年10月新番,1,0,"[{""title"": ""YourAnimes 連結"", ""url"": ""https://youranimes.tw/animes/4116""}]"
《藥師少女的獨語》的主視覺圖,2023年10月新番,1,0,"[{""title"": ""YourAnimes 連結"", ""url"": ""https://youranimes.tw/animes/4120""}]"
《關於我轉生變成史萊姆這檔事 柯里烏斯之夢》的主視覺圖,2023年10月新番,1,0,"[{""title"": ""YourAnimes 連結"", ""url"": ""https://youranimes.tw/animes/4122""}]"
《我想成為影之強者！第二季》的主視覺圖,2023年10月新番,2,0,"[{""title"": ""YourAnimes 連結"", ""url"": ""https://youranimes.tw/animes/4125""}]"
《靠著魔法藥水在異世界活下去！》的主視覺圖,2023年10月新番,1,0,"[{""title"": ""YourAnimes 連結"", ""url"": ""https://youranimes.tw/animes/4127""}]"
《川越男子歌唱團》的主視覺圖,2023年10月新番,1,0,"[{""title"": ""YourAnimes 連結"", ""url"": ""https://youranimes.tw/animes/4142""}]"
《超超超超超喜歡你的100個女朋友》的主視覺圖,2023年10月新番,1,0,"[{""title"": ""YourAnimes 連結"", ""url"": ""https://youranimes.tw/animes/4151""}]"
《Dr.STONE 新石紀 NEW WORLD 第二季度》的主視覺圖,2023年10月新番,2,0,"[{""title"": ""YourAnimes 連結"", ""url"": ""https://youranimes.tw/animes/4153""}]"
《希望的力量～大人光之美少女‘23～》的主視覺圖,2023年10月新番,1,0,"[{""title"": ""YourAnimes 連結"", ""url"": ""https://youranimes.tw/animes/4171""}]"
《カミエラビ GOD.app》的主視覺圖,2023年10月新番,1,0,"[{""title"": ""YourAnimes 連結"", ""url"": ""https://youranimes.tw/animes/4176""}]"
《隊長小翼 第二季 青少年篇》的主視覺圖,2023年10月新番,2,0,"[{""title"": ""YourAnimes 連結"", ""url"": ""https://youranimes.tw/animes/4182""}]"
《重生者的魔法一定要特別》的主視覺圖,2023年10月新番,1,0,"[{""title"": ""YourAnimes 連結"", ""url"": ""https://youranimes.tw/animes/4195""}]"
《催眠麥克風 Rhyme Anima +》的主視覺圖,2023年10月新番,1,0,"[{""title"": ""YourAnimes 連結"", ""url"": ""https://youranimes.tw/animes/4199""}]"
《東京復仇者 天竺篇》的主視覺圖,2023年10月新番,1,0,"[{""title"": ""YourAnimes 連結"", ""url"": ""https://youranimes.tw/animes/4215""}]"
《撿走被人悔婚的千金，教會她壞壞的幸福生活》的主視覺圖,2023年10月新番,1,0,"[{""title"": ""YourAnimes 連結"", ""url"": ""https://youranimes.tw/animes/4217""}]"
《聖魔大戰 BIKKURI-MEN 》的主視覺圖,2023年10月新番,1,0,"[{""title"": ""YourAnimes 連結"", ""url"": ""https://youranimes.tw/animes/4218""}]"
《柚木家的四兄弟。》的主視覺圖,2023年10月新番,1,0,"[{""title"": ""YourAnimes 連結"", ""url"": ""https://youranimes.tw/animes/4250""}]"
《B-PROJECT-熱烈＊Love Call-》的主視覺圖,2023年10月新番,1,0,"[{""title"": ""YourAnimes 連結"", ""url"": ""https://youranimes.tw/animes/4272""}]"
《我的新上司是天然呆》的主視覺圖,2023年10月新番,1,0,"[{""title"": ""YourAnimes 連結"", ""url"": ""https://youranimes.tw/animes/4274""}]"
《忍ばない！クリプトニンジャ咲耶》的主視覺圖,2023年10月新番,1,0,"[{""title"": ""YourAnimes 連結"", ""url"": ""https://youranimes.tw/animes/4307""}]"
《魔法使的新娘 第二季 第二季度》的主視覺圖,2023年10月新番,2,0,"[{""title"": ""YourAnimes 連結"", ""url"": ""https://youranimes.tw/animes/4340""}]"
《絆之Allele 第二季》的主視覺圖,2023年10月新番,2,0,"[{""title"": ""YourAnimes 連結"", ""url"": ""https://youranimes.tw/animes/4355""}]"
《屍體如山的死亡遊戲 第二季度》的主視覺圖,2023年10月新番,2,0,"[{""title"": ""YourAnimes 連結"", ""url"": ""https://youranimes.tw/animes/4356""}]"
《我們的雨色協議》的主視覺圖,2023年10月新番,1,0,"[{""title"": ""YourAnimes 連結"", ""url"": ""https://youranimes.tw/animes/4384""}]"
《鐵路浪漫譚2》的主視覺圖,2023年10月新番,1,0,"[{""title"": ""YourAnimes 連結"", ""url"": ""https://youranimes.tw/animes/4392""}]"
《CHICKIPDANCERS 跳跳小雞 第三季》的主視覺圖,2023年10月新番,3,0,"[{""title"": ""YourAnimes 連結"", ""url"": ""https://youranimes.tw/animes/4436""}]"
《放學後少年花子君》的主視覺圖,2023年10月新番,1,0,"[{""title"": ""YourAnimes 連結"", ""url"": ""https://youranimes.tw/animes/4504""}]"
《松犬》的主視覺圖,2023年10月新番,1,0,"[{""title"": ""YourAnimes 連結"", ""url"": ""https://youranimes.tw/animes/4517""}]"
《戰鬥陀螺 X》的主視覺圖,2023年10月新番,1,0,"[{""title"": ""YourAnimes 連結"", ""url"": ""https://youranimes.tw/animes/4521""}]"
《小不點 The Diary of Ochibi san》的主視覺圖,2023年10月新番,1,0,"[{""title"": ""YourAnimes 連結"", ""url"": ""https://youranimes.tw/animes/4613""}]"
《全力兔 (2023)》的主視覺圖,2023年10月新番,1,0,"[{""title"": ""YourAnimes 連結"", ""url"": ""https://youranimes.tw/animes/4789""}]"
《角落小夥伴 そらいろのまいにち》的主視覺圖,2023年10月新番,1,0,"[{""title"": ""YourAnimes 連結"", ""url"": ""https://youranimes.tw/animes/4825""}]"
《MONSTERS 一百三情飛龍侍極》的主視覺圖,2024年1月新番,1,0,"[{""title"": ""YourAnimes 連結"", ""url"": ""https://youranimes.tw/animes/4424""}]"
《GREAT PRETENDER razbliuto》的主視覺圖,2024年1月新番,1,0,"[{""title"": ""YourAnimes 連結"", ""url"": ""https://youranimes.tw/animes/4852""}]"
《偶像夢幻祭！！追憶 Selection「CHECKMATE」	》的主視覺圖,2024年1月新番,1,0,"[{""title"": ""YourAnimes 連結"", ""url"": ""https://youranimes.tw/animes/4937""}]"
《ど根性ガエルやねん》的主視覺圖,2024年1月新番,1,0,"[{""title"": ""YourAnimes 連結"", ""url"": ""https://youranimes.tw/animes/4993""}]"
《月光下的異世界之旅 第二幕》的主視覺圖,2024年1月新番,1,0,"[{""title"": ""YourAnimes 連結"", ""url"": ""https://youranimes.tw/animes/2867""}]"
《魔都精兵的奴隸》的主視覺圖,2024年1月新番,1,0,"[{""title"": ""YourAnimes 連結"", ""url"": ""https://youranimes.tw/animes/3082""}]"
《弱角友崎同學 2nd STAGE》的主視覺圖,2024年1月新番,1,0,"[{""title"": ""YourAnimes 連結"", ""url"": ""https://youranimes.tw/animes/3285""}]"
《歡迎來到實力至上主義的教室  3rd Season》的主視覺圖,2024年1月新番,1,0,"[{""title"": ""YourAnimes 連結"", ""url"": ""https://youranimes.tw/animes/3423""}]"
《非自願的不死冒險者》的主視覺圖,2024年1月新番,1,0,"[{""title"": ""YourAnimes 連結"", ""url"": ""https://youranimes.tw/animes/3647""}]"
《通靈王 FLOWERS》的主視覺圖,2024年1月新番,1,0,"[{""title"": ""YourAnimes 連結"", ""url"": ""https://youranimes.tw/animes/3650""}]"
《我獨自升級》的主視覺圖,2024年1月新番,1,0,"[{""title"": ""YourAnimes 連結"", ""url"": ""https://youranimes.tw/animes/3788""}]"
《佐佐木與文鳥小嗶》的主視覺圖,2024年1月新番,1,0,"[{""title"": ""YourAnimes 連結"", ""url"": ""https://youranimes.tw/animes/3812""}]"
《迷宮飯》的主視覺圖,2024年1月新番,1,0,"[{""title"": ""YourAnimes 連結"", ""url"": ""https://youranimes.tw/animes/3834""}]"
《魔女與野獸》的主視覺圖,2024年1月新番,1,0,"[{""title"": ""YourAnimes 連結"", ""url"": ""https://youranimes.tw/animes/3846""}]"
《王者天下 第五季》的主視覺圖,2024年1月新番,5,0,"[{""title"": ""YourAnimes 連結"", ""url"": ""https://youranimes.tw/animes/3924""}]"
《北海道辣妹金古錐》的主視覺圖,2024年1月新番,1,0,"[{""title"": ""YourAnimes 連結"", ""url"": ""https://youranimes.tw/animes/3957""}]"
《因為不是真正的夥伴而被逐出勇者隊伍，流落到邊境展開慢活人生 第二季》的主視覺圖,2024年1月新番,2,0,"[{""title"": ""YourAnimes 連結"", ""url"": ""https://youranimes.tw/animes/3964""}]"
《最弱魔物使開始了撿垃圾之旅。》的主視覺圖,2024年1月新番,1,0,"[{""title"": ""YourAnimes 連結"", ""url"": ""https://youranimes.tw/animes/3992""}]"
《秒殺外掛太強了，異世界的傢伙們根本就不是對手。》的主視覺圖,2024年1月新番,1,0,"[{""title"": ""YourAnimes 連結"", ""url"": ""https://youranimes.tw/animes/4035""}]"
《青之驅魔師 島根啟明結社篇》的主視覺圖,2024年1月新番,1,0,"[{""title"": ""YourAnimes 連結"", ""url"": ""https://youranimes.tw/animes/4066""}]"
《為了在異世界也能撫摸毛茸茸而努力。》的主視覺圖,2024年1月新番,1,0,"[{""title"": ""YourAnimes 連結"", ""url"": ""https://youranimes.tw/animes/4090""}]"
《婚戒物語》的主視覺圖,2024年1月新番,1,0,"[{""title"": ""YourAnimes 連結"", ""url"": ""https://youranimes.tw/animes/4099""}]"
《異修羅》的主視覺圖,2024年1月新番,1,0,"[{""title"": ""YourAnimes 連結"", ""url"": ""https://youranimes.tw/animes/4118""}]"
《休假的壞人先生》的主視覺圖,2024年1月新番,1,0,"[{""title"": ""YourAnimes 連結"", ""url"": ""https://youranimes.tw/animes/4128""}]"
《女王的手術刀》的主視覺圖,2024年1月新番,1,0,"[{""title"": ""YourAnimes 連結"", ""url"": ""https://youranimes.tw/animes/4136""}]"
《夢想成為魔法少女》的主視覺圖,2024年1月新番,1,0,"[{""title"": ""YourAnimes 連結"", ""url"": ""https://youranimes.tw/animes/4154""}]"
《狩火之王 第二季》的主視覺圖,2024年1月新番,2,0,"[{""title"": ""YourAnimes 連結"", ""url"": ""https://youranimes.tw/animes/4159""}]"
《Metallic Rouge 金屬口紅》的主視覺圖,2024年1月新番,1,0,"[{""title"": ""YourAnimes 連結"", ""url"": ""https://youranimes.tw/animes/4174""}]"
《她來自煩星 第二季度》的主視覺圖,2024年1月新番,2,0,"[{""title"": ""YourAnimes 連結"", ""url"": ""https://youranimes.tw/animes/4183""}]"
《反派千金等級99 ～我是隱藏頭目但不是魔王～》的主視覺圖,2024年1月新番,1,0,"[{""title"": ""YourAnimes 連結"", ""url"": ""https://youranimes.tw/animes/4187""}]"
《HIGH CARD 至高之牌 第二季》的主視覺圖,2024年1月新番,2,0,"[{""title"": ""YourAnimes 連結"", ""url"": ""https://youranimes.tw/animes/4205""}]"
《愚蠢天使與惡魔共舞》的主視覺圖,2024年1月新番,1,0,"[{""title"": ""YourAnimes 連結"", ""url"": ""https://youranimes.tw/animes/4242""}]"
《治癒魔法的錯誤使用法》的主視覺圖,2024年1月新番,1,0,"[{""title"": ""YourAnimes 連結"", ""url"": ""https://youranimes.tw/animes/4275""}]"
《綻裂?!無人能敵》的主視覺圖,2024年1月新番,1,0,"[{""title"": ""YourAnimes 連結"", ""url"": ""https://youranimes.tw/animes/4279""}]"
《碰之道》的主視覺圖,2024年1月新番,1,0,"[{""title"": ""YourAnimes 連結"", ""url"": ""https://youranimes.tw/animes/4283""}]"
《勇氣爆發 BANG BRAVERN》的主視覺圖,2024年1月新番,1,0,"[{""title"": ""YourAnimes 連結"", ""url"": ""https://youranimes.tw/animes/4294""}]"
《小酒館 Basue》的主視覺圖,2024年1月新番,1,0,"[{""title"": ""YourAnimes 連結"", ""url"": ""https://youranimes.tw/animes/4319""}]"
《我內心的糟糕念頭 第二季》的主視覺圖,2024年1月新番,2,0,"[{""title"": ""YourAnimes 連結"", ""url"": ""https://youranimes.tw/animes/4334""}]"
《公主殿下，「拷問」的時間到了》的主視覺圖,2024年1月新番,1,0,"[{""title"": ""YourAnimes 連結"", ""url"": ""https://youranimes.tw/animes/4354""}]"
《肌肉魔法使 -MASHLE- 神覺者候補選拔試驗篇》的主視覺圖,2024年1月新番,1,0,"[{""title"": ""YourAnimes 連結"", ""url"": ""https://youranimes.tw/animes/4364""}]"
《指尖相觸，戀戀不捨》的主視覺圖,2024年1月新番,1,0,"[{""title"": ""YourAnimes 連結"", ""url"": ""https://youranimes.tw/animes/4379""}]"
《如果30歲還是處男，似乎就能成為魔法師》的主視覺圖,2024年1月新番,1,0,"[{""title"": ""YourAnimes 連結"", ""url"": ""https://youranimes.tw/animes/4397""}]"
《百千家的妖怪王子》的主視覺圖,2024年1月新番,1,0,"[{""title"": ""YourAnimes 連結"", ""url"": ""https://youranimes.tw/animes/4403""}]"
《忍者神威》的主視覺圖,2024年1月新番,1,0,"[{""title"": ""YourAnimes 連結"", ""url"": ""https://youranimes.tw/animes/4431""}]"
《戰國妖狐 救世姊弟篇》的主視覺圖,2024年1月新番,1,0,"[{""title"": ""YourAnimes 連結"", ""url"": ""https://youranimes.tw/animes/4472""}]"
《輪迴七次的惡役千金，在前敵國享受隨心所欲的新婚生活》的主視覺圖,2024年1月新番,1,0,"[{""title"": ""YourAnimes 連結"", ""url"": ""https://youranimes.tw/animes/4497""}]"
《貼りまわれ！こいぬ》的主視覺圖,2024年1月新番,1,0,"[{""title"": ""YourAnimes 連結"", ""url"": ""https://youranimes.tw/animes/4536""}]"
《月刊妄想科學》的主視覺圖,2024年1月新番,1,0,"[{""title"": ""YourAnimes 連結"", ""url"": ""https://youranimes.tw/animes/4590""}]"
《奇異賢伴 黑色天使 第二季度》的主視覺圖,2024年1月新番,2,0,"[{""title"": ""YourAnimes 連結"", ""url"": ""https://youranimes.tw/animes/4701""}]"
《最強肉盾的迷宮攻略～擁有稀少技能體力9999的肉盾，被勇者隊伍辭退了～》的主視覺圖,2024年1月新番,1,0,"[{""title"": ""YourAnimes 連結"", ""url"": ""https://youranimes.tw/animes/4804""}]"
《卡片戰鬥!! 先導者 Divinez》的主視覺圖,2024年1月新番,1,0,"[{""title"": ""YourAnimes 連結"", ""url"": ""https://youranimes.tw/animes/4820""}]"
《闇芝居 第十二季》的主視覺圖,2024年1月新番,1,0,"[{""title"": ""YourAnimes 連結"", ""url"": ""https://youranimes.tw/animes/4857""}]"
《名湯「異世界溫泉」開拓記~30多歲溫泉狂熱者，轉生到悠閒的溫泉天國~》的主視覺圖,2024年1月新番,1,0,"[{""title"": ""YourAnimes 連結"", ""url"": ""https://youranimes.tw/animes/4868""}]"
《超普通県チバ伝説》的主視覺圖,2024年1月新番,1,0,"[{""title"": ""YourAnimes 連結"", ""url"": ""https://youranimes.tw/animes/4889""}]"
《美妙寵物 光之美少女》的主視覺圖,2024年1月新番,1,0,"[{""title"": ""YourAnimes 連結"", ""url"": ""https://youranimes.tw/animes/4893""}]"
《明治撃剣－1874－》的主視覺圖,2024年1月新番,1,0,"[{""title"": ""YourAnimes 連結"", ""url"": ""https://youranimes.tw/animes/4908""}]"
《忍ばない！クリプトニンジャ咲耶 弐ノ巻》的主視覺圖,2024年1月新番,1,0,"[{""title"": ""YourAnimes 連結"", ""url"": ""https://youranimes.tw/animes/4927""}]"
《最強王図鑑 ～The Ultimate Battles～》的主視覺圖,2024年1月新番,1,0,"[{""title"": ""YourAnimes 連結"", ""url"": ""https://youranimes.tw/animes/5652""}]"
《Enter The Garden：The Waiting Man -待つ男-》的主視覺圖,2024年4月新番,1,0,"[{""title"": ""YourAnimes 連結"", ""url"": ""https://youranimes.tw/animes/5407""}]"
《龍族》的主視覺圖,2024年4月新番,1,0,"[{""title"": ""YourAnimes 連結"", ""url"": ""https://youranimes.tw/animes/6381""}]"
《T·P 時光特警》的主視覺圖,2024年4月新番,1,0,"[{""title"": ""YourAnimes 連結"", ""url"": ""https://youranimes.tw/animes/4802""}]"
《SAND LAND: THE SERIES》的主視覺圖,2024年4月新番,1,0,"[{""title"": ""YourAnimes 連結"", ""url"": ""https://youranimes.tw/animes/4855""}]"
《聖鬥士星矢：黃道十二宮戰士 バトル・サンクチュアリ Part2》的主視覺圖,2024年4月新番,1,0,"[{""title"": ""YourAnimes 連結"", ""url"": ""https://youranimes.tw/animes/4856""}]"
《我們這一家 NEXT》的主視覺圖,2024年4月新番,1,0,"[{""title"": ""YourAnimes 連結"", ""url"": ""https://youranimes.tw/animes/4957""}]"
《範馬刃牙 VS 拳願阿修羅》的主視覺圖,2024年4月新番,1,0,"[{""title"": ""YourAnimes 連結"", ""url"": ""https://youranimes.tw/animes/5044""}]"
《格林童話變奏曲》的主視覺圖,2024年4月新番,1,0,"[{""title"": ""YourAnimes 連結"", ""url"": ""https://youranimes.tw/animes/5051""}]"
《餓狼傳：孤狼之道》的主視覺圖,2024年4月新番,1,0,"[{""title"": ""YourAnimes 連結"", ""url"": ""https://youranimes.tw/animes/5209""}]"
《DDDD惡魔的破壞》的主視覺圖,2024年4月新番,1,0,"[{""title"": ""YourAnimes 連結"", ""url"": ""https://youranimes.tw/animes/5295""}]"
《吹響吧！上低音號3》的主視覺圖,2024年4月新番,1,0,"[{""title"": ""YourAnimes 連結"", ""url"": ""https://youranimes.tw/animes/751""}]"
《魔法科高中的劣等生 第三季》的主視覺圖,2024年4月新番,3,0,"[{""title"": ""YourAnimes 連結"", ""url"": ""https://youranimes.tw/animes/3257""}]"
《神明渴求著遊戲。》的主視覺圖,2024年4月新番,1,0,"[{""title"": ""YourAnimes 連結"", ""url"": ""https://youranimes.tw/animes/3297""}]"
《狼與辛香料 merchant meets the wise wolf》的主視覺圖,2024年4月新番,1,0,"[{""title"": ""YourAnimes 連結"", ""url"": ""https://youranimes.tw/animes/3430""}]"
《為美好的世界獻上祝福！3》的主視覺圖,2024年4月新番,1,0,"[{""title"": ""YourAnimes 連結"", ""url"": ""https://youranimes.tw/animes/3721""}]"
《約會大作戰 第五季》的主視覺圖,2024年4月新番,5,0,"[{""title"": ""YourAnimes 連結"", ""url"": ""https://youranimes.tw/animes/3772""}]"
《HIGHSPEED Étoile 極速星舞》的主視覺圖,2024年4月新番,1,0,"[{""title"": ""YourAnimes 連結"", ""url"": ""https://youranimes.tw/animes/3802""}]"
《怪獸8號》的主視覺圖,2024年4月新番,1,0,"[{""title"": ""YourAnimes 連結"", ""url"": ""https://youranimes.tw/animes/3817""}]"
《終末的火車前往何方？》的主視覺圖,2024年4月新番,1,0,"[{""title"": ""YourAnimes 連結"", ""url"": ""https://youranimes.tw/animes/3936""}]"
《Bartender 王牌酒保： Glass of God》的主視覺圖,2024年4月新番,1,0,"[{""title"": ""YourAnimes 連結"", ""url"": ""https://youranimes.tw/animes/3946""}]"
《搖曳露營△ 第三季》的主視覺圖,2024年4月新番,3,0,"[{""title"": ""YourAnimes 連結"", ""url"": ""https://youranimes.tw/animes/3950""}]"
《身為魔王的我娶了奴隸精靈為妻，該如何表白我的愛？》的主視覺圖,2024年4月新番,1,0,"[{""title"": ""YourAnimes 連結"", ""url"": ""https://youranimes.tw/animes/3966""}]"
《轉生為第七王子，隨心所欲的魔法學習之路》的主視覺圖,2024年4月新番,1,0,"[{""title"": ""YourAnimes 連結"", ""url"": ""https://youranimes.tw/animes/3975""}]"
《關於我轉生變成史萊姆這檔事 第三季》的主視覺圖,2024年4月新番,3,0,"[{""title"": ""YourAnimes 連結"", ""url"": ""https://youranimes.tw/animes/3990""}]"
《戰隊大失格》的主視覺圖,2024年4月新番,1,0,"[{""title"": ""YourAnimes 連結"", ""url"": ""https://youranimes.tw/animes/4038""}]"
《魔王學院的不適任者～史上最強的魔王始祖，轉生就讀子孫們的學校～ II 第二季度》的主視覺圖,2024年4月新番,2,0,"[{""title"": ""YourAnimes 連結"", ""url"": ""https://youranimes.tw/animes/4043""}]"
《Unnamed Memory 無名記憶》的主視覺圖,2024年4月新番,1,0,"[{""title"": ""YourAnimes 連結"", ""url"": ""https://youranimes.tw/animes/4053""}]"
《夜櫻家大作戰》的主視覺圖,2024年4月新番,1,0,"[{""title"": ""YourAnimes 連結"", ""url"": ""https://youranimes.tw/animes/4059""}]"
《聲優廣播的幕前幕後》的主視覺圖,2024年4月新番,1,0,"[{""title"": ""YourAnimes 連結"", ""url"": ""https://youranimes.tw/animes/4070""}]"
《怪異與少女與神隱》的主視覺圖,2024年4月新番,1,0,"[{""title"": ""YourAnimes 連結"", ""url"": ""https://youranimes.tw/animes/4093""}]"
《恰如細語般的戀歌》的主視覺圖,2024年4月新番,1,0,"[{""title"": ""YourAnimes 連結"", ""url"": ""https://youranimes.tw/animes/4096""}]"
《偶像大師 閃耀色彩》的主視覺圖,2024年4月新番,1,0,"[{""title"": ""YourAnimes 連結"", ""url"": ""https://youranimes.tw/animes/4162""}]"
《夜晚的水母不會游泳》的主視覺圖,2024年4月新番,1,0,"[{""title"": ""YourAnimes 連結"", ""url"": ""https://youranimes.tw/animes/4186""}]"
《我的英雄學院 第七季》的主視覺圖,2024年4月新番,7,0,"[{""title"": ""YourAnimes 連結"", ""url"": ""https://youranimes.tw/animes/4200""}]"
《WIND BREAKER—防風少年—》的主視覺圖,2024年4月新番,1,0,"[{""title"": ""YourAnimes 連結"", ""url"": ""https://youranimes.tw/animes/4210""}]"
《少女樂團 吶喊吧》的主視覺圖,2024年4月新番,1,0,"[{""title"": ""YourAnimes 連結"", ""url"": ""https://youranimes.tw/animes/4236""}]"
《蜻蛉高球》的主視覺圖,2024年4月新番,1,0,"[{""title"": ""YourAnimes 連結"", ""url"": ""https://youranimes.tw/animes/4260""}]"
《轉生貴族憑鑑定技能扭轉人生》的主視覺圖,2024年4月新番,1,0,"[{""title"": ""YourAnimes 連結"", ""url"": ""https://youranimes.tw/animes/4267""}]"
《花野井同學與戀愛病》的主視覺圖,2024年4月新番,1,0,"[{""title"": ""YourAnimes 連結"", ""url"": ""https://youranimes.tw/animes/4312""}]"
《鬼滅之刃：柱訓練篇》的主視覺圖,2024年4月新番,1,0,"[{""title"": ""YourAnimes 連結"", ""url"": ""https://youranimes.tw/animes/4335""}]"
《被稱為廢物的原英雄，被家裡流放後隨心所欲地活下去》的主視覺圖,2024年4月新番,1,0,"[{""title"": ""YourAnimes 連結"", ""url"": ""https://youranimes.tw/animes/4338""}]"
《黑執事 寄宿學校篇》的主視覺圖,2024年4月新番,1,0,"[{""title"": ""YourAnimes 連結"", ""url"": ""https://youranimes.tw/animes/4375""}]"
《怪人的沙拉碗》的主視覺圖,2024年4月新番,1,0,"[{""title"": ""YourAnimes 連結"", ""url"": ""https://youranimes.tw/animes/4381""}]"
《無職轉生～到了異世界就拿出真本事～ 第二季 第二季度》的主視覺圖,2024年4月新番,2,0,"[{""title"": ""YourAnimes 連結"", ""url"": ""https://youranimes.tw/animes/4382""}]"
《殺手寓言》的主視覺圖,2024年4月新番,1,0,"[{""title"": ""YourAnimes 連結"", ""url"": ""https://youranimes.tw/animes/4385""}]"
《蔚藍檔案 The Animation》的主視覺圖,2024年4月新番,1,0,"[{""title"": ""YourAnimes 連結"", ""url"": ""https://youranimes.tw/animes/4435""}]"
《隔壁的妖怪鄰居》的主視覺圖,2024年4月新番,1,0,"[{""title"": ""YourAnimes 連結"", ""url"": ""https://youranimes.tw/animes/4440""}]"
《失憶投捕》的主視覺圖,2024年4月新番,1,0,"[{""title"": ""YourAnimes 連結"", ""url"": ""https://youranimes.tw/animes/4448""}]"
《老夫老妻重返青春》的主視覺圖,2024年4月新番,1,0,"[{""title"": ""YourAnimes 連結"", ""url"": ""https://youranimes.tw/animes/4470""}]"
《Re:Monster》的主視覺圖,2024年4月新番,1,0,"[{""title"": ""YourAnimes 連結"", ""url"": ""https://youranimes.tw/animes/4593""}]"
《死神少爺與黑女僕 第三季》的主視覺圖,2024年4月新番,3,0,"[{""title"": ""YourAnimes 連結"", ""url"": ""https://youranimes.tw/animes/4702""}]"
《我回來了、歡迎回家》的主視覺圖,2024年4月新番,1,0,"[{""title"": ""YourAnimes 連結"", ""url"": ""https://youranimes.tw/animes/4790""}]"
《單人房、日照一般、附天使。》的主視覺圖,2024年4月新番,1,0,"[{""title"": ""YourAnimes 連結"", ""url"": ""https://youranimes.tw/animes/4801""}]"
《從Lv2開始開外掛的前勇者候補過著悠哉異世界生活》的主視覺圖,2024年4月新番,1,0,"[{""title"": ""YourAnimes 連結"", ""url"": ""https://youranimes.tw/animes/4819""}]"
《烏鴉不擇主》的主視覺圖,2024年4月新番,1,0,"[{""title"": ""YourAnimes 連結"", ""url"": ""https://youranimes.tw/animes/4826""}]"
《吸血鬼男子宿舍》的主視覺圖,2024年4月新番,1,0,"[{""title"": ""YourAnimes 連結"", ""url"": ""https://youranimes.tw/animes/4833""}]"
《THE NEW GATE》的主視覺圖,2024年4月新番,1,0,"[{""title"": ""YourAnimes 連結"", ""url"": ""https://youranimes.tw/animes/4849""}]"
《RINKAI！競輪少女》的主視覺圖,2024年4月新番,1,0,"[{""title"": ""YourAnimes 連結"", ""url"": ""https://youranimes.tw/animes/4867""}]"
《星際莊的戀愛日記》的主視覺圖,2024年4月新番,1,0,"[{""title"": ""YourAnimes 連結"", ""url"": ""https://youranimes.tw/animes/4879""}]"
《秘密的偶像公主》的主視覺圖,2024年4月新番,1,0,"[{""title"": ""YourAnimes 連結"", ""url"": ""https://youranimes.tw/animes/4894""}]"
《闇影詩章F（フレイム）アーク編》的主視覺圖,2024年4月新番,1,0,"[{""title"": ""YourAnimes 連結"", ""url"": ""https://youranimes.tw/animes/4928""}]"
《Love Live！虹咲學園學園偶像同好會 短篇動畫2》的主視覺圖,2024年4月新番,1,0,"[{""title"": ""YourAnimes 連結"", ""url"": ""https://youranimes.tw/animes/4933""}]"
《新幹線變形機器人-變革世代》的主視覺圖,2024年4月新番,1,0,"[{""title"": ""YourAnimes 連結"", ""url"": ""https://youranimes.tw/animes/4935""}]"
《雀魂 KANG!!》的主視覺圖,2024年4月新番,1,0,"[{""title"": ""YourAnimes 連結"", ""url"": ""https://youranimes.tw/animes/4947""}]"
《刀劍亂舞 迴 虛傳 燃燒的本能寺》的主視覺圖,2024年4月新番,1,0,"[{""title"": ""YourAnimes 連結"", ""url"": ""https://youranimes.tw/animes/4954""}]"
《格鬥實況》的主視覺圖,2024年4月新番,1,0,"[{""title"": ""YourAnimes 連結"", ""url"": ""https://youranimes.tw/animes/4986""}]"
《ちびゴジラの逆襲 続編》的主視覺圖,2024年4月新番,1,0,"[{""title"": ""YourAnimes 連結"", ""url"": ""https://youranimes.tw/animes/5020""}]"
《クマーバ》的主視覺圖,2024年4月新番,1,0,"[{""title"": ""YourAnimes 連結"", ""url"": ""https://youranimes.tw/animes/5031""}]"
《ユーチューニャー 新作》的主視覺圖,2024年4月新番,1,0,"[{""title"": ""YourAnimes 連結"", ""url"": ""https://youranimes.tw/animes/5032""}]"
《SHIBUYA♡HACHI》的主視覺圖,2024年4月新番,1,0,"[{""title"": ""YourAnimes 連結"", ""url"": ""https://youranimes.tw/animes/5033""}]"
《まぁるい彼女と残念な彼氏》的主視覺圖,2024年4月新番,1,0,"[{""title"": ""YourAnimes 連結"", ""url"": ""https://youranimes.tw/animes/5213""}]"
《Nyaaaanvy》的主視覺圖,2024年4月新番,1,0,"[{""title"": ""YourAnimes 連結"", ""url"": ""https://youranimes.tw/animes/5238""}]"
《只想告訴你 第三季》的主視覺圖,2024年7月新番,3,0,"[{""title"": ""YourAnimes 連結"", ""url"": ""https://youranimes.tw/animes/4519""}]"
《拳願阿修羅 第二季 Part 2》的主視覺圖,2024年7月新番,2,0,"[{""title"": ""YourAnimes 連結"", ""url"": ""https://youranimes.tw/animes/4619""}]"
《Rising Impact 高爾夫物語》的主視覺圖,2024年7月新番,1,0,"[{""title"": ""YourAnimes 連結"", ""url"": ""https://youranimes.tw/animes/4902""}]"
《Rising Impact 高爾夫物語 第二季》的主視覺圖,2024年7月新番,2,0,"[{""title"": ""YourAnimes 連結"", ""url"": ""https://youranimes.tw/animes/4903""}]"
《物語系列 第外季&第怪季》的主視覺圖,2024年7月新番,1,0,"[{""title"": ""YourAnimes 連結"", ""url"": ""https://youranimes.tw/animes/4960""}]"
《T·P 時光特警 第二季》的主視覺圖,2024年7月新番,2,0,"[{""title"": ""YourAnimes 連結"", ""url"": ""https://youranimes.tw/animes/5046""}]"
《魔鬼終結者 Zero》的主視覺圖,2024年7月新番,1,0,"[{""title"": ""YourAnimes 連結"", ""url"": ""https://youranimes.tw/animes/5343""}]"
《Fate/Grand Order 搞不懂的藤丸立香 第二季》的主視覺圖,2024年7月新番,2,0,"[{""title"": ""YourAnimes 連結"", ""url"": ""https://youranimes.tw/animes/5398""}]"
《物語系列 第外季&第怪季 殘酷童話 國色天香姬》的主視覺圖,2024年7月新番,1,0,"[{""title"": ""YourAnimes 連結"", ""url"": ""https://youranimes.tw/animes/5531""}]"
《FAIRY TAIL 魔導少年：百年任務》的主視覺圖,2024年7月新番,1,0,"[{""title"": ""YourAnimes 連結"", ""url"": ""https://youranimes.tw/animes/2823""}]"
《異世界失格》的主視覺圖,2024年7月新番,1,0,"[{""title"": ""YourAnimes 連結"", ""url"": ""https://youranimes.tw/animes/3800""}]"
《義妹生活》的主視覺圖,2024年7月新番,1,0,"[{""title"": ""YourAnimes 連結"", ""url"": ""https://youranimes.tw/animes/3811""}]"
《神之塔 -Tower of God- 第二季》的主視覺圖,2024年7月新番,2,0,"[{""title"": ""YourAnimes 連結"", ""url"": ""https://youranimes.tw/animes/3824""}]"
《ATRI -My Dear Moments-》的主視覺圖,2024年7月新番,1,0,"[{""title"": ""YourAnimes 連結"", ""url"": ""https://youranimes.tw/animes/3898""}]"
《2.5次元的誘惑》的主視覺圖,2024年7月新番,1,0,"[{""title"": ""YourAnimes 連結"", ""url"": ""https://youranimes.tw/animes/4044""}]"
《身為VTuber的我因為忘記關台而成了傳說》的主視覺圖,2024年7月新番,1,0,"[{""title"": ""YourAnimes 連結"", ""url"": ""https://youranimes.tw/animes/4102""}]"
《金肉人 完美超人始祖篇》的主視覺圖,2024年7月新番,1,0,"[{""title"": ""YourAnimes 連結"", ""url"": ""https://youranimes.tw/animes/4157""}]"
《不時輕聲地以俄語遮羞的鄰座艾莉同學》的主視覺圖,2024年7月新番,1,0,"[{""title"": ""YourAnimes 連結"", ""url"": ""https://youranimes.tw/animes/4158""}]"
《擅長逃跑的殿下》的主視覺圖,2024年7月新番,1,0,"[{""title"": ""YourAnimes 連結"", ""url"": ""https://youranimes.tw/animes/4164""}]"
《這個世界漏洞百出》的主視覺圖,2024年7月新番,1,0,"[{""title"": ""YourAnimes 連結"", ""url"": ""https://youranimes.tw/animes/4185""}]"
《學姊是男孩》的主視覺圖,2024年7月新番,1,0,"[{""title"": ""YourAnimes 連結"", ""url"": ""https://youranimes.tw/animes/4196""}]"
《新人大叔冒險者，被最強隊伍操到死成無敵》的主視覺圖,2024年7月新番,1,0,"[{""title"": ""YourAnimes 連結"", ""url"": ""https://youranimes.tw/animes/4212""}]"
《模擬後宮體驗 》的主視覺圖,2024年7月新番,1,0,"[{""title"": ""YourAnimes 連結"", ""url"": ""https://youranimes.tw/animes/4226""}]"
《女神咖啡廳 第二季》的主視覺圖,2024年7月新番,2,0,"[{""title"": ""YourAnimes 連結"", ""url"": ""https://youranimes.tw/animes/4345""}]"
《【我推的孩子】第二季》的主視覺圖,2024年7月新番,2,0,"[{""title"": ""YourAnimes 連結"", ""url"": ""https://youranimes.tw/animes/4359""}]"
《黃昏光影》的主視覺圖,2024年7月新番,1,0,"[{""title"": ""YourAnimes 連結"", ""url"": ""https://youranimes.tw/animes/4374""}]"
《異世界自殺突擊隊》的主視覺圖,2024年7月新番,1,0,"[{""title"": ""YourAnimes 連結"", ""url"": ""https://youranimes.tw/animes/4376""}]"
《雙生戀情密不可分》的主視覺圖,2024年7月新番,1,0,"[{""title"": ""YourAnimes 連結"", ""url"": ""https://youranimes.tw/animes/4401""}]"
《為何我的世界被遺忘了？》的主視覺圖,2024年7月新番,1,0,"[{""title"": ""YourAnimes 連結"", ""url"": ""https://youranimes.tw/animes/4433""}]"
《尼爾：自動人形 Ver1.1a 第二季度》的主視覺圖,2024年7月新番,2,0,"[{""title"": ""YourAnimes 連結"", ""url"": ""https://youranimes.tw/animes/4434""}]"
《Delicoʼs Nursery》的主視覺圖,2024年7月新番,1,0,"[{""title"": ""YourAnimes 連結"", ""url"": ""https://youranimes.tw/animes/4452""}]"
《金剛戰神U》的主視覺圖,2024年7月新番,1,0,"[{""title"": ""YourAnimes 連結"", ""url"": ""https://youranimes.tw/animes/4454""}]"
《 地下城中的人》的主視覺圖,2024年7月新番,1,0,"[{""title"": ""YourAnimes 連結"", ""url"": ""https://youranimes.tw/animes/4491""}]"
《魔導具師妲莉亞永不妥協》的主視覺圖,2024年7月新番,1,0,"[{""title"": ""YourAnimes 連結"", ""url"": ""https://youranimes.tw/animes/4510""}]"
《再見，地球》的主視覺圖,2024年7月新番,1,0,"[{""title"": ""YourAnimes 連結"", ""url"": ""https://youranimes.tw/animes/4815""}]"
《我要【招架】一切～反誤解的世界最強想成為冒險家～》的主視覺圖,2024年7月新番,1,0,"[{""title"": ""YourAnimes 連結"", ""url"": ""https://youranimes.tw/animes/4842""}]"
《菜なれ花なれ》的主視覺圖,2024年7月新番,1,0,"[{""title"": ""YourAnimes 連結"", ""url"": ""https://youranimes.tw/animes/4850""}]"
《曾經、魔法少女和邪惡相互為敵。》的主視覺圖,2024年7月新番,1,0,"[{""title"": ""YourAnimes 連結"", ""url"": ""https://youranimes.tw/animes/4859""}]"
《拉麵赤貓》的主視覺圖,2024年7月新番,1,0,"[{""title"": ""YourAnimes 連結"", ""url"": ""https://youranimes.tw/animes/4869""}]"
《異世界悠閒紀行～邊養娃邊當冒險者～》的主視覺圖,2024年7月新番,1,0,"[{""title"": ""YourAnimes 連結"", ""url"": ""https://youranimes.tw/animes/4875""}]"
《敗北女角太多了！》的主視覺圖,2024年7月新番,1,0,"[{""title"": ""YourAnimes 連結"", ""url"": ""https://youranimes.tw/animes/4914""}]"
《SHY 靦腆英雄 東京奪回篇》的主視覺圖,2024年7月新番,1,0,"[{""title"": ""YourAnimes 連結"", ""url"": ""https://youranimes.tw/animes/4923""}]"
《從路人角色開始的探索英雄譚》的主視覺圖,2024年7月新番,1,0,"[{""title"": ""YourAnimes 連結"", ""url"": ""https://youranimes.tw/animes/4936""}]"
《小市民系列》的主視覺圖,2024年7月新番,1,0,"[{""title"": ""YourAnimes 連結"", ""url"": ""https://youranimes.tw/animes/4952""}]"
《精靈小姐瘦不了》的主視覺圖,2024年7月新番,1,0,"[{""title"": ""YourAnimes 連結"", ""url"": ""https://youranimes.tw/animes/4958""}]"
《魔王軍最強的魔術師是人類》的主視覺圖,2024年7月新番,1,0,"[{""title"": ""YourAnimes 連結"", ""url"": ""https://youranimes.tw/animes/4961""}]"
《靠廢柴技能【狀態異常】成為最強的我將蹂躪一切》的主視覺圖,2024年7月新番,1,0,"[{""title"": ""YourAnimes 連結"", ""url"": ""https://youranimes.tw/animes/4964""}]"
《深夜Punch》的主視覺圖,2024年7月新番,1,0,"[{""title"": ""YourAnimes 連結"", ""url"": ""https://youranimes.tw/animes/4971""}]"
《多數欠》的主視覺圖,2024年7月新番,1,0,"[{""title"": ""YourAnimes 連結"", ""url"": ""https://youranimes.tw/animes/4972""}]"
《杖與劍的魔劍譚》的主視覺圖,2024年7月新番,1,0,"[{""title"": ""YourAnimes 連結"", ""url"": ""https://youranimes.tw/animes/4981""}]"
《奇奇的美好冒險：快樂暑假》的主視覺圖,2024年7月新番,1,0,"[{""title"": ""YourAnimes 連結"", ""url"": ""https://youranimes.tw/animes/5003""}]"
《我的妻子不具感情》的主視覺圖,2024年7月新番,1,0,"[{""title"": ""YourAnimes 連結"", ""url"": ""https://youranimes.tw/animes/5015""}]"
《天穗之咲稻姬》的主視覺圖,2024年7月新番,1,0,"[{""title"": ""YourAnimes 連結"", ""url"": ""https://youranimes.tw/animes/5021""}]"
《鹿乃子乃子乃子虎視眈眈》的主視覺圖,2024年7月新番,1,0,"[{""title"": ""YourAnimes 連結"", ""url"": ""https://youranimes.tw/animes/5026""}]"
《貼りまわれ！こいぬ 第二季》的主視覺圖,2024年7月新番,2,0,"[{""title"": ""YourAnimes 連結"", ""url"": ""https://youranimes.tw/animes/5043""}]"
《現代誤譯》的主視覺圖,2024年7月新番,1,0,"[{""title"": ""YourAnimes 連結"", ""url"": ""https://youranimes.tw/animes/5049""}]"
《戰國妖狐 千魔混沌篇》的主視覺圖,2024年7月新番,1,0,"[{""title"": ""YourAnimes 連結"", ""url"": ""https://youranimes.tw/animes/5075""}]"
《哎咕島消失的舔甜歌姬》的主視覺圖,2024年7月新番,1,0,"[{""title"": ""YourAnimes 連結"", ""url"": ""https://youranimes.tw/animes/5205""}]"
《JOCHUM》的主視覺圖,2024年7月新番,1,0,"[{""title"": ""YourAnimes 連結"", ""url"": ""https://youranimes.tw/animes/5206""}]"
《卡片戰鬥!! 先導者 Divinez 第二季》的主視覺圖,2024年7月新番,2,0,"[{""title"": ""YourAnimes 連結"", ""url"": ""https://youranimes.tw/animes/5207""}]"
《0歲幼兒全力衝刺開展第二人生》的主視覺圖,2024年7月新番,1,0,"[{""title"": ""YourAnimes 連結"", ""url"": ""https://youranimes.tw/animes/5265""}]"
《闇芝居 第十三季》的主視覺圖,2024年7月新番,1,0,"[{""title"": ""YourAnimes 連結"", ""url"": ""https://youranimes.tw/animes/5272""}]"
《未来の黒幕系悪役令嬢モリアーティーの異世界完全犯罪白書》的主視覺圖,2024年7月新番,1,0,"[{""title"": ""YourAnimes 連結"", ""url"": ""https://youranimes.tw/animes/5280""}]"
《監禁區域Level X》的主視覺圖,2024年7月新番,1,0,"[{""title"": ""YourAnimes 連結"", ""url"": ""https://youranimes.tw/animes/5408""}]"
《ななし怪談公式 第三季》的主視覺圖,2024年7月新番,3,0,"[{""title"": ""YourAnimes 連結"", ""url"": ""https://youranimes.tw/animes/5433""}]"
《 Re：從零開始的異世界生活 第三季 襲撃篇》的主視覺圖,2024年10月新番,3,0,"[{""title"": ""YourAnimes 連結"", ""url"": ""https://youranimes.tw/animes/4198""}]"
《香格里拉・開拓異境～糞作獵手挑戰神作～ 第二季》的主視覺圖,2024年10月新番,2,0,"[{""title"": ""YourAnimes 連結"", ""url"": ""https://youranimes.tw/animes/5068""}]"
《膽大黨》的主視覺圖,2024年10月新番,1,0,"[{""title"": ""YourAnimes 連結"", ""url"": ""https://youranimes.tw/animes/4870""}]"
《地。-關於地球的運動-》的主視覺圖,2024年10月新番,1,0,"[{""title"": ""YourAnimes 連結"", ""url"": ""https://youranimes.tw/animes/3775""}]"
《平凡職業造就世界最強 第三季》的主視覺圖,2024年10月新番,3,0,"[{""title"": ""YourAnimes 連結"", ""url"": ""https://youranimes.tw/animes/3870""}]"
《藍色監獄 VS. U-20 日本代表隊》的主視覺圖,2024年10月新番,1,0,"[{""title"": ""YourAnimes 連結"", ""url"": ""https://youranimes.tw/animes/4203""}]"
《在地下城尋求邂逅是否搞錯了什麼 第五季 豐饒女神篇》的主視覺圖,2024年10月新番,5,0,"[{""title"": ""YourAnimes 連結"", ""url"": ""https://youranimes.tw/animes/4844""}]"
《轉生貴族憑鑑定技能扭轉人生 第二季》的主視覺圖,2024年10月新番,2,0,"[{""title"": ""YourAnimes 連結"", ""url"": ""https://youranimes.tw/animes/5301""}]"
《刀劍神域外傳 Gun Gale Online Ⅱ》的主視覺圖,2024年10月新番,1,0,"[{""title"": ""YourAnimes 連結"", ""url"": ""https://youranimes.tw/animes/4399""}]"
《青春之箱》的主視覺圖,2024年10月新番,1,0,"[{""title"": ""YourAnimes 連結"", ""url"": ""https://youranimes.tw/animes/4860""}]"
《女僕冥土小姐。》的主視覺圖,2024年10月新番,1,0,"[{""title"": ""YourAnimes 連結"", ""url"": ""https://youranimes.tw/animes/4929""}]"
《亂馬1/2（2024）》的主視覺圖,2024年10月新番,1,0,"[{""title"": ""YourAnimes 連結"", ""url"": ""https://youranimes.tw/animes/5306""}]"
《BLEACH 死神 千年血戰篇 -相剋譚-》的主視覺圖,2024年10月新番,1,0,"[{""title"": ""YourAnimes 連結"", ""url"": ""https://youranimes.tw/animes/4800""}]"
《最狂輔助職業【話術士】世界最強戰團聽我號令》的主視覺圖,2024年10月新番,1,0,"[{""title"": ""YourAnimes 連結"", ""url"": ""https://youranimes.tw/animes/5208""}]"
《孤單一人的異世界攻略》的主視覺圖,2024年10月新番,1,0,"[{""title"": ""YourAnimes 連結"", ""url"": ""https://youranimes.tw/animes/4963""}]"
《妻子變成小學生。》的主視覺圖,2024年10月新番,1,0,"[{""title"": ""YourAnimes 連結"", ""url"": ""https://youranimes.tw/animes/4155""}]"
《鴨乃橋論的禁忌推理 第二季》的主視覺圖,2024年10月新番,2,0,"[{""title"": ""YourAnimes 連結"", ""url"": ""https://youranimes.tw/animes/4934""}]"
《精靈幻想記2》的主視覺圖,2024年10月新番,1,0,"[{""title"": ""YourAnimes 連結"", ""url"": ""https://youranimes.tw/animes/3081""}]"
《重啟人生的千金小姐正在攻略龍帝陛下》的主視覺圖,2024年10月新番,1,0,"[{""title"": ""YourAnimes 連結"", ""url"": ""https://youranimes.tw/animes/4797""}]"
《結緣甘神神社》的主視覺圖,2024年10月新番,1,0,"[{""title"": ""YourAnimes 連結"", ""url"": ""https://youranimes.tw/animes/4231""}]"
《聽說你們要結婚!?》的主視覺圖,2024年10月新番,1,0,"[{""title"": ""YourAnimes 連結"", ""url"": ""https://youranimes.tw/animes/4237""}]"
《成為名留歷史的壞女人吧》的主視覺圖,2024年10月新番,1,0,"[{""title"": ""YourAnimes 連結"", ""url"": ""https://youranimes.tw/animes/4471""}]"
《夏目友人帳 第七季》的主視覺圖,2024年10月新番,7,0,"[{""title"": ""YourAnimes 連結"", ""url"": ""https://youranimes.tw/animes/4365""}]"
《BEASTARS FINAL SEASON》的主視覺圖,2024年10月新番,1,0,"[{""title"": ""YourAnimes 連結"", ""url"": ""https://youranimes.tw/animes/3055""}]"
《再見龍生，你好人生》的主視覺圖,2024年10月新番,1,0,"[{""title"": ""YourAnimes 連結"", ""url"": ""https://youranimes.tw/animes/5028""}]"
《放學後少年花子君 續篇》的主視覺圖,2024年10月新番,1,0,"[{""title"": ""YourAnimes 連結"", ""url"": ""https://youranimes.tw/animes/4851""}]"
《唯願來世不相識》的主視覺圖,2024年10月新番,1,0,"[{""title"": ""YourAnimes 連結"", ""url"": ""https://youranimes.tw/animes/4822""}]"
《去參加聯誼，卻發現完全沒有女生在場》的主視覺圖,2024年10月新番,1,0,"[{""title"": ""YourAnimes 連結"", ""url"": ""https://youranimes.tw/animes/4803""}]"
《被逐出隊伍的治癒師，其實是最強的》的主視覺圖,2024年10月新番,1,0,"[{""title"": ""YourAnimes 連結"", ""url"": ""https://youranimes.tw/animes/4970""}]"
《嘆氣的亡靈想隱退》的主視覺圖,2024年10月新番,1,0,"[{""title"": ""YourAnimes 連結"", ""url"": ""https://youranimes.tw/animes/5001""}]"
《百姓貴族 第二季》的主視覺圖,2024年10月新番,2,0,"[{""title"": ""YourAnimes 連結"", ""url"": ""https://youranimes.tw/animes/4922""}]"
《妖怪學校的菜鳥老師！》的主視覺圖,2024年10月新番,1,0,"[{""title"": ""YourAnimes 連結"", ""url"": ""https://youranimes.tw/animes/4916""}]"
《青之驅魔師  雪之盡頭篇》的主視覺圖,2024年10月新番,1,0,"[{""title"": ""YourAnimes 連結"", ""url"": ""https://youranimes.tw/animes/5053""}]"
《星辰墜落之國的妮娜》的主視覺圖,2024年10月新番,1,0,"[{""title"": ""YourAnimes 連結"", ""url"": ""https://youranimes.tw/animes/4877""}]"
《魔法光源股份有限公司》的主視覺圖,2024年10月新番,1,0,"[{""title"": ""YourAnimes 連結"", ""url"": ""https://youranimes.tw/animes/4872""}]"
《魔王2099》的主視覺圖,2024年10月新番,1,0,"[{""title"": ""YourAnimes 連結"", ""url"": ""https://youranimes.tw/animes/4194""}]"
《神劍闖江湖 －明治劍客浪漫譚－  (2023) 京都動亂篇》的主視覺圖,2024年10月新番,1,0,"[{""title"": ""YourAnimes 連結"", ""url"": ""https://youranimes.tw/animes/4918""}]"
《MF Ghost 燃油車鬥魂 2nd Season》的主視覺圖,2024年10月新番,1,0,"[{""title"": ""YourAnimes 連結"", ""url"": ""https://youranimes.tw/animes/4921""}]"
《一兆＄遊戲》的主視覺圖,2024年10月新番,1,0,"[{""title"": ""YourAnimes 連結"", ""url"": ""https://youranimes.tw/animes/4552""}]"
《七龍珠DAIMA》的主視覺圖,2024年10月新番,1,0,"[{""title"": ""YourAnimes 連結"", ""url"": ""https://youranimes.tw/animes/4814""}]"
《村井之戀》的主視覺圖,2024年10月新番,1,0,"[{""title"": ""YourAnimes 連結"", ""url"": ""https://youranimes.tw/animes/3752""}]"
《悲喜漁生》的主視覺圖,2024年10月新番,1,0,"[{""title"": ""YourAnimes 連結"", ""url"": ""https://youranimes.tw/animes/5392""}]"
《凍牌~地下麻將鬥牌錄~》的主視覺圖,2024年10月新番,1,0,"[{""title"": ""YourAnimes 連結"", ""url"": ""https://youranimes.tw/animes/4951""}]"
《青之壬生浪》的主視覺圖,2024年10月新番,1,0,"[{""title"": ""YourAnimes 連結"", ""url"": ""https://youranimes.tw/animes/4538""}]"
《名偵探柯南：亂步宅邸殺人事》的主視覺圖,2024年10月新番,1,0,"[{""title"": ""YourAnimes 連結"", ""url"": ""https://youranimes.tw/animes/5468""}]"
《當不成魔法師的女孩》的主視覺圖,2024年10月新番,1,0,"[{""title"": ""YourAnimes 連結"", ""url"": ""https://youranimes.tw/animes/5002""}]"
《カミエラビ GOD.app 第二季》的主視覺圖,2024年10月新番,2,0,"[{""title"": ""YourAnimes 連結"", ""url"": ""https://youranimes.tw/animes/4925""}]"
《機動戰士鋼彈：復仇的安魂曲》的主視覺圖,2024年10月新番,1,0,"[{""title"": ""YourAnimes 連結"", ""url"": ""https://youranimes.tw/animes/4371""}]"
《漩渦》的主視覺圖,2024年10月新番,1,0,"[{""title"": ""YourAnimes 連結"", ""url"": ""https://youranimes.tw/animes/5379""}]"
《新網球王子 U-17世界盃 SEMIFINAL》的主視覺圖,2024年10月新番,1,0,"[{""title"": ""YourAnimes 連結"", ""url"": ""https://youranimes.tw/animes/4300""}]"
《Love Live！Superstar!! 第三季》的主視覺圖,2024年10月新番,3,0,"[{""title"": ""YourAnimes 連結"", ""url"": ""https://youranimes.tw/animes/3933""}]"
《魔王陛下，RETRY！R》的主視覺圖,2024年10月新番,1,0,"[{""title"": ""YourAnimes 連結"", ""url"": ""https://youranimes.tw/animes/4500""}]"
《轉生成貓咪的大叔》的主視覺圖,2024年10月新番,1,0,"[{""title"": ""YourAnimes 連結"", ""url"": ""https://youranimes.tw/animes/5025""}]"
《七大罪 啟示錄四騎士 第二季》的主視覺圖,2024年10月新番,2,0,"[{""title"": ""YourAnimes 連結"", ""url"": ""https://youranimes.tw/animes/5047""}]"
《Thunderbolt Fantasy 東離劍遊紀 第四季》的主視覺圖,2024年10月新番,4,0,"[{""title"": ""YourAnimes 連結"", ""url"": ""https://youranimes.tw/animes/3301""}]"
《機械臂》的主視覺圖,2024年10月新番,1,0,"[{""title"": ""YourAnimes 連結"", ""url"": ""https://youranimes.tw/animes/3878""}]"
《常軌脫離Creative》的主視覺圖,2024年10月新番,1,0,"[{""title"": ""YourAnimes 連結"", ""url"": ""https://youranimes.tw/animes/4363""}]"
《Duel Masters LOST～追憶の水晶～》的主視覺圖,2024年10月新番,1,0,"[{""title"": ""YourAnimes 連結"", ""url"": ""https://youranimes.tw/animes/5019""}]"
《Acro Trip 頂尖惡路》的主視覺圖,2024年10月新番,1,0,"[{""title"": ""YourAnimes 連結"", ""url"": ""https://youranimes.tw/animes/4033""}]"
《科學×冒險生存！》的主視覺圖,2024年10月新番,1,0,"[{""title"": ""YourAnimes 連結"", ""url"": ""https://youranimes.tw/animes/4995""}]"
《蜻蛉高球 第二季》的主視覺圖,2024年10月新番,2,0,"[{""title"": ""YourAnimes 連結"", ""url"": ""https://youranimes.tw/animes/5315""}]"
《香菇犬》的主視覺圖,2024年10月新番,1,0,"[{""title"": ""YourAnimes 連結"", ""url"": ""https://youranimes.tw/animes/5234""}]"
《阿薩里爾未來的民間故事2》的主視覺圖,2024年10月新番,1,0,"[{""title"": ""YourAnimes 連結"", ""url"": ""https://youranimes.tw/animes/5406""}]"
《噗妮露是可愛史萊姆》的主視覺圖,2024年10月新番,1,0,"[{""title"": ""YourAnimes 連結"", ""url"": ""https://youranimes.tw/animes/4913""}]"
《偶像大師 閃耀色彩 第二季》的主視覺圖,2024年10月新番,2,0,"[{""title"": ""YourAnimes 連結"", ""url"": ""https://youranimes.tw/animes/5018""}]"
《今晚有貓伴身邊 第三季》的主視覺圖,2024年10月新番,3,0,"[{""title"": ""YourAnimes 連結"", ""url"": ""https://youranimes.tw/animes/5008""}]"
《軟軟噗尼寵物小精靈2》的主視覺圖,2024年10月新番,1,0,"[{""title"": ""YourAnimes 連結"", ""url"": ""https://youranimes.tw/animes/5413""}]"
《殿と犬》的主視覺圖,2024年10月新番,1,0,"[{""title"": ""YourAnimes 連結"", ""url"": ""https://youranimes.tw/animes/4969""}]"
《Murder Mystery of the Dead》的主視覺圖,2024年10月新番,1,0,"[{""title"": ""YourAnimes 連結"", ""url"": ""https://youranimes.tw/animes/5469""}]"
《香蕉喵遊世界》的主視覺圖,2024年10月新番,1,0,"[{""title"": ""YourAnimes 連結"", ""url"": ""https://youranimes.tw/animes/5435""}]"
《樂天胖達！》的主視覺圖,2024年10月新番,1,0,"[{""title"": ""YourAnimes 連結"", ""url"": ""https://youranimes.tw/animes/5220""}]"
《クマーバ Season 2》的主視覺圖,2024年10月新番,1,0,"[{""title"": ""YourAnimes 連結"", ""url"": ""https://youranimes.tw/animes/5376""}]"
《SHIBUYA♡HACHI 第二季度》的主視覺圖,2024年10月新番,2,0,"[{""title"": ""YourAnimes 連結"", ""url"": ""https://youranimes.tw/animes/5405""}]"
《ぽちゃーズ》的主視覺圖,2024年10月新番,1,0,"[{""title"": ""YourAnimes 連結"", ""url"": ""https://youranimes.tw/animes/5465""}]"
《東京暗遞》的主視覺圖,2024年10月新番,1,0,"[{""title"": ""YourAnimes 連結"", ""url"": ""https://youranimes.tw/animes/5527""}]"
《酷洛米的繽紛旅程 〜はちゃめちゃ！マルチバース大脱出！〜》的主視覺圖,2024年10月新番,1,0,"[{""title"": ""YourAnimes 連結"", ""url"": ""https://youranimes.tw/animes/5530""}]"
《ONE PIECE FAN LETTER》的主視覺圖,2024年10月新番,1,0,"[{""title"": ""YourAnimes 連結"", ""url"": ""https://youranimes.tw/animes/5496""}]"
《まぁるい彼女と残念な彼氏 第二季》的主視覺圖,2024年10月新番,2,0,"[{""title"": ""YourAnimes 連結"", ""url"": ""https://youranimes.tw/animes/5478""}]"
《HIGH CARD 至高之牌「百花綻放」》的主視覺圖,2024年10月新番,1,0,"[{""title"": ""YourAnimes 連結"", ""url"": ""https://youranimes.tw/animes/5057""}]"
《さとりいぬ》的主視覺圖,2024年10月新番,1,0,"[{""title"": ""YourAnimes 連結"", ""url"": ""https://youranimes.tw/animes/5560""}]"
《Duel Masters LOST〜月下の死神〜》的主視覺圖,2024年10月新番,1,0,"[{""title"": ""YourAnimes 連結"", ""url"": ""https://youranimes.tw/animes/5600""}]"
《どこでもマキバオー》的主視覺圖,2024年10月新番,1,0,"[{""title"": ""YourAnimes 連結"", ""url"": ""https://youranimes.tw/animes/5621""}]"
《藥師少女的獨語 第二季》的主視覺圖,2025年1月新番,2,0,"[{""title"": ""YourAnimes 連結"", ""url"": ""https://youranimes.tw/animes/5054""}]"
《我獨自升級 第二季 －起於闇影－》的主視覺圖,2025年1月新番,2,0,"[{""title"": ""YourAnimes 連結"", ""url"": ""https://youranimes.tw/animes/5060""}]"
《SAKAMOTO DAYS 坂本日常》的主視覺圖,2025年1月新番,1,0,"[{""title"": ""YourAnimes 連結"", ""url"": ""https://youranimes.tw/animes/5251""}]"
《超超超超超喜歡你的100個女朋友 第二季》的主視覺圖,2025年1月新番,2,0,"[{""title"": ""YourAnimes 連結"", ""url"": ""https://youranimes.tw/animes/4932""}]"
《雖然是公會的櫃檯小姐，但因為不想加班所以打算獨自討伐迷宮頭目》的主視覺圖,2025年1月新番,1,0,"[{""title"": ""YourAnimes 連結"", ""url"": ""https://youranimes.tw/animes/4402""}]"
《全修。》的主視覺圖,2025年1月新番,1,0,"[{""title"": ""YourAnimes 連結"", ""url"": ""https://youranimes.tw/animes/5039""}]"
《BanG Dream! Ave Mujica》的主視覺圖,2025年1月新番,1,0,"[{""title"": ""YourAnimes 連結"", ""url"": ""https://youranimes.tw/animes/4542""}]"
《我的幸福婚約 第二季》的主視覺圖,2025年1月新番,2,0,"[{""title"": ""YourAnimes 連結"", ""url"": ""https://youranimes.tw/animes/4618""}]"
《Dr.STONE 新石紀 SCIENCE FUTURE》的主視覺圖,2025年1月新番,1,0,"[{""title"": ""YourAnimes 連結"", ""url"": ""https://youranimes.tw/animes/4926""}]"
《我和班上最討厭的女生結婚了。》的主視覺圖,2025年1月新番,1,0,"[{""title"": ""YourAnimes 連結"", ""url"": ""https://youranimes.tw/animes/5302""}]"
《Re：從零開始的異世界生活 第三季 反擊篇》的主視覺圖,2025年1月新番,3,0,"[{""title"": ""YourAnimes 連結"", ""url"": ""https://youranimes.tw/animes/5581""}]"
《青春特調蜂蜜檸檬蘇打》的主視覺圖,2025年1月新番,1,0,"[{""title"": ""YourAnimes 連結"", ""url"": ""https://youranimes.tw/animes/5014""}]"
《在沖繩喜歡上的女孩方言講得太過令人困擾》的主視覺圖,2025年1月新番,1,0,"[{""title"": ""YourAnimes 連結"", ""url"": ""https://youranimes.tw/animes/4373""}]"
《S級怪獸《貝希摩斯》被誤認成小貓，成為精靈女孩的騎士（寵物）一起生活》的主視覺圖,2025年1月新番,1,0,"[{""title"": ""YourAnimes 連結"", ""url"": ""https://youranimes.tw/animes/5034""}]"
《黑岩目高不把我的可愛放在眼裡》的主視覺圖,2025年1月新番,1,0,"[{""title"": ""YourAnimes 連結"", ""url"": ""https://youranimes.tw/animes/5233""}]"
《雖然我是注定沒落的貴族 閒來無事只好來深究魔法》的主視覺圖,2025年1月新番,1,0,"[{""title"": ""YourAnimes 連結"", ""url"": ""https://youranimes.tw/animes/5027""}]"
《歡迎來到日本，妖精小姐。》的主視覺圖,2025年1月新番,1,0,"[{""title"": ""YourAnimes 連結"", ""url"": ""https://youranimes.tw/animes/4939""}]"
《這公司有我喜歡的人》的主視覺圖,2025年1月新番,1,0,"[{""title"": ""YourAnimes 連結"", ""url"": ""https://youranimes.tw/animes/5373""}]"
《我與尼特女忍者的莫名同居生活》的主視覺圖,2025年1月新番,1,0,"[{""title"": ""YourAnimes 連結"", ""url"": ""https://youranimes.tw/animes/4987""}]"
《群花綻放、彷如修羅》的主視覺圖,2025年1月新番,1,0,"[{""title"": ""YourAnimes 連結"", ""url"": ""https://youranimes.tw/animes/5276""}]"
《天久鷹央的推理病歷表》的主視覺圖,2025年1月新番,1,0,"[{""title"": ""YourAnimes 連結"", ""url"": ""https://youranimes.tw/animes/5074""}]"
《地縛少年花子君2》的主視覺圖,2025年1月新番,1,0,"[{""title"": ""YourAnimes 連結"", ""url"": ""https://youranimes.tw/animes/4073""}]"
《中年大叔轉生反派千金》的主視覺圖,2025年1月新番,1,0,"[{""title"": ""YourAnimes 連結"", ""url"": ""https://youranimes.tw/animes/4944""}]"
《Unnamed Memory 無名記憶 Act.2》的主視覺圖,2025年1月新番,1,0,"[{""title"": ""YourAnimes 連結"", ""url"": ""https://youranimes.tw/animes/5307""}]"
《平凡上班族到異世界當上了四天王的故事》的主視覺圖,2025年1月新番,1,0,"[{""title"": ""YourAnimes 連結"", ""url"": ""https://youranimes.tw/animes/5366""}]"
《不幸職業【鑑定士】其實是最強的》的主視覺圖,2025年1月新番,1,0,"[{""title"": ""YourAnimes 連結"", ""url"": ""https://youranimes.tw/animes/5308""}]"
《紅戰士在異世界成了冒險者》的主視覺圖,2025年1月新番,1,0,"[{""title"": ""YourAnimes 連結"", ""url"": ""https://youranimes.tw/animes/5409""}]"
《中年男的異世界網購生活》的主視覺圖,2025年1月新番,1,0,"[{""title"": ""YourAnimes 連結"", ""url"": ""https://youranimes.tw/animes/5419""}]"
《終究，與你相戀。》的主視覺圖,2025年1月新番,1,0,"[{""title"": ""YourAnimes 連結"", ""url"": ""https://youranimes.tw/animes/5012""}]"
《吸吸吸吸吸血鬼》的主視覺圖,2025年1月新番,1,0,"[{""title"": ""YourAnimes 連結"", ""url"": ""https://youranimes.tw/animes/5013""}]"
《遲早是最強的鍊金術師？》的主視覺圖,2025年1月新番,1,0,"[{""title"": ""YourAnimes 連結"", ""url"": ""https://youranimes.tw/animes/5227""}]"
《黃昏旅店》的主視覺圖,2025年1月新番,1,0,"[{""title"": ""YourAnimes 連結"", ""url"": ""https://youranimes.tw/animes/5303""}]"
《金牌得主》的主視覺圖,2025年1月新番,1,0,"[{""title"": ""YourAnimes 連結"", ""url"": ""https://youranimes.tw/animes/4276""}]"
《異修羅 第二季》的主視覺圖,2025年1月新番,2,0,"[{""title"": ""YourAnimes 連結"", ""url"": ""https://youranimes.tw/animes/5035""}]"
《離開A級隊伍的我，和從前的弟子往迷宮深處邁進》的主視覺圖,2025年1月新番,1,0,"[{""title"": ""YourAnimes 連結"", ""url"": ""https://youranimes.tw/animes/5445""}]"
《魔域英雄傳說》的主視覺圖,2025年1月新番,1,0,"[{""title"": ""YourAnimes 連結"", ""url"": ""https://youranimes.tw/animes/5009""}]"
《MOMENTARY LILY 剎那之花》的主視覺圖,2025年1月新番,1,0,"[{""title"": ""YourAnimes 連結"", ""url"": ""https://youranimes.tw/animes/5212""}]"
《魔法使的約定》的主視覺圖,2025年1月新番,1,0,"[{""title"": ""YourAnimes 連結"", ""url"": ""https://youranimes.tw/animes/4853""}]"
《Fate/strange Fake「英霊事件」》的主視覺圖,2025年1月新番,1,0,"[{""title"": ""YourAnimes 連結"", ""url"": ""https://youranimes.tw/animes/4369""}]"
《魔法製造者～異世界魔法的製作方法～》的主視覺圖,2025年1月新番,1,0,"[{""title"": ""YourAnimes 連結"", ""url"": ""https://youranimes.tw/animes/5338""}]"
《灰色：幻影扳機》的主視覺圖,2025年1月新番,1,0,"[{""title"": ""YourAnimes 連結"", ""url"": ""https://youranimes.tw/animes/3429""}]"
《我想蹺掉太子妃培訓》的主視覺圖,2025年1月新番,1,0,"[{""title"": ""YourAnimes 連結"", ""url"": ""https://youranimes.tw/animes/5256""}]"
《最弱技能《果實大師》～關於能無限食用技能果實（吃了就會死）這件事～》的主視覺圖,2025年1月新番,1,0,"[{""title"": ""YourAnimes 連結"", ""url"": ""https://youranimes.tw/animes/5270""}]"
《一桿青空》的主視覺圖,2025年1月新番,1,0,"[{""title"": ""YourAnimes 連結"", ""url"": ""https://youranimes.tw/animes/4982""}]"
《FARMAGIA 魔農傳記》的主視覺圖,2025年1月新番,1,0,"[{""title"": ""YourAnimes 連結"", ""url"": ""https://youranimes.tw/animes/5296""}]"
《UniteUp！眾星齊聚 -Uni:Birth-》的主視覺圖,2025年1月新番,1,0,"[{""title"": ""YourAnimes 連結"", ""url"": ""https://youranimes.tw/animes/4447""}]"
《魔法使 光之美少女！！～MIRAI DAYS～》的主視覺圖,2025年1月新番,1,0,"[{""title"": ""YourAnimes 連結"", ""url"": ""https://youranimes.tw/animes/5255""}]"
《0歲幼兒全力衝刺開展第二人生 第二季》的主視覺圖,2025年1月新番,2,0,"[{""title"": ""YourAnimes 連結"", ""url"": ""https://youranimes.tw/animes/5602""}]"
《魔神創造傳》的主視覺圖,2025年1月新番,1,0,"[{""title"": ""YourAnimes 連結"", ""url"": ""https://youranimes.tw/animes/4953""}]"
《monpoké》的主視覺圖,2025年1月新番,1,0,"[{""title"": ""YourAnimes 連結"", ""url"": ""https://youranimes.tw/animes/5636""}]"
《想星的亞庫艾里翁 Myth of Emotions》的主視覺圖,2025年1月新番,1,0,"[{""title"": ""YourAnimes 連結"", ""url"": ""https://youranimes.tw/animes/4165""}]"
《卡片戰鬥!! 先導者 Divinez DELUXE 篇》的主視覺圖,2025年1月新番,1,0,"[{""title"": ""YourAnimes 連結"", ""url"": ""https://youranimes.tw/animes/5510""}]"
《忍者蝙蝠俠 VS 極道聯盟》的主視覺圖,2025年1月新番,1,0,"[{""title"": ""YourAnimes 連結"", ""url"": ""https://youranimes.tw/animes/5258""}]"
《金肉人 完美超人始祖篇 第二季》的主視覺圖,2025年1月新番,2,0,"[{""title"": ""YourAnimes 連結"", ""url"": ""https://youranimes.tw/animes/5472""}]"
《闇芝居 第十四季》的主視覺圖,2025年1月新番,1,0,"[{""title"": ""YourAnimes 連結"", ""url"": ""https://youranimes.tw/animes/5596""}]"
《青之驅魔師 終夜篇》的主視覺圖,2025年1月新番,1,0,"[{""title"": ""YourAnimes 連結"", ""url"": ""https://youranimes.tw/animes/5642""}]"
《Enter The Garden：Fractured Reflections - 楕円曲線上のセカイ-》的主視覺圖,2025年1月新番,1,0,"[{""title"": ""YourAnimes 連結"", ""url"": ""https://youranimes.tw/animes/5528""}]"
《監禁區域Level X 編篇》的主視覺圖,2025年1月新番,1,0,"[{""title"": ""YourAnimes 連結"", ""url"": ""https://youranimes.tw/animes/5509""}]"
《Idol光之美少女你與我♪》的主視覺圖,2025年1月新番,1,0,"[{""title"": ""YourAnimes 連結"", ""url"": ""https://youranimes.tw/animes/5598""}]"
《嗨！我是脈脈》的主視覺圖,2025年1月新番,1,0,"[{""title"": ""YourAnimes 連結"", ""url"": ""https://youranimes.tw/animes/5710""}]"
《寶可夢「カイリューとゆうびんやさん」》的主視覺圖,2025年1月新番,1,0,"[{""title"": ""YourAnimes 連結"", ""url"": ""https://youranimes.tw/animes/5709""}]"
《持續狩獵史萊姆三百年，不知不覺就練到LV MAX 第二季》的主視覺圖,2025年4月新番,2,0,"[{""title"": ""YourAnimes 連結"", ""url"": ""https://youranimes.tw/animes/3256""}]"
《WITCH WATCH 魔女守護者》的主視覺圖,2025年4月新番,1,0,"[{""title"": ""YourAnimes 連結"", ""url"": ""https://youranimes.tw/animes/4917""}]"
《男女之間存在純友情嗎？（不，不存在！）》的主視覺圖,2025年4月新番,1,0,"[{""title"": ""YourAnimes 連結"", ""url"": ""https://youranimes.tw/animes/3837""}]"
《不會拿捏距離的阿波連同學 第二季》的主視覺圖,2025年4月新番,2,0,"[{""title"": ""YourAnimes 連結"", ""url"": ""https://youranimes.tw/animes/5399""}]"
《賽馬娘 灰髮灰姑娘》的主視覺圖,2025年4月新番,1,0,"[{""title"": ""YourAnimes 連結"", ""url"": ""https://youranimes.tw/animes/5427""}]"
《隨興旅-That's Journey-》的主視覺圖,2025年4月新番,1,0,"[{""title"": ""YourAnimes 連結"", ""url"": ""https://youranimes.tw/animes/4292""}]"
《小市民系列 第二季》的主視覺圖,2025年4月新番,2,0,"[{""title"": ""YourAnimes 連結"", ""url"": ""https://youranimes.tw/animes/5456""}]"
《搖滾樂是淑女的嗜好》的主視覺圖,2025年4月新番,1,0,"[{""title"": ""YourAnimes 連結"", ""url"": ""https://youranimes.tw/animes/5367""}]"
《炎炎消防隊 參之章》的主視覺圖,2025年4月新番,1,0,"[{""title"": ""YourAnimes 連結"", ""url"": ""https://youranimes.tw/animes/3708""}]"
《九龍大眾浪漫》的主視覺圖,2025年4月新番,1,0,"[{""title"": ""YourAnimes 連結"", ""url"": ""https://youranimes.tw/animes/5508""}]"
《鄉下大叔成為劍聖》的主視覺圖,2025年4月新番,1,0,"[{""title"": ""YourAnimes 連結"", ""url"": ""https://youranimes.tw/animes/5395""}]"
《直至魔女消逝》的主視覺圖,2025年4月新番,1,0,"[{""title"": ""YourAnimes 連結"", ""url"": ""https://youranimes.tw/animes/5312""}]"
《我是星際國家的惡德領主！》的主視覺圖,2025年4月新番,1,0,"[{""title"": ""YourAnimes 連結"", ""url"": ""https://youranimes.tw/animes/5524""}]"
《mono女孩》的主視覺圖,2025年4月新番,1,0,"[{""title"": ""YourAnimes 連結"", ""url"": ""https://youranimes.tw/animes/5037""}]"
《Summer Pockets》的主視覺圖,2025年4月新番,1,0,"[{""title"": ""YourAnimes 連結"", ""url"": ""https://youranimes.tw/animes/5314""}]"
《機動戰士Gundam GQuuuuuuX》的主視覺圖,2025年4月新番,1,0,"[{""title"": ""YourAnimes 連結"", ""url"": ""https://youranimes.tw/animes/5608""}]"
《紫雲寺家的兄弟姊妹》的主視覺圖,2025年4月新番,1,0,"[{""title"": ""YourAnimes 連結"", ""url"": ""https://youranimes.tw/animes/4990""}]"
《LAZARUS拉撒路》的主視覺圖,2025年4月新番,1,0,"[{""title"": ""YourAnimes 連結"", ""url"": ""https://youranimes.tw/animes/4425""}]"
《完美到難以接近的聖女遭到解除婚約後被賣到鄰國》的主視覺圖,2025年4月新番,1,0,"[{""title"": ""YourAnimes 連結"", ""url"": ""https://youranimes.tw/animes/5523""}]"
《WIND BREAKER—防風少年— 第二季》的主視覺圖,2025年4月新番,2,0,"[{""title"": ""YourAnimes 連結"", ""url"": ""https://youranimes.tw/animes/5310""}]"
《快藏好！瑪琪娜同學！！》的主視覺圖,2025年4月新番,1,0,"[{""title"": ""YourAnimes 連結"", ""url"": ""https://youranimes.tw/animes/5229""}]"
《忍者與殺手的兩人生活》的主視覺圖,2025年4月新番,1,0,"[{""title"": ""YourAnimes 連結"", ""url"": ""https://youranimes.tw/animes/5210""}]"
《中禪寺老師妖怪講義錄 解謎就交給老師。》的主視覺圖,2025年4月新番,1,0,"[{""title"": ""YourAnimes 連結"", ""url"": ""https://youranimes.tw/animes/5492""}]"
《Lycoris Recoil 莉可麗絲：友誼是時間的竊賊》的主視覺圖,2025年4月新番,1,0,"[{""title"": ""YourAnimes 連結"", ""url"": ""https://youranimes.tw/animes/5374""}]"
《推理要在晚餐後》的主視覺圖,2025年4月新番,1,0,"[{""title"": ""YourAnimes 連結"", ""url"": ""https://youranimes.tw/animes/5593""}]"
《搞笑漫畫日和GO》的主視覺圖,2025年4月新番,1,0,"[{""title"": ""YourAnimes 連結"", ""url"": ""https://youranimes.tw/animes/5616""}]"
《記憶縫線YOUR FORMA》的主視覺圖,2025年4月新番,1,0,"[{""title"": ""YourAnimes 連結"", ""url"": ""https://youranimes.tw/animes/4400""}]"
《鬼人幻燈抄》的主視覺圖,2025年4月新番,1,0,"[{""title"": ""YourAnimes 連結"", ""url"": ""https://youranimes.tw/animes/5006""}]"
《瞬間治癒卻被當成廢物踢出隊伍的天才治療師，改當無照治療師快樂過活》的主視覺圖,2025年4月新番,1,0,"[{""title"": ""YourAnimes 連結"", ""url"": ""https://youranimes.tw/animes/5022""}]"
《來到棒球場捕捉我吧！》的主視覺圖,2025年4月新番,1,0,"[{""title"": ""YourAnimes 連結"", ""url"": ""https://youranimes.tw/animes/5566""}]"
《外星人姆姆》的主視覺圖,2025年4月新番,1,0,"[{""title"": ""YourAnimes 連結"", ""url"": ""https://youranimes.tw/animes/5597""}]"
《黑執事 -綠之魔女篇-》的主視覺圖,2025年4月新番,1,0,"[{""title"": ""YourAnimes 連結"", ""url"": ""https://youranimes.tw/animes/5331""}]"
《終末起點》的主視覺圖,2025年4月新番,1,0,"[{""title"": ""YourAnimes 連結"", ""url"": ""https://youranimes.tw/animes/5519""}]"
《真･武士傳 YAIBA》的主視覺圖,2025年4月新番,1,0,"[{""title"": ""YourAnimes 連結"", ""url"": ""https://youranimes.tw/animes/5225""}]"
《前橋魔女》的主視覺圖,2025年4月新番,1,0,"[{""title"": ""YourAnimes 連結"", ""url"": ""https://youranimes.tw/animes/5448""}]"
《受到猩猩之神庇佑的大小姐受到王立騎士團寵愛》的主視覺圖,2025年4月新番,1,0,"[{""title"": ""YourAnimes 連結"", ""url"": ""https://youranimes.tw/animes/5474""}]"
《Apocalypse Hotel》的主視覺圖,2025年4月新番,1,0,"[{""title"": ""YourAnimes 連結"", ""url"": ""https://youranimes.tw/animes/5436""}]"
《使人誤解的工房主～關於原英雄隊伍的雜役人員，實際上除了戰鬥能力外全是SSS的故事～》的主視覺圖,2025年4月新番,1,0,"[{""title"": ""YourAnimes 連結"", ""url"": ""https://youranimes.tw/animes/5517""}]"
《安妮・雪莉》的主視覺圖,2025年4月新番,1,0,"[{""title"": ""YourAnimes 連結"", ""url"": ""https://youranimes.tw/animes/5575""}]"
《歲月流逝飯菜依舊美味》的主視覺圖,2025年4月新番,1,0,"[{""title"": ""YourAnimes 連結"", ""url"": ""https://youranimes.tw/animes/5655""}]"
《未ル わたしのみらい》的主視覺圖,2025年4月新番,1,0,"[{""title"": ""YourAnimes 連結"", ""url"": ""https://youranimes.tw/animes/5358""}]"
《正義使者 -我的英雄學院之非法英雄-》的主視覺圖,2025年4月新番,1,0,"[{""title"": ""YourAnimes 連結"", ""url"": ""https://youranimes.tw/animes/5644""}]"
《戰隊大失格 第二季》的主視覺圖,2025年4月新番,2,0,"[{""title"": ""YourAnimes 連結"", ""url"": ""https://youranimes.tw/animes/5319""}]"
《Moonrise 月出之戰》的主視覺圖,2025年4月新番,1,0,"[{""title"": ""YourAnimes 連結"", ""url"": ""https://youranimes.tw/animes/3905""}]"
《神統記》的主視覺圖,2025年4月新番,1,0,"[{""title"": ""YourAnimes 連結"", ""url"": ""https://youranimes.tw/animes/5077""}]"
《#空帕斯2.0》的主視覺圖,2025年4月新番,1,0,"[{""title"": ""YourAnimes 連結"", ""url"": ""https://youranimes.tw/animes/4037""}]"
《聖騎士之戰 奮戰：DUAL RULERS》的主視覺圖,2025年4月新番,1,0,"[{""title"": ""YourAnimes 連結"", ""url"": ""https://youranimes.tw/animes/5281""}]"
《再見，地球 第二季》的主視覺圖,2025年4月新番,2,0,"[{""title"": ""YourAnimes 連結"", ""url"": ""https://youranimes.tw/animes/5455""}]"
《プリンセッション・オーケストラ》的主視覺圖,2025年4月新番,1,0,"[{""title"": ""YourAnimes 連結"", ""url"": ""https://youranimes.tw/animes/5282""}]"
《正能量企鵝》的主視覺圖,2025年4月新番,1,0,"[{""title"": ""YourAnimes 連結"", ""url"": ""https://youranimes.tw/animes/5635""}]"
《かいじゅうせかいせいふく》的主視覺圖,2025年4月新番,1,0,"[{""title"": ""YourAnimes 連結"", ""url"": ""https://youranimes.tw/animes/5305""}]"
《ツインズひなひま》的主視覺圖,2025年4月新番,1,0,"[{""title"": ""YourAnimes 連結"", ""url"": ""https://youranimes.tw/animes/5764""}]"
《ぷちきゅあ～Precure Fairies～》的主視覺圖,2025年4月新番,1,0,"[{""title"": ""YourAnimes 連結"", ""url"": ""https://youranimes.tw/animes/5776""}]"
《EVERYDAY HOST CLUB 男公關俱樂部的歡樂日常》的主視覺圖,2025年4月新番,1,0,"[{""title"": ""YourAnimes 連結"", ""url"": ""https://youranimes.tw/animes/5735""}]"
《おいでよ魔法少女村（不法占拠）》的主視覺圖,2025年4月新番,1,0,"[{""title"": ""YourAnimes 連結"", ""url"": ""https://youranimes.tw/animes/5762""}]"
《華Doll* -Reinterpretation of Flowering-》的主視覺圖,2025年4月新番,1,0,"[{""title"": ""YourAnimes 連結"", ""url"": ""https://youranimes.tw/animes/4843""}]"
《秘密的偶像公主 リング篇》的主視覺圖,2025年4月新番,1,0,"[{""title"": ""YourAnimes 連結"", ""url"": ""https://youranimes.tw/animes/5570""}]"
《あらいぐま カルカル団》的主視覺圖,2025年4月新番,1,0,"[{""title"": ""YourAnimes 連結"", ""url"": ""https://youranimes.tw/animes/5624""}]"
《SHIBUYA♡HACHI 第三季度》的主視覺圖,2025年4月新番,3,0,"[{""title"": ""YourAnimes 連結"", ""url"": ""https://youranimes.tw/animes/5749""}]"
《Classic★Stars – 古典樂★之星》的主視覺圖,2025年4月新番,1,0,"[{""title"": ""YourAnimes 連結"", ""url"": ""https://youranimes.tw/animes/5323""}]"
《ンめねこ》的主視覺圖,2025年4月新番,1,0,"[{""title"": ""YourAnimes 連結"", ""url"": ""https://youranimes.tw/animes/5675""}]"
《大怪獸卡美拉：重生（新編集版）》的主視覺圖,2025年4月新番,1,0,"[{""title"": ""YourAnimes 連結"", ""url"": ""https://youranimes.tw/animes/5729""}]"
《最強王図鑑 ～The Ultimate Tournament～》的主視覺圖,2025年4月新番,1,0,"[{""title"": ""YourAnimes 連結"", ""url"": ""https://youranimes.tw/animes/5653""}]"
《全力兔 (2023) 第二季》的主視覺圖,2025年4月新番,2,0,"[{""title"": ""YourAnimes 連結"", ""url"": ""https://youranimes.tw/animes/5559""}]"
《ちくわ戦記～おれのカワイイで地球侵略～》的主視覺圖,2025年4月新番,1,0,"[{""title"": ""YourAnimes 連結"", ""url"": ""https://youranimes.tw/animes/5770""}]"
《航海王談戀愛》的主視覺圖,2025年4月新番,1,0,"[{""title"": ""YourAnimes 連結"", ""url"": ""https://youranimes.tw/animes/5781""}]"
《朗萌綺盟》的主視覺圖,2025年4月新番,1,0,"[{""title"": ""YourAnimes 連結"", ""url"": ""https://youranimes.tw/animes/5791""}]"
《這是妳與我的最後戰場，或是開創世界的聖戰 第二季》的主視覺圖,2025年4月新番,2,0,"[{""title"": ""YourAnimes 連結"", ""url"": ""https://youranimes.tw/animes/2892""}]"
《角落小夥伴 ここがおちつくんです》的主視覺圖,2025年4月新番,1,0,"[{""title"": ""YourAnimes 連結"", ""url"": ""https://youranimes.tw/animes/5794""}]"
《悠哉賽馬娘Pretty Gray》的主視覺圖,2025年4月新番,1,0,"[{""title"": ""YourAnimes 連結"", ""url"": ""https://youranimes.tw/animes/5835""}]"
《ファムファタル育成計画》的主視覺圖,2025年4月新番,1,0,"[{""title"": ""YourAnimes 連結"", ""url"": ""https://youranimes.tw/animes/5907""}]"
《傷心タイムリープ》的主視覺圖,2025年4月新番,1,0,"[{""title"": ""YourAnimes 連結"", ""url"": ""https://youranimes.tw/animes/5906""}]"
《LUPIN THE IIIRD 銭形と2人のルパン》的主視覺圖,2025年4月新番,1,0,"[{""title"": ""YourAnimes 連結"", ""url"": ""https://youranimes.tw/animes/5834""}]"
《MUZIK TIGER In the Forest》的主視覺圖,2025年4月新番,1,0,"[{""title"": ""YourAnimes 連結"", ""url"": ""https://youranimes.tw/animes/5236""}]"
《膽大黨 第二季》的主視覺圖,2025年7月新番,2,0,"[{""title"": ""YourAnimes 連結"", ""url"": ""https://youranimes.tw/animes/5637""}]"
《戀上換裝娃娃 第二季》的主視覺圖,2025年7月新番,2,0,"[{""title"": ""YourAnimes 連結"", ""url"": ""https://youranimes.tw/animes/3889""}]"
《薰香花朵凜然綻放》的主視覺圖,2025年7月新番,1,0,"[{""title"": ""YourAnimes 連結"", ""url"": ""https://youranimes.tw/animes/5461""}]"
《怪獸8號 第二季》的主視覺圖,2025年7月新番,2,0,"[{""title"": ""YourAnimes 連結"", ""url"": ""https://youranimes.tw/animes/5316""}]"
《徹夜之歌 Season 2》的主視覺圖,2025年7月新番,1,0,"[{""title"": ""YourAnimes 連結"", ""url"": ""https://youranimes.tw/animes/5024""}]"
《轉生為第七王子，隨心所欲的魔法學習之路 第二季》的主視覺圖,2025年7月新番,2,0,"[{""title"": ""YourAnimes 連結"", ""url"": ""https://youranimes.tw/animes/5294""}]"
《我們不可能成為戀人！絕對不行。 (※似乎可行？)》的主視覺圖,2025年7月新番,1,0,"[{""title"": ""YourAnimes 連結"", ""url"": ""https://youranimes.tw/animes/5574""}]"
《光逝去的夏天》的主視覺圖,2025年7月新番,1,0,"[{""title"": ""YourAnimes 連結"", ""url"": ""https://youranimes.tw/animes/5246""}]"
《青春豬頭少年不會夢到聖誕服女郎》的主視覺圖,2025年7月新番,1,0,"[{""title"": ""YourAnimes 連結"", ""url"": ""https://youranimes.tw/animes/4895""}]"
《章魚嗶的原罪》的主視覺圖,2025年7月新番,1,0,"[{""title"": ""YourAnimes 連結"", ""url"": ""https://youranimes.tw/animes/5617""}]"
《Silent Witch 沉默魔女的祕密》的主視覺圖,2025年7月新番,1,0,"[{""title"": ""YourAnimes 連結"", ""url"": ""https://youranimes.tw/animes/5397""}]"
《SAKAMOTO DAYS 坂本日常 第二季度》的主視覺圖,2025年7月新番,2,0,"[{""title"": ""YourAnimes 連結"", ""url"": ""https://youranimes.tw/animes/5561""}]"
《GRANDBLUE 碧藍之海 第二季》的主視覺圖,2025年7月新番,2,0,"[{""title"": ""YourAnimes 連結"", ""url"": ""https://youranimes.tw/animes/5491""}]"
《Dr.STONE 新石紀 SCIENCE FUTURE 第二季度》的主視覺圖,2025年7月新番,2,0,"[{""title"": ""YourAnimes 連結"", ""url"": ""https://youranimes.tw/animes/5789""}]"
《Gachiakuta》的主視覺圖,2025年7月新番,1,0,"[{""title"": ""YourAnimes 連結"", ""url"": ""https://youranimes.tw/animes/5278""}]"
《最近的偵探真沒用》的主視覺圖,2025年7月新番,1,0,"[{""title"": ""YourAnimes 連結"", ""url"": ""https://youranimes.tw/animes/5426""}]"
《CITY THE ANIMATION》的主視覺圖,2025年7月新番,1,0,"[{""title"": ""YourAnimes 連結"", ""url"": ""https://youranimes.tw/animes/5471""}]"
《Bad Girl 不良少女》的主視覺圖,2025年7月新番,1,0,"[{""title"": ""YourAnimes 連結"", ""url"": ""https://youranimes.tw/animes/5311""}]"
《靈異教師神眉（2025）》的主視覺圖,2025年7月新番,1,0,"[{""title"": ""YourAnimes 連結"", ""url"": ""https://youranimes.tw/animes/5360""}]"
《杜鵑婚約 第二季》的主視覺圖,2025年7月新番,2,0,"[{""title"": ""YourAnimes 連結"", ""url"": ""https://youranimes.tw/animes/5377""}]"
《盾之勇者成名錄 第四季》的主視覺圖,2025年7月新番,4,0,"[{""title"": ""YourAnimes 連結"", ""url"": ""https://youranimes.tw/animes/4965""}]"
《新吊帶襪天使》的主視覺圖,2025年7月新番,1,0,"[{""title"": ""YourAnimes 連結"", ""url"": ""https://youranimes.tw/animes/4368""}]"
《歡迎光臨流放者食堂！》的主視覺圖,2025年7月新番,1,0,"[{""title"": ""YourAnimes 連結"", ""url"": ""https://youranimes.tw/animes/5633""}]"
《與遊戲中心的少女異文化交流的故事》的主視覺圖,2025年7月新番,1,0,"[{""title"": ""YourAnimes 連結"", ""url"": ""https://youranimes.tw/animes/5437""}]"
《地縛少年花子君2	後篇》的主視覺圖,2025年7月新番,1,0,"[{""title"": ""YourAnimes 連結"", ""url"": ""https://youranimes.tw/animes/5803""}]"
《桃源暗鬼》的主視覺圖,2025年7月新番,1,0,"[{""title"": ""YourAnimes 連結"", ""url"": ""https://youranimes.tw/animes/5224""}]"
《轉生成自動販賣機的我今天也在迷宮徘徊 第二季》的主視覺圖,2025年7月新番,2,0,"[{""title"": ""YourAnimes 連結"", ""url"": ""https://youranimes.tw/animes/4614""}]"
《和雨．和你》的主視覺圖,2025年7月新番,1,0,"[{""title"": ""YourAnimes 連結"", ""url"": ""https://youranimes.tw/animes/5422""}]"
《公爵千金的家庭教師》的主視覺圖,2025年7月新番,1,0,"[{""title"": ""YourAnimes 連結"", ""url"": ""https://youranimes.tw/animes/4818""}]"
《渡同學的××瀕臨崩壞》的主視覺圖,2025年7月新番,1,0,"[{""title"": ""YourAnimes 連結"", ""url"": ""https://youranimes.tw/animes/4594""}]"
《異世界默示錄麥諾格拉～從毀滅文明開始征服世界～》的主視覺圖,2025年7月新番,1,0,"[{""title"": ""YourAnimes 連結"", ""url"": ""https://youranimes.tw/animes/5300""}]"
《帝乃三姊妹意外地容易相處。》的主視覺圖,2025年7月新番,1,0,"[{""title"": ""YourAnimes 連結"", ""url"": ""https://youranimes.tw/animes/5326""}]"
《9-nine- 支配者的王冠》的主視覺圖,2025年7月新番,1,0,"[{""title"": ""YourAnimes 連結"", ""url"": ""https://youranimes.tw/animes/5257""}]"
《水屬性的魔法師》的主視覺圖,2025年7月新番,1,0,"[{""title"": ""YourAnimes 連結"", ""url"": ""https://youranimes.tw/animes/5663""}]"
《尋神的旅途》的主視覺圖,2025年7月新番,1,0,"[{""title"": ""YourAnimes 連結"", ""url"": ""https://youranimes.tw/animes/4503""}]"
《醜男真戰士》的主視覺圖,2025年7月新番,1,0,"[{""title"": ""YourAnimes 連結"", ""url"": ""https://youranimes.tw/animes/5573""}]"
《明天，美食廣場見。》的主視覺圖,2025年7月新番,1,0,"[{""title"": ""YourAnimes 連結"", ""url"": ""https://youranimes.tw/animes/5626""}]"
《神椿市建設中。》的主視覺圖,2025年7月新番,1,0,"[{""title"": ""YourAnimes 連結"", ""url"": ""https://youranimes.tw/animes/4956""}]"
《NYAIGHT OF THE LIVING CAT 活屍貓之夜》的主視覺圖,2025年7月新番,1,0,"[{""title"": ""YourAnimes 連結"", ""url"": ""https://youranimes.tw/animes/5005""}]"
《Clevatess -魔獸之王與嬰兒與屍之勇者-》的主視覺圖,2025年7月新番,1,0,"[{""title"": ""YourAnimes 連結"", ""url"": ""https://youranimes.tw/animes/5325""}]"
《出入禁止的鼴鼠》的主視覺圖,2025年7月新番,1,0,"[{""title"": ""YourAnimes 連結"", ""url"": ""https://youranimes.tw/animes/5572""}]"
《被驅逐出勇者隊伍的白魔導師，被S級冒險者撿到》的主視覺圖,2025年7月新番,1,0,"[{""title"": ""YourAnimes 連結"", ""url"": ""https://youranimes.tw/animes/5390""}]"
《出租女友 第四季》的主視覺圖,2025年7月新番,4,0,"[{""title"": ""YourAnimes 連結"", ""url"": ""https://youranimes.tw/animes/5341""}]"
《雙人單身露營》的主視覺圖,2025年7月新番,1,0,"[{""title"": ""YourAnimes 連結"", ""url"": ""https://youranimes.tw/animes/5658""}]"
《氣絕勇者與暗殺公主》的主視覺圖,2025年7月新番,1,0,"[{""title"": ""YourAnimes 連結"", ""url"": ""https://youranimes.tw/animes/5704""}]"
《陰陽迴天 Re:Birth Verse》的主視覺圖,2025年7月新番,1,0,"[{""title"": ""YourAnimes 連結"", ""url"": ""https://youranimes.tw/animes/5743""}]"
《去唱卡拉OK吧！》的主視覺圖,2025年7月新番,1,0,"[{""title"": ""YourAnimes 連結"", ""url"": ""https://youranimes.tw/animes/5516""}]"
《黑化吧！聖女大人》的主視覺圖,2025年7月新番,1,0,"[{""title"": ""YourAnimes 連結"", ""url"": ""https://youranimes.tw/animes/5479""}]"
《強者的新傳說》的主視覺圖,2025年7月新番,1,0,"[{""title"": ""YourAnimes 連結"", ""url"": ""https://youranimes.tw/animes/3943""}]"
《琉璃的寶石》的主視覺圖,2025年7月新番,1,0,"[{""title"": ""YourAnimes 連結"", ""url"": ""https://youranimes.tw/animes/5451""}]"
《費馬的料理》的主視覺圖,2025年7月新番,1,0,"[{""title"": ""YourAnimes 連結"", ""url"": ""https://youranimes.tw/animes/5661""}]"
《BULLET/BULLET》的主視覺圖,2025年7月新番,1,0,"[{""title"": ""YourAnimes 連結"", ""url"": ""https://youranimes.tw/animes/4032""}]"
《歌聲是法式千層酥》的主視覺圖,2025年7月新番,1,0,"[{""title"": ""YourAnimes 連結"", ""url"": ""https://youranimes.tw/animes/4331""}]"
《保齡球少女！》的主視覺圖,2025年7月新番,1,0,"[{""title"": ""YourAnimes 連結"", ""url"": ""https://youranimes.tw/animes/4078""}]"
《為你著迷》的主視覺圖,2025年7月新番,1,0,"[{""title"": ""YourAnimes 連結"", ""url"": ""https://youranimes.tw/animes/5518""}]"
《破爛千金被姊姊的原婚約者溺愛著》的主視覺圖,2025年7月新番,1,0,"[{""title"": ""YourAnimes 連結"", ""url"": ""https://youranimes.tw/animes/5391""}]"
《為丑女獻上花束》的主視覺圖,2025年7月新番,1,0,"[{""title"": ""YourAnimes 連結"", ""url"": ""https://youranimes.tw/animes/3974""}]"
《阿松 第四季》的主視覺圖,2025年7月新番,4,0,"[{""title"": ""YourAnimes 連結"", ""url"": ""https://youranimes.tw/animes/5269""}]"
《明日方舟：焰燼曙明》的主視覺圖,2025年7月新番,1,0,"[{""title"": ""YourAnimes 連結"", ""url"": ""https://youranimes.tw/animes/5215""}]"
《殺手旅店》的主視覺圖,2025年7月新番,1,0,"[{""title"": ""YourAnimes 連結"", ""url"": ""https://youranimes.tw/animes/5554""}]"
《涅庫羅諾美子的宇宙恐怖秀》的主視覺圖,2025年7月新番,1,0,"[{""title"": ""YourAnimes 連結"", ""url"": ""https://youranimes.tw/animes/5625""}]"
《噗妮露是可愛史萊姆 第二季》的主視覺圖,2025年7月新番,2,0,"[{""title"": ""YourAnimes 連結"", ""url"": ""https://youranimes.tw/animes/5647""}]"
《銀河特急 Milky☆Subway》的主視覺圖,2025年7月新番,1,0,"[{""title"": ""YourAnimes 連結"", ""url"": ""https://youranimes.tw/animes/5774""}]"
《利維坦號戰記》的主視覺圖,2025年7月新番,1,0,"[{""title"": ""YourAnimes 連結"", ""url"": ""https://youranimes.tw/animes/5271""}]"
《美男高校地球防衛部ハイカラ！》的主視覺圖,2025年7月新番,1,0,"[{""title"": ""YourAnimes 連結"", ""url"": ""https://youranimes.tw/animes/5771""}]"
《轉生為白豬貴族的我，運用前世記憶養育雛鳥般的弟弟》的主視覺圖,2025年7月新番,1,0,"[{""title"": ""YourAnimes 連結"", ""url"": ""https://youranimes.tw/animes/5664""}]"
《特装合体ロボ ジョブレイバー》的主視覺圖,2025年7月新番,1,0,"[{""title"": ""YourAnimes 連結"", ""url"": ""https://youranimes.tw/animes/5878""}]"
《卡片戰鬥!! 先導者 Divinez DELUXE 決勝篇	》的主視覺圖,2025年7月新番,1,0,"[{""title"": ""YourAnimes 連結"", ""url"": ""https://youranimes.tw/animes/5826""}]"
《闇芝居 第十五季》的主視覺圖,2025年7月新番,1,0,"[{""title"": ""YourAnimes 連結"", ""url"": ""https://youranimes.tw/animes/5893""}]"
《忍ばない！クリプトニンジャ咲耶 参ノ巻》的主視覺圖,2025年7月新番,1,0,"[{""title"": ""YourAnimes 連結"", ""url"": ""https://youranimes.tw/animes/5904""}]"
《学校では教えてくれない大切なこと》的主視覺圖,2025年7月新番,1,0,"[{""title"": ""YourAnimes 連結"", ""url"": ""https://youranimes.tw/animes/5880""}]"
《小小哥吉拉的逆襲 第三季》的主視覺圖,2025年7月新番,3,0,"[{""title"": ""YourAnimes 連結"", ""url"": ""https://youranimes.tw/animes/5884""}]"
《軟軟噗尼寵物小精靈3》的主視覺圖,2025年7月新番,1,0,"[{""title"": ""YourAnimes 連結"", ""url"": ""https://youranimes.tw/animes/5885""}]"
《ネコこのゴロ～天下統一編～》的主視覺圖,2025年7月新番,1,0,"[{""title"": ""YourAnimes 連結"", ""url"": ""https://youranimes.tw/animes/5912""}]"
《Fate/Grand Order 搞不懂的藤丸立香 第三季》的主視覺圖,2025年7月新番,3,0,"[{""title"": ""YourAnimes 連結"", ""url"": ""https://youranimes.tw/animes/5986""}]"
《SPY×FAMILY 間諜家家酒 Season 3》的主視覺圖,2025年10月新番,1,0,"[{""title"": ""YourAnimes 連結"", ""url"": ""https://youranimes.tw/animes/5274""}]"
《擁有超常技能的異世界流浪美食家 第二季》的主視覺圖,2025年10月新番,2,0,"[{""title"": ""YourAnimes 連結"", ""url"": ""https://youranimes.tw/animes/4832""}]"
《一拳超人 第三季》的主視覺圖,2025年10月新番,3,0,"[{""title"": ""YourAnimes 連結"", ""url"": ""https://youranimes.tw/animes/3914""}]"
《嘆氣的亡靈想隱退 第二季度》的主視覺圖,2025年10月新番,2,0,"[{""title"": ""YourAnimes 連結"", ""url"": ""https://youranimes.tw/animes/5654""}]"
《對我垂涎欲滴的非人少女》的主視覺圖,2025年10月新番,1,0,"[{""title"": ""YourAnimes 連結"", ""url"": ""https://youranimes.tw/animes/5526""}]"
《最後可以再拜託您一件事嗎？》的主視覺圖,2025年10月新番,1,0,"[{""title"": ""YourAnimes 連結"", ""url"": ""https://youranimes.tw/animes/5462""}]"
《彈珠汽水瓶裡的千歲同學》的主視覺圖,2025年10月新番,1,0,"[{""title"": ""YourAnimes 連結"", ""url"": ""https://youranimes.tw/animes/5411""}]"
《賽馬娘 灰髮灰姑娘 第二季度》的主視覺圖,2025年10月新番,2,0,"[{""title"": ""YourAnimes 連結"", ""url"": ""https://youranimes.tw/animes/5921""}]"
《我的英雄學院 FINAL SEASON》的主視覺圖,2025年10月新番,1,0,"[{""title"": ""YourAnimes 連結"", ""url"": ""https://youranimes.tw/animes/5511""}]"
《銀魂 3年Z班銀八老師》的主視覺圖,2025年10月新番,1,0,"[{""title"": ""YourAnimes 連結"", ""url"": ""https://youranimes.tw/animes/4160""}]"
《機械女僕‧瑪麗》的主視覺圖,2025年10月新番,1,0,"[{""title"": ""YourAnimes 連結"", ""url"": ""https://youranimes.tw/animes/5402""}]"
《身為暗殺者的我明顯比勇者還強》的主視覺圖,2025年10月新番,1,0,"[{""title"": ""YourAnimes 連結"", ""url"": ""https://youranimes.tw/animes/5720""}]"
《朋友的妹妹只纏著我》的主視覺圖,2025年10月新番,1,0,"[{""title"": ""YourAnimes 連結"", ""url"": ""https://youranimes.tw/animes/1206""}]"
《SANDA 變身聖誕老人》的主視覺圖,2025年10月新番,1,0,"[{""title"": ""YourAnimes 連結"", ""url"": ""https://youranimes.tw/animes/5340""}]"
《不擅吸血的吸血鬼》的主視覺圖,2025年10月新番,1,0,"[{""title"": ""YourAnimes 連結"", ""url"": ""https://youranimes.tw/animes/5702""}]"
《不動聲色的柏田與喜形於色的太田》的主視覺圖,2025年10月新番,1,0,"[{""title"": ""YourAnimes 連結"", ""url"": ""https://youranimes.tw/animes/5763""}]"
《永遠的黃昏》的主視覺圖,2025年10月新番,1,0,"[{""title"": ""YourAnimes 連結"", ""url"": ""https://youranimes.tw/animes/5919""}]"
《這裡是充滿笑容的職場。》的主視覺圖,2025年10月新番,1,0,"[{""title"": ""YourAnimes 連結"", ""url"": ""https://youranimes.tw/animes/4959""}]"
《給不滅的你 第三季》的主視覺圖,2025年10月新番,3,0,"[{""title"": ""YourAnimes 連結"", ""url"": ""https://youranimes.tw/animes/4149""}]"
《末世二輪之旅》的主視覺圖,2025年10月新番,1,0,"[{""title"": ""YourAnimes 連結"", ""url"": ""https://youranimes.tw/animes/5725""}]"
《不中用的前輩。》的主視覺圖,2025年10月新番,1,0,"[{""title"": ""YourAnimes 連結"", ""url"": ""https://youranimes.tw/animes/5634""}]"
《矢野同學的普通日常》的主視覺圖,2025年10月新番,1,0,"[{""title"": ""YourAnimes 連結"", ""url"": ""https://youranimes.tw/animes/5552""}]"
《藤本樹短篇集 17-26》的主視覺圖,2025年10月新番,1,0,"[{""title"": ""YourAnimes 連結"", ""url"": ""https://youranimes.tw/animes/6029""}]"
《妖怪旅館營業中 貳》的主視覺圖,2025年10月新番,1,0,"[{""title"": ""YourAnimes 連結"", ""url"": ""https://youranimes.tw/animes/5218""}]"
《阿爾瑪醬想成為家人》的主視覺圖,2025年10月新番,1,0,"[{""title"": ""YourAnimes 連結"", ""url"": ""https://youranimes.tw/animes/5672""}]"
《WONDANCE—熱舞青春—》的主視覺圖,2025年10月新番,1,0,"[{""title"": ""YourAnimes 連結"", ""url"": ""https://youranimes.tw/animes/5423""}]"
《惡食千金與狂血公爵～那個魔物我就美美地享用了！～》的主視覺圖,2025年10月新番,1,0,"[{""title"": ""YourAnimes 連結"", ""url"": ""https://youranimes.tw/animes/5525""}]"
《貫徹輔助魔法支援弱小隊友的宮廷魔法師，慘遭驅逐後目標成為最強冒險者》的主視覺圖,2025年10月新番,1,0,"[{""title"": ""YourAnimes 連結"", ""url"": ""https://youranimes.tw/animes/5779""}]"
《野原廣志 午餐的流派》的主視覺圖,2025年10月新番,1,0,"[{""title"": ""YourAnimes 連結"", ""url"": ""https://youranimes.tw/animes/5755""}]"
《轉生後的我成了英雄爸爸和精靈媽媽的女兒》的主視覺圖,2025年10月新番,1,0,"[{""title"": ""YourAnimes 連結"", ""url"": ""https://youranimes.tw/animes/4962""}]"
《野生的大魔王出現了！》的主視覺圖,2025年10月新番,1,0,"[{""title"": ""YourAnimes 連結"", ""url"": ""https://youranimes.tw/animes/5428""}]"
《亂馬1/2（2024）第二季》的主視覺圖,2025年10月新番,2,0,"[{""title"": ""YourAnimes 連結"", ""url"": ""https://youranimes.tw/animes/5643""}]"
《差點在迷宮深處被信任的夥伴殺掉，但靠著天賜技能「無限扭蛋」獲得等級9999的夥伴，我要向前隊友和世界展開復仇&「給他們好看！」》的主視覺圖,2025年10月新番,1,0,"[{""title"": ""YourAnimes 連結"", ""url"": ""https://youranimes.tw/animes/5568""}]"
《元祖！BanG Dream Chan》的主視覺圖,2025年10月新番,1,0,"[{""title"": ""YourAnimes 連結"", ""url"": ""https://youranimes.tw/animes/5731""}]"
《異世界四重奏3》的主視覺圖,2025年10月新番,1,0,"[{""title"": ""YourAnimes 連結"", ""url"": ""https://youranimes.tw/animes/5900""}]"
《跨越種族與你相戀》的主視覺圖,2025年10月新番,1,0,"[{""title"": ""YourAnimes 連結"", ""url"": ""https://youranimes.tw/animes/5667""}]"
《無職英雄：技能什麼的毫無用處》的主視覺圖,2025年10月新番,1,0,"[{""title"": ""YourAnimes 連結"", ""url"": ""https://youranimes.tw/animes/5754""}]"
《數碼寶貝 BEATBREAK》的主視覺圖,2025年10月新番,1,0,"[{""title"": ""YourAnimes 連結"", ""url"": ""https://youranimes.tw/animes/5775""}]"
《百姓貴族 第三季》的主視覺圖,2025年10月新番,3,0,"[{""title"": ""YourAnimes 連結"", ""url"": ""https://youranimes.tw/animes/5640""}]"
《素材採集家的異世界旅行記》的主視覺圖,2025年10月新番,1,0,"[{""title"": ""YourAnimes 連結"", ""url"": ""https://youranimes.tw/animes/5753""}]"
《GNOSIA》的主視覺圖,2025年10月新番,1,0,"[{""title"": ""YourAnimes 連結"", ""url"": ""https://youranimes.tw/animes/5603""}]"
《轉生惡女的黑歷史》的主視覺圖,2025年10月新番,1,0,"[{""title"": ""YourAnimes 連結"", ""url"": ""https://youranimes.tw/animes/4994""}]"
《藍色管弦樂 第二季》的主視覺圖,2025年10月新番,2,0,"[{""title"": ""YourAnimes 連結"", ""url"": ""https://youranimes.tw/animes/4808""}]"
《終末的女武神 第三季》的主視覺圖,2025年10月新番,3,0,"[{""title"": ""YourAnimes 連結"", ""url"": ""https://youranimes.tw/animes/5757""}]"
《東島丹三郎想成為假面騎士》的主視覺圖,2025年10月新番,1,0,"[{""title"": ""YourAnimes 連結"", ""url"": ""https://youranimes.tw/animes/5747""}]"
《魔法藥水救救我》的主視覺圖,2025年10月新番,1,0,"[{""title"": ""YourAnimes 連結"", ""url"": ""https://youranimes.tw/animes/5985""}]"
《CAT’S EYE – 貓眼》的主視覺圖,2025年10月新番,1,0,"[{""title"": ""YourAnimes 連結"", ""url"": ""https://youranimes.tw/animes/5584""}]"
《星辰光輝更勝太陽》的主視覺圖,2025年10月新番,1,0,"[{""title"": ""YourAnimes 連結"", ""url"": ""https://youranimes.tw/animes/5706""}]"
《婚戒物語 第二季》的主視覺圖,2025年10月新番,2,0,"[{""title"": ""YourAnimes 連結"", ""url"": ""https://youranimes.tw/animes/5050""}]"
《迪士尼扭曲仙境：動畫版－紅心宿舍篇》的主視覺圖,2025年10月新番,1,0,"[{""title"": ""YourAnimes 連結"", ""url"": ""https://youranimes.tw/animes/5585""}]"
《忍者和極道》的主視覺圖,2025年10月新番,1,0,"[{""title"": ""YourAnimes 連結"", ""url"": ""https://youranimes.tw/animes/5724""}]"
《王者天下 第六季》的主視覺圖,2025年10月新番,6,0,"[{""title"": ""YourAnimes 連結"", ""url"": ""https://youranimes.tw/animes/5825""}]"
《Let's Play 充滿挑戰的人生》的主視覺圖,2025年10月新番,1,0,"[{""title"": ""YourAnimes 連結"", ""url"": ""https://youranimes.tw/animes/5890""}]"
《胖子與愛情以及過錯！》的主視覺圖,2025年10月新番,1,0,"[{""title"": ""YourAnimes 連結"", ""url"": ""https://youranimes.tw/animes/4858""}]"
《SI-VIS：英雄之聲》的主視覺圖,2025年10月新番,1,0,"[{""title"": ""YourAnimes 連結"", ""url"": ""https://youranimes.tw/animes/5977""}]"
《ガングリオン》的主視覺圖,2025年10月新番,1,0,"[{""title"": ""YourAnimes 連結"", ""url"": ""https://youranimes.tw/animes/6026""}]"
《科學×冒險生存！第二季》的主視覺圖,2025年10月新番,2,0,"[{""title"": ""YourAnimes 連結"", ""url"": ""https://youranimes.tw/animes/5711""}]"
《SHIBUYA♡HACHI 第四季度》的主視覺圖,2025年10月新番,4,0,"[{""title"": ""YourAnimes 連結"", ""url"": ""https://youranimes.tw/animes/5925""}]"
《JOCHUM 第二季》的主視覺圖,2025年10月新番,2,0,"[{""title"": ""YourAnimes 連結"", ""url"": ""https://youranimes.tw/animes/5993""}]"
《從前從前有隻貓！世界喵童話》的主視覺圖,2025年10月新番,1,0,"[{""title"": ""YourAnimes 連結"", ""url"": ""https://youranimes.tw/animes/5804""}]"
《無尾熊繪日記》的主視覺圖,2025年10月新番,1,0,"[{""title"": ""YourAnimes 連結"", ""url"": ""https://youranimes.tw/animes/5901""}]"
《#神奈川に住んでるエルフ》的主視覺圖,2025年10月新番,1,0,"[{""title"": ""YourAnimes 連結"", ""url"": ""https://youranimes.tw/animes/6022""}]"
《怪物彈珠 デッドバースリローデッド》的主視覺圖,2025年10月新番,1,0,"[{""title"": ""YourAnimes 連結"", ""url"": ""https://youranimes.tw/animes/5957""}]"
《陛下わたしを忘れてください》的主視覺圖,2025年10月新番,1,0,"[{""title"": ""YourAnimes 連結"", ""url"": ""https://youranimes.tw/animes/6030""}]"
《小泉八雲のKWAIDANの世界》的主視覺圖,2025年10月新番,1,0,"[{""title"": ""YourAnimes 連結"", ""url"": ""https://youranimes.tw/animes/6037""}]"
《MUZIK TIGER In the Forest 第二季》的主視覺圖,2025年10月新番,2,0,"[{""title"": ""YourAnimes 連結"", ""url"": ""https://youranimes.tw/animes/6058""}]"
《魔法公主的小煩惱》的主視覺圖,2025年10月新番,1,0,"[{""title"": ""YourAnimes 連結"", ""url"": ""https://youranimes.tw/animes/6374""}]"
《龍族Ⅱ 悼亡者之瞳》的主視覺圖,2025年10月新番,1,0,"[{""title"": ""YourAnimes 連結"", ""url"": ""https://youranimes.tw/animes/6388""}]"
《どこでもマキバオー ～ワールドツアー～》的主視覺圖,2025年10月新番,1,0,"[{""title"": ""YourAnimes 連結"", ""url"": ""https://youranimes.tw/animes/6086""}]"
《星際大戰：視界 第三季》的主視覺圖,2025年10月新番,3,0,"[{""title"": ""YourAnimes 連結"", ""url"": ""https://youranimes.tw/animes/6111""}]"
《葬送的芙莉蓮 第二季》的主視覺圖,2026年1月新番,2,0,"[{""title"": ""YourAnimes 連結"", ""url"": ""https://youranimes.tw/animes/5483""}]"
《地獄樂 第二季》的主視覺圖,2026年1月新番,2,0,"[{""title"": ""YourAnimes 連結"", ""url"": ""https://youranimes.tw/animes/4367""}]"
《【我推的孩子】第三季》的主視覺圖,2026年1月新番,3,0,"[{""title"": ""YourAnimes 連結"", ""url"": ""https://youranimes.tw/animes/5505""}]"
《魔都精兵的奴隸 第二季》的主視覺圖,2026年1月新番,2,0,"[{""title"": ""YourAnimes 連結"", ""url"": ""https://youranimes.tw/animes/5040""}]"
《靠死亡遊戲混飯吃。》的主視覺圖,2026年1月新番,1,0,"[{""title"": ""YourAnimes 連結"", ""url"": ""https://youranimes.tw/animes/5439""}]"
《公主殿下，「拷問」的時間到了 第二季》的主視覺圖,2026年1月新番,2,0,"[{""title"": ""YourAnimes 連結"", ""url"": ""https://youranimes.tw/animes/5058""}]"
《金牌得主 第二季》的主視覺圖,2026年1月新番,2,0,"[{""title"": ""YourAnimes 連結"", ""url"": ""https://youranimes.tw/animes/5800""}]"
《相反的你和我》的主視覺圖,2026年1月新番,1,0,"[{""title"": ""YourAnimes 連結"", ""url"": ""https://youranimes.tw/animes/5590""}]"
《超時空輝耀姬！》的主視覺圖,2026年1月新番,1,0,"[{""title"": ""YourAnimes 連結"", ""url"": ""https://youranimes.tw/animes/6127""}]"
《Fate/strange Fake》的主視覺圖,2026年1月新番,1,0,"[{""title"": ""YourAnimes 連結"", ""url"": ""https://youranimes.tw/animes/6043""}]"
《炎炎消防隊 參之章 第二季度》的主視覺圖,2026年1月新番,2,0,"[{""title"": ""YourAnimes 連結"", ""url"": ""https://youranimes.tw/animes/5332""}]"
《判處勇者刑 懲罰勇者9004隊刑務紀錄》的主視覺圖,2026年1月新番,1,0,"[{""title"": ""YourAnimes 連結"", ""url"": ""https://youranimes.tw/animes/4415""}]"
《輝夜姬想讓人告白 邁向大人的階梯》的主視覺圖,2026年1月新番,1,0,"[{""title"": ""YourAnimes 連結"", ""url"": ""https://youranimes.tw/animes/5917""}]"
《午夜的傾心旋律》的主視覺圖,2026年1月新番,1,0,"[{""title"": ""YourAnimes 連結"", ""url"": ""https://youranimes.tw/animes/5766""}]"
《咒術迴戰 死滅迴游 前篇》的主視覺圖,2026年1月新番,1,0,"[{""title"": ""YourAnimes 連結"", ""url"": ""https://youranimes.tw/animes/4942""}]"
《不死不運 Winter篇》的主視覺圖,2026年1月新番,1,0,"[{""title"": ""YourAnimes 連結"", ""url"": ""https://youranimes.tw/animes/5393""}]"
《現在的是哪一個多聞！?》的主視覺圖,2026年1月新番,1,0,"[{""title"": ""YourAnimes 連結"", ""url"": ""https://youranimes.tw/animes/5275""}]"
《達爾文事變》的主視覺圖,2026年1月新番,1,0,"[{""title"": ""YourAnimes 連結"", ""url"": ""https://youranimes.tw/animes/5244""}]"
《「憑妳也想討伐魔王？」被勇者小隊逐出隊伍，只好在王都自在過活》的主視覺圖,2026年1月新番,1,0,"[{""title"": ""YourAnimes 連結"", ""url"": ""https://youranimes.tw/animes/5831""}]"
《 黃金神威 最終章》的主視覺圖,2026年1月新番,1,0,"[{""title"": ""YourAnimes 連結"", ""url"": ""https://youranimes.tw/animes/4353""}]"
《正義使者 -我的英雄學院之非法英雄- 第二季》的主視覺圖,2026年1月新番,2,0,"[{""title"": ""YourAnimes 連結"", ""url"": ""https://youranimes.tw/animes/5923""}]"
《厄里斯的聖杯》的主視覺圖,2026年1月新番,1,0,"[{""title"": ""YourAnimes 連結"", ""url"": ""https://youranimes.tw/animes/5521""}]"
《可以幫忙洗乾淨嗎？》的主視覺圖,2026年1月新番,1,0,"[{""title"": ""YourAnimes 連結"", ""url"": ""https://youranimes.tw/animes/5891""}]"
《地獄模式 ～喜歡挑戰特殊成就的玩家在廢設定的異世界成為無雙～》的主視覺圖,2026年1月新番,1,0,"[{""title"": ""YourAnimes 連結"", ""url"": ""https://youranimes.tw/animes/5613""}]"
《泛而不精的我被逐出了勇者隊伍》的主視覺圖,2026年1月新番,1,0,"[{""title"": ""YourAnimes 連結"", ""url"": ""https://youranimes.tw/animes/5736""}]"
《透明男子與人類女孩～兩人遲早會成為夫妻～》的主視覺圖,2026年1月新番,1,0,"[{""title"": ""YourAnimes 連結"", ""url"": ""https://youranimes.tw/animes/5595""}]"
《死亡帳號》的主視覺圖,2026年1月新番,1,0,"[{""title"": ""YourAnimes 連結"", ""url"": ""https://youranimes.tw/animes/5760""}]"
《TRIGUN STARGAZE》的主視覺圖,2026年1月新番,1,0,"[{""title"": ""YourAnimes 連結"", ""url"": ""https://youranimes.tw/animes/4202""}]"
《非人學生與厭世教師》的主視覺圖,2026年1月新番,1,0,"[{""title"": ""YourAnimes 連結"", ""url"": ""https://youranimes.tw/animes/6034""}]"
《神八小妹不可怕》的主視覺圖,2026年1月新番,1,0,"[{""title"": ""YourAnimes 連結"", ""url"": ""https://youranimes.tw/animes/5546""}]"
《MF Ghost 燃油車鬥魂 3rd Season》的主視覺圖,2026年1月新番,1,0,"[{""title"": ""YourAnimes 連結"", ""url"": ""https://youranimes.tw/animes/5646""}]"
《貴族轉生～得天眷顧一出生就獲得最強力量～》的主視覺圖,2026年1月新番,1,0,"[{""title"": ""YourAnimes 連結"", ""url"": ""https://youranimes.tw/animes/5660""}]"
《我們不可能成為戀人！絕對不行。 (※似乎可行？) 續篇》的主視覺圖,2026年1月新番,1,0,"[{""title"": ""YourAnimes 連結"", ""url"": ""https://youranimes.tw/animes/6057""}]"
《魔術師庫諾看得見一切》的主視覺圖,2026年1月新番,1,0,"[{""title"": ""YourAnimes 連結"", ""url"": ""https://youranimes.tw/animes/5676""}]"
《安逸領主的愉快領地防衛～用生產系魔術將無名村改造成最強要塞都市～》的主視覺圖,2026年1月新番,1,0,"[{""title"": ""YourAnimes 連結"", ""url"": ""https://youranimes.tw/animes/5828""}]"
《蘑菇魔女》的主視覺圖,2026年1月新番,1,0,"[{""title"": ""YourAnimes 連結"", ""url"": ""https://youranimes.tw/animes/5628""}]"
《皎潔深宵之月》的主視覺圖,2026年1月新番,1,0,"[{""title"": ""YourAnimes 連結"", ""url"": ""https://youranimes.tw/animes/5855""}]"
《BEASTARS FINAL SEASON Part 2》的主視覺圖,2026年1月新番,1,0,"[{""title"": ""YourAnimes 連結"", ""url"": ""https://youranimes.tw/animes/5038""}]"
《勇者之渣》的主視覺圖,2026年1月新番,1,0,"[{""title"": ""YourAnimes 連結"", ""url"": ""https://youranimes.tw/animes/5767""}]"
《青梅竹馬的戀愛喜劇無法成立》的主視覺圖,2026年1月新番,1,0,"[{""title"": ""YourAnimes 連結"", ""url"": ""https://youranimes.tw/animes/5805""}]"
《身為魔族的我 想向勇者小隊的可愛女孩告白》的主視覺圖,2026年1月新番,1,0,"[{""title"": ""YourAnimes 連結"", ""url"": ""https://youranimes.tw/animes/5938""}]"
《終究，與你相戀。第二季》的主視覺圖,2026年1月新番,2,0,"[{""title"": ""YourAnimes 連結"", ""url"": ""https://youranimes.tw/animes/5793""}]"
《異國日記》的主視覺圖,2026年1月新番,1,0,"[{""title"": ""YourAnimes 連結"", ""url"": ""https://youranimes.tw/animes/5221""}]"
《打工仔的拷問日常》的主視覺圖,2026年1月新番,1,0,"[{""title"": ""YourAnimes 連結"", ""url"": ""https://youranimes.tw/animes/5915""}]"
《阿爾涅事件簿》的主視覺圖,2026年1月新番,1,0,"[{""title"": ""YourAnimes 連結"", ""url"": ""https://youranimes.tw/animes/5553""}]"
"《名偵探柯南 Episode""ZERO"" 工藤新一水族館事件》的主視覺圖",2026年1月新番,1,0,"[{""title"": ""YourAnimes 連結"", ""url"": ""https://youranimes.tw/animes/6059""}]"
《飆馬野郎 JOJO的奇妙冒險 1st STAGE》的主視覺圖,2026年1月新番,1,0,"[{""title"": ""YourAnimes 連結"", ""url"": ""https://youranimes.tw/animes/5811""}]"
《異世界的處置依社畜而定》的主視覺圖,2026年1月新番,1,0,"[{""title"": ""YourAnimes 連結"", ""url"": ""https://youranimes.tw/animes/5548""}]"
《魔王的女兒太溫柔了!!》的主視覺圖,2026年1月新番,1,0,"[{""title"": ""YourAnimes 連結"", ""url"": ""https://youranimes.tw/animes/5914""}]"
《29歲單身中堅冒險家的日常》的主視覺圖,2026年1月新番,1,0,"[{""title"": ""YourAnimes 連結"", ""url"": ""https://youranimes.tw/animes/5854""}]"
《花樣少年少女》的主視覺圖,2026年1月新番,1,0,"[{""title"": ""YourAnimes 連結"", ""url"": ""https://youranimes.tw/animes/5235""}]"
《大江戶烈火殺手 - 鳳凰傳說》的主視覺圖,2026年1月新番,1,0,"[{""title"": ""YourAnimes 連結"", ""url"": ""https://youranimes.tw/animes/5728""}]"
《青之壬生浪 芹澤暗殺篇》的主視覺圖,2026年1月新番,1,0,"[{""title"": ""YourAnimes 連結"", ""url"": ""https://youranimes.tw/animes/5801""}]"
《被鄰國王太子溺愛的反派千金》的主視覺圖,2026年1月新番,1,0,"[{""title"": ""YourAnimes 連結"", ""url"": ""https://youranimes.tw/animes/5937""}]"
《優雅貴族的休假指南》的主視覺圖,2026年1月新番,1,0,"[{""title"": ""YourAnimes 連結"", ""url"": ""https://youranimes.tw/animes/5507""}]"
《稜鏡戀曲》的主視覺圖,2026年1月新番,1,0,"[{""title"": ""YourAnimes 連結"", ""url"": ""https://youranimes.tw/animes/6151""}]"
《北斗之拳 拳王軍雜兵們的輓歌》的主視覺圖,2026年1月新番,1,0,"[{""title"": ""YourAnimes 連結"", ""url"": ""https://youranimes.tw/animes/6045""}]"
《DARK MOON：月之神壇》的主視覺圖,2026年1月新番,1,0,"[{""title"": ""YourAnimes 連結"", ""url"": ""https://youranimes.tw/animes/5463""}]"
《轉生之後的我變成了龍蛋～目標是世界最強～》的主視覺圖,2026年1月新番,1,0,"[{""title"": ""YourAnimes 連結"", ""url"": ""https://youranimes.tw/animes/5765""}]"
《鎧真傳》的主視覺圖,2026年1月新番,1,0,"[{""title"": ""YourAnimes 連結"", ""url"": ""https://youranimes.tw/animes/5902""}]"
《高校！奇面組（2026）》的主視覺圖,2026年1月新番,1,0,"[{""title"": ""YourAnimes 連結"", ""url"": ""https://youranimes.tw/animes/6094""}]"
《你還是不懂群馬～令和版～》的主視覺圖,2026年1月新番,1,0,"[{""title"": ""YourAnimes 連結"", ""url"": ""https://youranimes.tw/animes/6106""}]"
《ほっぺちゃん ～サン王国と黒ほっぺ団の秘密～》的主視覺圖,2026年1月新番,1,0,"[{""title"": ""YourAnimes 連結"", ""url"": ""https://youranimes.tw/animes/5997""}]"
《靈異教師神眉（2025）第二季度》的主視覺圖,2026年1月新番,2,0,"[{""title"": ""YourAnimes 連結"", ""url"": ""https://youranimes.tw/animes/6135""}]"
《最推しの義兄を愛でるため、長生きします！》的主視覺圖,2026年1月新番,1,0,"[{""title"": ""YourAnimes 連結"", ""url"": ""https://youranimes.tw/animes/5926""}]"
《卡片戰鬥!! 先導者 Divinez 幻真星戰篇》的主視覺圖,2026年1月新番,1,0,"[{""title"": ""YourAnimes 連結"", ""url"": ""https://youranimes.tw/animes/6082""}]"
《Duel Masters LOST～忘却の太陽～》的主視覺圖,2026年1月新番,1,0,"[{""title"": ""YourAnimes 連結"", ""url"": ""https://youranimes.tw/animes/5988""}]"
《秘密結社 鷹之爪XX》的主視覺圖,2026年1月新番,1,0,"[{""title"": ""YourAnimes 連結"", ""url"": ""https://youranimes.tw/animes/6164""}]"
《闇芝居 第十六季》的主視覺圖,2026年1月新番,1,0,"[{""title"": ""YourAnimes 連結"", ""url"": ""https://youranimes.tw/animes/6172""}]"
《Mofusand貓福珊迪》的主視覺圖,2026年1月新番,1,0,"[{""title"": ""YourAnimes 連結"", ""url"": ""https://youranimes.tw/animes/6203""}]"
《天穗之咲稻姬 心環的稻作日記》的主視覺圖,2026年1月新番,1,0,"[{""title"": ""YourAnimes 連結"", ""url"": ""https://youranimes.tw/animes/5567""}]"
《名偵探光之美少女》的主視覺圖,2026年1月新番,1,0,"[{""title"": ""YourAnimes 連結"", ""url"": ""https://youranimes.tw/animes/6153""}]"
《刃牙道：無敵武士》的主視覺圖,2026年1月新番,1,0,"[{""title"": ""YourAnimes 連結"", ""url"": ""https://youranimes.tw/animes/5069""}]"
《關於我轉生變成史萊姆這檔事 第四季》的主視覺圖,2026年4月新番,4,0,"[{""title"": ""YourAnimes 連結"", ""url"": ""https://youranimes.tw/animes/5480""}]"
《關於我在無意間被隔壁的天使變成廢柴這件事2》的主視覺圖,2026年4月新番,1,0,"[{""title"": ""YourAnimes 連結"", ""url"": ""https://youranimes.tw/animes/4807""}]"
《Re：從零開始的異世界生活 第四季 喪失篇》的主視覺圖,2026年4月新番,4,0,"[{""title"": ""YourAnimes 連結"", ""url"": ""https://youranimes.tw/animes/5785""}]"
《歡迎來到實力至上主義的教室 第四季 2年級篇 第一學期》的主視覺圖,2026年4月新番,4,0,"[{""title"": ""YourAnimes 連結"", ""url"": ""https://youranimes.tw/animes/5438""}]"
《黃泉使者》的主視覺圖,2026年4月新番,1,0,"[{""title"": ""YourAnimes 連結"", ""url"": ""https://youranimes.tw/animes/5940""}]"
《杖與劍的魔劍譚 第二季》的主視覺圖,2026年4月新番,2,0,"[{""title"": ""YourAnimes 連結"", ""url"": ""https://youranimes.tw/animes/5489""}]"
《夜櫻家大作戰 第二季》的主視覺圖,2026年4月新番,2,0,"[{""title"": ""YourAnimes 連結"", ""url"": ""https://youranimes.tw/animes/5504""}]"
《入間同學入魔了！第四季》的主視覺圖,2026年4月新番,4,0,"[{""title"": ""YourAnimes 連結"", ""url"": ""https://youranimes.tw/animes/5571""}]"
《我和班上第二可愛的女生成為朋友》的主視覺圖,2026年4月新番,1,0,"[{""title"": ""YourAnimes 連結"", ""url"": ""https://youranimes.tw/animes/4699""}]"
《魔法帽的工作室》的主視覺圖,2026年4月新番,1,0,"[{""title"": ""YourAnimes 連結"", ""url"": ""https://youranimes.tw/animes/3580""}]"
《女騎士成為蠻族新娘》的主視覺圖,2026年4月新番,1,0,"[{""title"": ""YourAnimes 連結"", ""url"": ""https://youranimes.tw/animes/5498""}]"
《主播女孩重度依賴》的主視覺圖,2026年4月新番,1,0,"[{""title"": ""YourAnimes 連結"", ""url"": ""https://youranimes.tw/animes/6130""}]"
《異世界悠閒農家2》的主視覺圖,2026年4月新番,1,0,"[{""title"": ""YourAnimes 連結"", ""url"": ""https://youranimes.tw/animes/6018""}]"
《想結束這場「我愛你」的遊戲》的主視覺圖,2026年4月新番,1,0,"[{""title"": ""YourAnimes 連結"", ""url"": ""https://youranimes.tw/animes/5905""}]"
《婚姻劇毒》的主視覺圖,2026年4月新番,1,0,"[{""title"": ""YourAnimes 連結"", ""url"": ""https://youranimes.tw/animes/6073""}]"
《上伊那牡丹，醉姿如百合》的主視覺圖,2026年4月新番,1,0,"[{""title"": ""YourAnimes 連結"", ""url"": ""https://youranimes.tw/animes/5756""}]"
《春夏秋冬代行者 春之舞》的主視覺圖,2026年4月新番,1,0,"[{""title"": ""YourAnimes 連結"", ""url"": ""https://youranimes.tw/animes/5810""}]"
《小書痴的下剋上 為了成為圖書管理員不擇手段！領主的養女》的主視覺圖,2026年4月新番,1,0,"[{""title"": ""YourAnimes 連結"", ""url"": ""https://youranimes.tw/animes/4901""}]"
《朱音落語》的主視覺圖,2026年4月新番,1,0,"[{""title"": ""YourAnimes 連結"", ""url"": ""https://youranimes.tw/animes/5992""}]"
《Dr.STONE 新石紀 SCIENCE FUTURE 第三季度》的主視覺圖,2026年4月新番,3,0,"[{""title"": ""YourAnimes 連結"", ""url"": ""https://youranimes.tw/animes/6065""}]"
《冰之城牆》的主視覺圖,2026年4月新番,1,0,"[{""title"": ""YourAnimes 連結"", ""url"": ""https://youranimes.tw/animes/5694""}]"
《弱弱老師》的主視覺圖,2026年4月新番,1,0,"[{""title"": ""YourAnimes 連結"", ""url"": ""https://youranimes.tw/animes/5606""}]"
《異獸魔都 第二季》的主視覺圖,2026年4月新番,2,0,"[{""title"": ""YourAnimes 連結"", ""url"": ""https://youranimes.tw/animes/4948""}]"
《黑貓與魔女的教室》的主視覺圖,2026年4月新番,1,0,"[{""title"": ""YourAnimes 連結"", ""url"": ""https://youranimes.tw/animes/5998""}]"
《一疊間漫畫咖啡廳日常》的主視覺圖,2026年4月新番,1,0,"[{""title"": ""YourAnimes 連結"", ""url"": ""https://youranimes.tw/animes/5945""}]"
《LIAR GAME - 詐欺遊戲》的主視覺圖,2026年4月新番,1,0,"[{""title"": ""YourAnimes 連結"", ""url"": ""https://youranimes.tw/animes/6017""}]"
《你又被殺了呢，偵探大人》的主視覺圖,2026年4月新番,1,0,"[{""title"": ""YourAnimes 連結"", ""url"": ""https://youranimes.tw/animes/6137""}]"
《溜掉的大魚比不上自己釣到的魚》的主視覺圖,2026年4月新番,1,0,"[{""title"": ""YourAnimes 連結"", ""url"": ""https://youranimes.tw/animes/6116""}]"
《容易對付的惡魔大人》的主視覺圖,2026年4月新番,1,0,"[{""title"": ""YourAnimes 連結"", ""url"": ""https://youranimes.tw/animes/5817""}]"
《成為悲劇元兇的最強異端，最後頭目女王為了人民犧牲奉獻 Season2》的主視覺圖,2026年4月新番,1,0,"[{""title"": ""YourAnimes 連結"", ""url"": ""https://youranimes.tw/animes/5922""}]"
《女僕小姐的貪吃日常》的主視覺圖,2026年4月新番,1,0,"[{""title"": ""YourAnimes 連結"", ""url"": ""https://youranimes.tw/animes/6019""}]"
《雞鬥士》的主視覺圖,2026年4月新番,1,0,"[{""title"": ""YourAnimes 連結"", ""url"": ""https://youranimes.tw/animes/5375""}]"
《哪裡有溫柔對待阿宅的辣妹!?》的主視覺圖,2026年4月新番,1,0,"[{""title"": ""YourAnimes 連結"", ""url"": ""https://youranimes.tw/animes/6075""}]"
《左撇子艾倫》的主視覺圖,2026年4月新番,1,0,"[{""title"": ""YourAnimes 連結"", ""url"": ""https://youranimes.tw/animes/4034""}]"
《複製品的我也會談戀愛。》的主視覺圖,2026年4月新番,1,0,"[{""title"": ""YourAnimes 連結"", ""url"": ""https://youranimes.tw/animes/5715""}]"
《淡島百景》的主視覺圖,2026年4月新番,1,0,"[{""title"": ""YourAnimes 連結"", ""url"": ""https://youranimes.tw/animes/5226""}]"
《我的英雄學院「More」》的主視覺圖,2026年4月新番,1,0,"[{""title"": ""YourAnimes 連結"", ""url"": ""https://youranimes.tw/animes/6182""}]"
《ONE PIECE 艾爾帕布篇》的主視覺圖,2026年4月新番,1,0,"[{""title"": ""YourAnimes 連結"", ""url"": ""https://youranimes.tw/animes/6186""}]"
《霧尾粉絲後援會》的主視覺圖,2026年4月新番,1,0,"[{""title"": ""YourAnimes 連結"", ""url"": ""https://youranimes.tw/animes/5459""}]"
《MAO摩緒》的主視覺圖,2026年4月新番,1,0,"[{""title"": ""YourAnimes 連結"", ""url"": ""https://youranimes.tw/animes/5953""}]"
《輪迴的花瓣》的主視覺圖,2026年4月新番,1,0,"[{""title"": ""YourAnimes 連結"", ""url"": ""https://youranimes.tw/animes/5394""}]"
《鑽石王牌 act2 第二季》的主視覺圖,2026年4月新番,2,0,"[{""title"": ""YourAnimes 連結"", ""url"": ""https://youranimes.tw/animes/5239""}]"
《木頭風紀委員和迷你裙JK的故事》的主視覺圖,2026年4月新番,1,0,"[{""title"": ""YourAnimes 連結"", ""url"": ""https://youranimes.tw/animes/5808""}]"
《自稱惡役千金的未婚妻觀察紀錄。》的主視覺圖,2026年4月新番,1,0,"[{""title"": ""YourAnimes 連結"", ""url"": ""https://youranimes.tw/animes/5861""}]"
《灰原同學重返過去，開啟所向無敵的第二輪青春遊戲》的主視覺圖,2026年4月新番,1,0,"[{""title"": ""YourAnimes 連結"", ""url"": ""https://youranimes.tw/animes/5927""}]"
《拉拉熊》的主視覺圖,2026年4月新番,1,0,"[{""title"": ""YourAnimes 連結"", ""url"": ""https://youranimes.tw/animes/5522""}]"
《神之雫》的主視覺圖,2026年4月新番,1,0,"[{""title"": ""YourAnimes 連結"", ""url"": ""https://youranimes.tw/animes/6143""}]"
《加油！中村同學！！》的主視覺圖,2026年4月新番,1,0,"[{""title"": ""YourAnimes 連結"", ""url"": ""https://youranimes.tw/animes/5418""}]"
《庫吉馬唱歌的家》的主視覺圖,2026年4月新番,1,0,"[{""title"": ""YourAnimes 連結"", ""url"": ""https://youranimes.tw/animes/5228""}]"
《魔法姊妹露露特莉莉》的主視覺圖,2026年4月新番,1,0,"[{""title"": ""YourAnimes 連結"", ""url"": ""https://youranimes.tw/animes/5318""}]"
《殺手青春》的主視覺圖,2026年4月新番,1,0,"[{""title"": ""YourAnimes 連結"", ""url"": ""https://youranimes.tw/animes/6028""}]"
《出租女友 第五季》的主視覺圖,2026年4月新番,5,0,"[{""title"": ""YourAnimes 連結"", ""url"": ""https://youranimes.tw/animes/6052""}]"
《凍結地球》的主視覺圖,2026年4月新番,1,0,"[{""title"": ""YourAnimes 連結"", ""url"": ""https://youranimes.tw/animes/5959""}]"
《楠木邸的神明庭院》的主視覺圖,2026年4月新番,1,0,"[{""title"": ""YourAnimes 連結"", ""url"": ""https://youranimes.tw/animes/5955""}]"
《最強的職業不是勇者也不是賢者好像是鑑定士（暫）的樣子》的主視覺圖,2026年4月新番,1,0,"[{""title"": ""YourAnimes 連結"", ""url"": ""https://youranimes.tw/animes/6097""}]"
《日本三國》的主視覺圖,2026年4月新番,1,0,"[{""title"": ""YourAnimes 連結"", ""url"": ""https://youranimes.tw/animes/6235""}]"
《我回來了，他又來打擾了！》的主視覺圖,2026年4月新番,1,0,"[{""title"": ""YourAnimes 連結"", ""url"": ""https://youranimes.tw/animes/6148""}]"
《終末起點 Season2》的主視覺圖,2026年4月新番,1,0,"[{""title"": ""YourAnimes 連結"", ""url"": ""https://youranimes.tw/animes/5898""}]"
《吞噬魔物的冒險者》的主視覺圖,2026年4月新番,1,0,"[{""title"": ""YourAnimes 連結"", ""url"": ""https://youranimes.tw/animes/6217""}]"
《大賢者里德爾的時間逆行》的主視覺圖,2026年4月新番,1,0,"[{""title"": ""YourAnimes 連結"", ""url"": ""https://youranimes.tw/animes/6258""}]"
《轉生成自動販賣機的我今天也在迷宮徘徊 第三季》的主視覺圖,2026年4月新番,3,0,"[{""title"": ""YourAnimes 連結"", ""url"": ""https://youranimes.tw/animes/6047""}]"
《GHOST CONCERT : 失落之歌》的主視覺圖,2026年4月新番,1,0,"[{""title"": ""YourAnimes 連結"", ""url"": ""https://youranimes.tw/animes/6105""}]"
《女神「異世界轉生想成為什麼？」我「勇者的肋骨」》的主視覺圖,2026年4月新番,1,0,"[{""title"": ""YourAnimes 連結"", ""url"": ""https://youranimes.tw/animes/6242""}]"
《蒲公英》的主視覺圖,2026年4月新番,1,0,"[{""title"": ""YourAnimes 連結"", ""url"": ""https://youranimes.tw/animes/6284""}]"
《こめかみっ！ガールズ》的主視覺圖,2026年4月新番,1,0,"[{""title"": ""YourAnimes 連結"", ""url"": ""https://youranimes.tw/animes/6318""}]"
《小3アシベ QQゴマちゃん》的主視覺圖,2026年4月新番,1,0,"[{""title"": ""YourAnimes 連結"", ""url"": ""https://youranimes.tw/animes/6139""}]"
《拜託了偶像公主》的主視覺圖,2026年4月新番,1,0,"[{""title"": ""YourAnimes 連結"", ""url"": ""https://youranimes.tw/animes/6283""}]"
《百鬼夜行抄》的主視覺圖,2026年4月新番,1,0,"[{""title"": ""YourAnimes 連結"", ""url"": ""https://youranimes.tw/animes/6263""}]"
《小鯊鯊出門去 第二季》的主視覺圖,2026年4月新番,2,0,"[{""title"": ""YourAnimes 連結"", ""url"": ""https://youranimes.tw/animes/6199""}]"
《クマーバ Season 3》的主視覺圖,2026年4月新番,1,0,"[{""title"": ""YourAnimes 連結"", ""url"": ""https://youranimes.tw/animes/6256""}]"
《鼠小弟的小背心》的主視覺圖,2026年4月新番,1,0,"[{""title"": ""YourAnimes 連結"", ""url"": ""https://youranimes.tw/animes/6031""}]"
《刃牙道：無敵武士 第二季度》的主視覺圖,2026年4月新番,2,0,"[{""title"": ""YourAnimes 連結"", ""url"": ""https://youranimes.tw/animes/6331""}]"
《パイの実 おしの森へようこそ！》的主視覺圖,2026年4月新番,1,0,"[{""title"": ""YourAnimes 連結"", ""url"": ""https://youranimes.tw/animes/6418""}]"
《忍者亂太郎 第34季》的主視覺圖,2026年4月新番,34,0,"[{""title"": ""YourAnimes 連結"", ""url"": ""https://youranimes.tw/animes/6355""}]"
《CANDY CARIES 蛀在糖糖裡》的主視覺圖,2026年4月新番,1,0,"[{""title"": ""YourAnimes 連結"", ""url"": ""https://youranimes.tw/animes/6365""}]"
《北斗之拳 -FIST OF THE NORTH STAR-》的主視覺圖,2026年4月新番,1,0,"[{""title"": ""YourAnimes 連結"", ""url"": ""https://youranimes.tw/animes/4535""}]"
《無職轉生 ～到了異世界就拿出真本事～ 第三季》的主視覺圖,2026年7月新番,3,0,"[{""title"": ""YourAnimes 連結"", ""url"": ""https://youranimes.tw/animes/5322""}]"
《幼女戰記 2》的主視覺圖,2026年7月新番,1,0,"[{""title"": ""YourAnimes 連結"", ""url"": ""https://youranimes.tw/animes/2217""}]"
《相反的你和我 第二季》的主視覺圖,2026年7月新番,2,0,"[{""title"": ""YourAnimes 連結"", ""url"": ""https://youranimes.tw/animes/6330""}]"
《擅長逃跑的殿下 第二季》的主視覺圖,2026年7月新番,2,0,"[{""title"": ""YourAnimes 連結"", ""url"": ""https://youranimes.tw/animes/5506""}]"
《與妳相戀到生命盡頭》的主視覺圖,2026年7月新番,1,0,"[{""title"": ""YourAnimes 連結"", ""url"": ""https://youranimes.tw/animes/5734""}]"
《GRANDBLUE 碧藍之海 第三季》的主視覺圖,2026年7月新番,3,0,"[{""title"": ""YourAnimes 連結"", ""url"": ""https://youranimes.tw/animes/6056""}]"
《二十世紀電氣目錄》的主視覺圖,2026年7月新番,1,0,"[{""title"": ""YourAnimes 連結"", ""url"": ""https://youranimes.tw/animes/6102""}]"
《躲在超市後門抽菸的兩人》的主視覺圖,2026年7月新番,1,0,"[{""title"": ""YourAnimes 連結"", ""url"": ""https://youranimes.tw/animes/5961""}]"
《Re：從零開始的異世界生活 第四季 奪還篇》的主視覺圖,2026年7月新番,4,0,"[{""title"": ""YourAnimes 連結"", ""url"": ""https://youranimes.tw/animes/6420""}]"
《鄉下大叔成為劍聖 第二季》的主視覺圖,2026年7月新番,2,0,"[{""title"": ""YourAnimes 連結"", ""url"": ""https://youranimes.tw/animes/5916""}]"
《BLEACH 死神 千年血戰篇 -禍進譚-》的主視覺圖,2026年7月新番,1,0,"[{""title"": ""YourAnimes 連結"", ""url"": ""https://youranimes.tw/animes/5656""}]"
《我是不才惡女 ～雛宮蝶鼠互換傳～》的主視覺圖,2026年7月新番,1,0,"[{""title"": ""YourAnimes 連結"", ""url"": ""https://youranimes.tw/animes/5772""}]"
《貓與龍》的主視覺圖,2026年7月新番,1,0,"[{""title"": ""YourAnimes 連結"", ""url"": ""https://youranimes.tw/animes/5723""}]"
《超超超超超喜歡你的100個女朋友 第三季》的主視覺圖,2026年7月新番,3,0,"[{""title"": ""YourAnimes 連結"", ""url"": ""https://youranimes.tw/animes/6098""}]"
《轉學後班上的清純可愛美少女，竟是小時候玩在一起的哥兒們》的主視覺圖,2026年7月新番,1,0,"[{""title"": ""YourAnimes 連結"", ""url"": ""https://youranimes.tw/animes/4700""}]"
《女性向遊戲世界對路人角色很不友好 第二季》的主視覺圖,2026年7月新番,2,0,"[{""title"": ""YourAnimes 連結"", ""url"": ""https://youranimes.tw/animes/4077""}]"
《骸骨騎士大人異世界冒險中 第二季》的主視覺圖,2026年7月新番,2,0,"[{""title"": ""YourAnimes 連結"", ""url"": ""https://youranimes.tw/animes/5631""}]"
《Clevatess II－魔獸之王與虛假的勇者傳承－》的主視覺圖,2026年7月新番,1,0,"[{""title"": ""YourAnimes 連結"", ""url"": ""https://youranimes.tw/animes/6048""}]"
《BanG Dream！YUME∞MITA》的主視覺圖,2026年7月新番,1,0,"[{""title"": ""YourAnimes 連結"", ""url"": ""https://youranimes.tw/animes/6036""}]"
《攻殼機動隊 THE GHOST IN THE SHELL》的主視覺圖,2026年7月新番,1,0,"[{""title"": ""YourAnimes 連結"", ""url"": ""https://youranimes.tw/animes/5249""}]"
《最強廢渣皇子暗中活躍於帝位之爭》的主視覺圖,2026年7月新番,1,0,"[{""title"": ""YourAnimes 連結"", ""url"": ""https://youranimes.tw/animes/4696""}]"
《穹廬下的魔女》的主視覺圖,2026年7月新番,1,0,"[{""title"": ""YourAnimes 連結"", ""url"": ""https://youranimes.tw/animes/5814""}]"
《暴怒千金發誓復仇。 ～憑藉魔導書之力打垮祖國～》的主視覺圖,2026年7月新番,1,0,"[{""title"": ""YourAnimes 連結"", ""url"": ""https://youranimes.tw/animes/6012""}]"
《遭到流放的轉生重騎士憑藉遊戲知識大開無雙》的主視覺圖,2026年7月新番,1,0,"[{""title"": ""YourAnimes 連結"", ""url"": ""https://youranimes.tw/animes/5447""}]"
《畫完這個再去死》的主視覺圖,2026年7月新番,1,0,"[{""title"": ""YourAnimes 連結"", ""url"": ""https://youranimes.tw/animes/5780""}]"
《與奔馳於透明之夜的你，談一場看不見的戀愛。》的主視覺圖,2026年7月新番,1,0,"[{""title"": ""YourAnimes 連結"", ""url"": ""https://youranimes.tw/animes/6142""}]"
《Grow Up Show ～向日葵馬戲團～》的主視覺圖,2026年7月新番,1,0,"[{""title"": ""YourAnimes 連結"", ""url"": ""https://youranimes.tw/animes/5954""}]"
《才女的侍從 在滿是高嶺之花的貴族學校暗中照顧（毫無生活自理能力的）學院第一大小姐》的主視覺圖,2026年7月新番,1,0,"[{""title"": ""YourAnimes 連結"", ""url"": ""https://youranimes.tw/animes/6112""}]"
《女主角？聖女？都不對，我是雜役女僕（自豪）！》的主視覺圖,2026年7月新番,1,0,"[{""title"": ""YourAnimes 連結"", ""url"": ""https://youranimes.tw/animes/5860""}]"
《感謝對戰。 ～大小姐才不玩格鬥遊戲～》的主視覺圖,2026年7月新番,1,0,"[{""title"": ""YourAnimes 連結"", ""url"": ""https://youranimes.tw/animes/5738""}]"
《說出這邊交給我你們先走以後十年過去成了傳說。》的主視覺圖,2026年7月新番,1,0,"[{""title"": ""YourAnimes 連結"", ""url"": ""https://youranimes.tw/animes/6079""}]"
《從0位居民開始的邊境領主大人》的主視覺圖,2026年7月新番,1,0,"[{""title"": ""YourAnimes 連結"", ""url"": ""https://youranimes.tw/animes/5962""}]"
《LV999的村民》的主視覺圖,2026年7月新番,1,0,"[{""title"": ""YourAnimes 連結"", ""url"": ""https://youranimes.tw/animes/6015""}]"
《尼古喵喵》的主視覺圖,2026年7月新番,1,0,"[{""title"": ""YourAnimes 連結"", ""url"": ""https://youranimes.tw/animes/6249""}]"
《無自覺聖女今天也無意識地釋放力量》的主視覺圖,2026年7月新番,1,0,"[{""title"": ""YourAnimes 連結"", ""url"": ""https://youranimes.tw/animes/5965""}]"
《不虐待我的繼母與繼姐》的主視覺圖,2026年7月新番,1,0,"[{""title"": ""YourAnimes 連結"", ""url"": ""https://youranimes.tw/animes/5975""}]"
《世界最強後衛～迷宮國的新人探索者～》的主視覺圖,2026年7月新番,1,0,"[{""title"": ""YourAnimes 連結"", ""url"": ""https://youranimes.tw/animes/6038""}]"
《THE RIBBON HERO 緞帶英雄》的主視覺圖,2026年7月新番,1,0,"[{""title"": ""YourAnimes 連結"", ""url"": ""https://youranimes.tw/animes/6371""}]"
《THE WORLD IS DANCING 世界在起舞》的主視覺圖,2026年7月新番,1,0,"[{""title"": ""YourAnimes 連結"", ""url"": ""https://youranimes.tw/animes/6225""}]"
《無用聖女的異世界美食之旅 憑藉隱藏技能召喚露營車》的主視覺圖,2026年7月新番,1,0,"[{""title"": ""YourAnimes 連結"", ""url"": ""https://youranimes.tw/animes/6357""}]"
《魔法少女奈葉 EXCEEDS Gun Blaze Vengeance》的主視覺圖,2026年7月新番,1,0,"[{""title"": ""YourAnimes 連結"", ""url"": ""https://youranimes.tw/animes/5657""}]"
《落第賢者的學院無雙～第二次轉生的S級開外掛魔術師冒險錄～》的主視覺圖,2026年7月新番,1,0,"[{""title"": ""YourAnimes 連結"", ""url"": ""https://youranimes.tw/animes/6273""}]"
《地獄模式 ～喜歡挑戰特殊成就的玩家在廢設定的異世界成為無雙～ 第二季》的主視覺圖,2026年7月新番,2,0,"[{""title"": ""YourAnimes 連結"", ""url"": ""https://youranimes.tw/animes/6325""}]"
《奇招百出的維多利亞》的主視覺圖,2026年7月新番,1,0,"[{""title"": ""YourAnimes 連結"", ""url"": ""https://youranimes.tw/animes/6042""}]"
《BLACK TORCH 闇黑燈火》的主視覺圖,2026年7月新番,1,0,"[{""title"": ""YourAnimes 連結"", ""url"": ""https://youranimes.tw/animes/5750""}]"
《少女怪獸焦糖戀心》的主視覺圖,2026年7月新番,1,0,"[{""title"": ""YourAnimes 連結"", ""url"": ""https://youranimes.tw/animes/6188""}]"
《ONE PIECE HEROINES》的主視覺圖,2026年7月新番,1,0,"[{""title"": ""YourAnimes 連結"", ""url"": ""https://youranimes.tw/animes/6006""}]"
《碧藍航線 微速前進！2！！》的主視覺圖,2026年7月新番,1,0,"[{""title"": ""YourAnimes 連結"", ""url"": ""https://youranimes.tw/animes/4523""}]"
《我家的弟弟們真是讓您費心了》的主視覺圖,2026年7月新番,1,0,"[{""title"": ""YourAnimes 連結"", ""url"": ""https://youranimes.tw/animes/6166""}]"
《說了不打算愛我的公爵繼承人，不知為何對我寵愛有加》的主視覺圖,2026年7月新番,1,0,"[{""title"": ""YourAnimes 連結"", ""url"": ""https://youranimes.tw/animes/6280""}]"
《再見菈菈》的主視覺圖,2026年7月新番,1,0,"[{""title"": ""YourAnimes 連結"", ""url"": ""https://youranimes.tw/animes/5240""}]"
《花織即使是轉生也想打架》的主視覺圖,2026年7月新番,1,0,"[{""title"": ""YourAnimes 連結"", ""url"": ""https://youranimes.tw/animes/6055""}]"
《鬼的新娘》的主視覺圖,2026年7月新番,1,0,"[{""title"": ""YourAnimes 連結"", ""url"": ""https://youranimes.tw/animes/5897""}]"
《令和妖神斑小姐》的主視覺圖,2026年7月新番,1,0,"[{""title"": ""YourAnimes 連結"", ""url"": ""https://youranimes.tw/animes/6169""}]"
《鐵鍋料理王》的主視覺圖,2026年7月新番,1,0,"[{""title"": ""YourAnimes 連結"", ""url"": ""https://youranimes.tw/animes/6174""}]"
《魔法光源股份有限公司 第二季》的主視覺圖,2026年7月新番,2,0,"[{""title"": ""YourAnimes 連結"", ""url"": ""https://youranimes.tw/animes/5639""}]"
《人造人009 涅墨西斯》的主視覺圖,2026年7月新番,1,0,"[{""title"": ""YourAnimes 連結"", ""url"": ""https://youranimes.tw/animes/5963""}]"
《拯救替身千金的是冷酷無情冰之王子的愛》的主視覺圖,2026年7月新番,1,0,"[{""title"": ""YourAnimes 連結"", ""url"": ""https://youranimes.tw/animes/6337""}]"
《盜墓王》的主視覺圖,2026年7月新番,1,0,"[{""title"": ""YourAnimes 連結"", ""url"": ""https://youranimes.tw/animes/6416""}]"
《赤河戀影》的主視覺圖,2026年7月新番,1,0,"[{""title"": ""YourAnimes 連結"", ""url"": ""https://youranimes.tw/animes/6265""}]"
《怪獸8號 「鳴海の平日」》的主視覺圖,2026年7月新番,1,0,"[{""title"": ""YourAnimes 連結"", ""url"": ""https://youranimes.tw/animes/6180""}]"
《岩元前輩的推薦》的主視覺圖,2026年7月新番,1,0,"[{""title"": ""YourAnimes 連結"", ""url"": ""https://youranimes.tw/animes/6219""}]"
《Let's Go 怪奇組》的主視覺圖,2026年7月新番,1,0,"[{""title"": ""YourAnimes 連結"", ""url"": ""https://youranimes.tw/animes/6087""}]"
《梅比烏斯之塵》的主視覺圖,2026年7月新番,1,0,"[{""title"": ""YourAnimes 連結"", ""url"": ""https://youranimes.tw/animes/6319""}]"
《花樣少年少女 第二季》的主視覺圖,2026年7月新番,2,0,"[{""title"": ""YourAnimes 連結"", ""url"": ""https://youranimes.tw/animes/6305""}]"
《鬥球女彈子》的主視覺圖,2026年7月新番,1,0,"[{""title"": ""YourAnimes 連結"", ""url"": ""https://youranimes.tw/animes/5951""}]"
《文豪野犬 汪！第二季》的主視覺圖,2026年7月新番,2,0,"[{""title"": ""YourAnimes 連結"", ""url"": ""https://youranimes.tw/animes/6113""}]"
《北斗之拳 拳王軍雜兵們的輓歌 第二季度》的主視覺圖,2026年7月新番,2,0,"[{""title"": ""YourAnimes 連結"", ""url"": ""https://youranimes.tw/animes/6341""}]"
《澈底對你成癮》的主視覺圖,2026年7月新番,1,0,"[{""title"": ""YourAnimes 連結"", ""url"": ""https://youranimes.tw/animes/6277""}]"
《鎧真傳 第二季度》的主視覺圖,2026年7月新番,2,0,"[{""title"": ""YourAnimes 連結"", ""url"": ""https://youranimes.tw/animes/6312""}]"
《雷霆3人組》的主視覺圖,2026年7月新番,1,0,"[{""title"": ""YourAnimes 連結"", ""url"": ""https://youranimes.tw/animes/6252""}]"
《プラノサウルス ガチコセイブツ部》的主視覺圖,2026年7月新番,1,0,"[{""title"": ""YourAnimes 連結"", ""url"": ""https://youranimes.tw/animes/6300""}]"
《地球大好き！きっくん》的主視覺圖,2026年7月新番,1,0,"[{""title"": ""YourAnimes 連結"", ""url"": ""https://youranimes.tw/animes/6375""}]"
《闇芝居 第十七季》的主視覺圖,2026年7月新番,1,0,"[{""title"": ""YourAnimes 連結"", ""url"": ""https://youranimes.tw/animes/6439""}]"
《あはれ！名作くん》的主視覺圖,2026年7月新番,1,0,"[{""title"": ""YourAnimes 連結"", ""url"": ""https://youranimes.tw/animes/6440""}]"
《香蕉喵10週年紀念特別篇》的主視覺圖,2026年7月新番,1,0,"[{""title"": ""YourAnimes 連結"", ""url"": ""https://youranimes.tw/animes/6470""}]"
《星際大戰：視界／第九位絕地》的主視覺圖,2026年7月新番,1,0,"[{""title"": ""YourAnimes 連結"", ""url"": ""https://youranimes.tw/animes/6477""}]"
《Fate/Grand Order 搞不懂的藤丸立香 第四季》的主視覺圖,2026年7月新番,4,0,"[{""title"": ""YourAnimes 連結"", ""url"": ""https://youranimes.tw/animes/6519""}]"
《Ghost Meets Gal!》的主視覺圖,2026年7月新番,1,0,"[{""title"": ""YourAnimes 連結"", ""url"": ""https://youranimes.tw/animes/6504""}]"
《藥師少女的獨語 第三季》的主視覺圖,2026年10月新番,3,0,"[{""title"": ""YourAnimes 連結"", ""url"": ""https://youranimes.tw/animes/5933""}]"
《轉生就是劍 第二季》的主視覺圖,2026年10月新番,2,0,"[{""title"": ""YourAnimes 連結"", ""url"": ""https://youranimes.tw/animes/4071""}]"
《青春之箱	第二季》的主視覺圖,2026年10月新番,2,0,"[{""title"": ""YourAnimes 連結"", ""url"": ""https://youranimes.tw/animes/5792""}]"
《偵探已經，死了。第二季》的主視覺圖,2026年10月新番,2,0,"[{""title"": ""YourAnimes 連結"", ""url"": ""https://youranimes.tw/animes/3810""}]"
《轉生後的大聖女，極力隱瞞聖女的身分》的主視覺圖,2026年10月新番,1,0,"[{""title"": ""YourAnimes 連結"", ""url"": ""https://youranimes.tw/animes/5745""}]"
《你好，身為魔女的我，被心上人委託製作迷情藥》的主視覺圖,2026年10月新番,1,0,"[{""title"": ""YourAnimes 連結"", ""url"": ""https://youranimes.tw/animes/6250""}]"
《黑色五葉草 第二季》的主視覺圖,2026年10月新番,2,0,"[{""title"": ""YourAnimes 連結"", ""url"": ""https://youranimes.tw/animes/5939""}]"
《電馭叛客：邊緣行者 2》的主視覺圖,2026年10月新番,1,0,"[{""title"": ""YourAnimes 連結"", ""url"": ""https://youranimes.tw/animes/5934""}]"
《螢火蟲的出嫁》的主視覺圖,2026年10月新番,1,0,"[{""title"": ""YourAnimes 連結"", ""url"": ""https://youranimes.tw/animes/6214""}]"
《轉生貴族憑鑑定技能扭轉人生 第三季》的主視覺圖,2026年10月新番,3,0,"[{""title"": ""YourAnimes 連結"", ""url"": ""https://youranimes.tw/animes/5645""}]"
《佐佐木與文鳥小嗶 第二季》的主視覺圖,2026年10月新番,2,0,"[{""title"": ""YourAnimes 連結"", ""url"": ""https://youranimes.tw/animes/5055""}]"
《亂世千金倪亞．利斯頓 轉生為嬌弱千金的弒神武人華麗無雙錄》的主視覺圖,2026年10月新番,1,0,"[{""title"": ""YourAnimes 連結"", ""url"": ""https://youranimes.tw/animes/6244""}]"
《重生者的魔法一定要特別	第二季》的主視覺圖,2026年10月新番,2,0,"[{""title"": ""YourAnimes 連結"", ""url"": ""https://youranimes.tw/animes/4930""}]"
《學生會也有洞！》的主視覺圖,2026年10月新番,1,0,"[{""title"": ""YourAnimes 連結"", ""url"": ""https://youranimes.tw/animes/5830""}]"
《飆馬野郎 JOJO的奇妙冒險 2nd & 3rd STAGE》的主視覺圖,2026年10月新番,1,0,"[{""title"": ""YourAnimes 連結"", ""url"": ""https://youranimes.tw/animes/6328""}]"
《FX戰士久留美》的主視覺圖,2026年10月新番,1,0,"[{""title"": ""YourAnimes 連結"", ""url"": ""https://youranimes.tw/animes/6222""}]"
《魔法少女育成計畫 restart》的主視覺圖,2026年10月新番,1,0,"[{""title"": ""YourAnimes 連結"", ""url"": ""https://youranimes.tw/animes/4110""}]"
《亂馬1/2（2024）第三季》的主視覺圖,2026年10月新番,3,0,"[{""title"": ""YourAnimes 連結"", ""url"": ""https://youranimes.tw/animes/6320""}]"
《魔法★探險家》的主視覺圖,2026年10月新番,1,0,"[{""title"": ""YourAnimes 連結"", ""url"": ""https://youranimes.tw/animes/4698""}]"
《暗部共生少女》的主視覺圖,2026年10月新番,1,0,"[{""title"": ""YourAnimes 連結"", ""url"": ""https://youranimes.tw/animes/5718""}]"
《KERORO軍曹☆》的主視覺圖,2026年10月新番,1,0,"[{""title"": ""YourAnimes 連結"", ""url"": ""https://youranimes.tw/animes/6189""}]"
《魔法騎士雷阿斯（2026）》的主視覺圖,2026年10月新番,1,0,"[{""title"": ""YourAnimes 連結"", ""url"": ""https://youranimes.tw/animes/5324""}]"
《青之蘆葦 第二季》的主視覺圖,2026年10月新番,2,0,"[{""title"": ""YourAnimes 連結"", ""url"": ""https://youranimes.tw/animes/5832""}]"
《鐵旅！meet with 鐵道娘》的主視覺圖,2026年10月新番,1,0,"[{""title"": ""YourAnimes 連結"", ""url"": ""https://youranimes.tw/animes/6077""}]"
《一覺醒來就有了最強裝備跟太空船 決定以自家獨棟建築為目標當傭兵自由過活》的主視覺圖,2026年10月新番,1,0,"[{""title"": ""YourAnimes 連結"", ""url"": ""https://youranimes.tw/animes/5703""}]"
《新網球王子 U-17世界盃 決賽成員決定戰》的主視覺圖,2026年10月新番,1,0,"[{""title"": ""YourAnimes 連結"", ""url"": ""https://youranimes.tw/animes/6054""}]"
《世界最強的魔女，就此開始》的主視覺圖,2026年10月新番,1,0,"[{""title"": ""YourAnimes 連結"", ""url"": ""https://youranimes.tw/animes/6382""}]"
《朱色假面》的主視覺圖,2026年10月新番,1,0,"[{""title"": ""YourAnimes 連結"", ""url"": ""https://youranimes.tw/animes/5941""}]"
《恐怖コレクター》的主視覺圖,2026年10月新番,1,0,"[{""title"": ""YourAnimes 連結"", ""url"": ""https://youranimes.tw/animes/6165""}]"
《TANK CHAIR-戰車椅子-》的主視覺圖,2026年10月新番,1,0,"[{""title"": ""YourAnimes 連結"", ""url"": ""https://youranimes.tw/animes/6301""}]"
《極致軟弱千金小姐，不小心答應了精明未婚夫的賭局》的主視覺圖,2026年10月新番,1,0,"[{""title"": ""YourAnimes 連結"", ""url"": ""https://youranimes.tw/animes/6090""}]"
《冷淡的佐藤同學只對我撒嬌》的主視覺圖,2026年10月新番,1,0,"[{""title"": ""YourAnimes 連結"", ""url"": ""https://youranimes.tw/animes/6302""}]"
《鑽石王牌 act2 第二季 第二季度》的主視覺圖,2026年10月新番,2,0,"[{""title"": ""YourAnimes 連結"", ""url"": ""https://youranimes.tw/animes/6465""}]"
《冰之城牆 第二季》的主視覺圖,2026年10月新番,2,0,"[{""title"": ""YourAnimes 連結"", ""url"": ""https://youranimes.tw/animes/6475""}]"
《和沒有信徒的女神大人一起攻略異世界》的主視覺圖,2026年10月新番,1,0,"[{""title"": ""YourAnimes 連結"", ""url"": ""https://youranimes.tw/animes/6213""}]"
《被放逐的作弊賦予魔術師享受隨心所欲的第二人生。～不只是武器、我還能賦予萬物「強化點數」，且能照我的意思隨時解除，其他的人沒問題嗎？》的主視覺圖,2026年10月新番,1,0,"[{""title"": ""YourAnimes 連結"", ""url"": ""https://youranimes.tw/animes/6255""}]"
《幻想水滸傳》的主視覺圖,2026年10月新番,1,0,"[{""title"": ""YourAnimes 連結"", ""url"": ""https://youranimes.tw/animes/5741""}]"
《PSYREN-決戰遊戲-》的主視覺圖,2026年10月新番,1,0,"[{""title"": ""YourAnimes 連結"", ""url"": ""https://youranimes.tw/animes/6173""}]"
《七龍珠超 比魯斯篇》的主視覺圖,2026年10月新番,1,0,"[{""title"": ""YourAnimes 連結"", ""url"": ""https://youranimes.tw/animes/6233""}]"
《殺手旅店 第二季》的主視覺圖,2026年10月新番,2,0,"[{""title"": ""YourAnimes 連結"", ""url"": ""https://youranimes.tw/animes/6072""}]"
《東京復仇者 三天戰爭篇》的主視覺圖,2026年10月新番,1,0,"[{""title"": ""YourAnimes 連結"", ""url"": ""https://youranimes.tw/animes/5292""}]"
《惡魔紋章》的主視覺圖,2026年10月新番,1,0,"[{""title"": ""YourAnimes 連結"", ""url"": ""https://youranimes.tw/animes/6162""}]"
《裝備仔》的主視覺圖,2026年10月新番,1,0,"[{""title"": ""YourAnimes 連結"", ""url"": ""https://youranimes.tw/animes/6422""}]"
《#ゾンビさがしてます》的主視覺圖,2026年10月新番,1,0,"[{""title"": ""YourAnimes 連結"", ""url"": ""https://youranimes.tw/animes/6053""}]"
《借出的魔力將以【固定限額還款】強制徵收》的主視覺圖,2026年10月新番,1,0,"[{""title"": ""YourAnimes 連結"", ""url"": ""https://youranimes.tw/animes/6133""}]"
《冰劍的魔術師將要統一世界 第二季》的主視覺圖,2026年10月新番,2,0,"[{""title"": ""YourAnimes 連結"", ""url"": ""https://youranimes.tw/animes/6408""}]"
《魔法姊妹露露特莉莉 第二季度》的主視覺圖,2026年10月新番,2,0,"[{""title"": ""YourAnimes 連結"", ""url"": ""https://youranimes.tw/animes/6445""}]"
《Battle Spirits [Re] 絶界の空》的主視覺圖,2026年10月新番,1,0,"[{""title"": ""YourAnimes 連結"", ""url"": ""https://youranimes.tw/animes/6299""}]"
《麵包小偷》的主視覺圖,2026年10月新番,1,0,"[{""title"": ""YourAnimes 連結"", ""url"": ""https://youranimes.tw/animes/5896""}]"
《超巡！超條前輩》的主視覺圖,2026年10月新番,1,0,"[{""title"": ""YourAnimes 連結"", ""url"": ""https://youranimes.tw/animes/6089""}]"
《Vertex Force》的主視覺圖,2026年10月新番,1,0,"[{""title"": ""YourAnimes 連結"", ""url"": ""https://youranimes.tw/animes/6304""}]"
《彈珠汽水瓶裡的千歲同學 第二季度》的主視覺圖,2026年10月新番,2,0,"[{""title"": ""YourAnimes 連結"", ""url"": ""https://youranimes.tw/animes/6334""}]"
《夜櫻家大作戰 第二季 第二季度》的主視覺圖,2026年10月新番,2,0,"[{""title"": ""YourAnimes 連結"", ""url"": ""https://youranimes.tw/animes/6464""}]"
《羅梅莉亞戰記》的主視覺圖,2026年10月新番,1,0,"[{""title"": ""YourAnimes 連結"", ""url"": ""https://youranimes.tw/animes/5450""}]"
《七葉樹王國的七名騎士》的主視覺圖,2026年10月新番,1,0,"[{""title"": ""YourAnimes 連結"", ""url"": ""https://youranimes.tw/animes/6419""}]"
《桃源暗鬼 ～日光・華嚴瀑布篇～》的主視覺圖,2026年10月新番,1,0,"[{""title"": ""YourAnimes 連結"", ""url"": ""https://youranimes.tw/animes/6195""}]"
《転生ゴブリンだけど質問ある？》的主視覺圖,2026年10月新番,1,0,"[{""title"": ""YourAnimes 連結"", ""url"": ""https://youranimes.tw/animes/6295""}]"
《來自遠方》的主視覺圖,2026年10月新番,1,0,"[{""title"": ""YourAnimes 連結"", ""url"": ""https://youranimes.tw/animes/6359""}]"
《獸王武神丹帝拜恩》的主視覺圖,2026年10月新番,1,0,"[{""title"": ""YourAnimes 連結"", ""url"": ""https://youranimes.tw/animes/6423""}]"
《紫禁．御喵房〜紫禁城貓警備室〜》的主視覺圖,2026年10月新番,1,0,"[{""title"": ""YourAnimes 連結"", ""url"": ""https://youranimes.tw/animes/6501""}]"
《黑化吧！聖女大人 第二季》的主視覺圖,2026年10月新番,2,0,"[{""title"": ""YourAnimes 連結"", ""url"": ""https://youranimes.tw/animes/6402""}]"
《大叔喜歡可愛小玩意》的主視覺圖,2026年10月新番,1,0,"[{""title"": ""YourAnimes 連結"", ""url"": ""https://youranimes.tw/animes/6129""}]"
《まじめにヤバシティ マスコット(仮)》的主視覺圖,2026年10月新番,1,0,"[{""title"": ""YourAnimes 連結"", ""url"": ""https://youranimes.tw/animes/6376""}]"
《卡片戰鬥!! 先導者 Divinez 運命星戰篇》的主視覺圖,2026年10月新番,1,0,"[{""title"": ""YourAnimes 連結"", ""url"": ""https://youranimes.tw/animes/6351""}]"
《軟軟噗尼寵物小精靈4》的主視覺圖,2026年10月新番,1,0,"[{""title"": ""YourAnimes 連結"", ""url"": ""https://youranimes.tw/animes/6354""}]"
《ゆるゆる図鑑》的主視覺圖,2026年10月新番,1,0,"[{""title"": ""YourAnimes 連結"", ""url"": ""https://youranimes.tw/animes/6498""}]"
《鼠小弟的小背心 第二季》的主視覺圖,2026年10月新番,2,0,"[{""title"": ""YourAnimes 連結"", ""url"": ""https://youranimes.tw/animes/6530""}]"
《香格里拉・開拓異境～糞作獵手挑戰神作～ 第三季》的主視覺圖,2027年1月新番,3,0,"[{""title"": ""YourAnimes 連結"", ""url"": ""https://youranimes.tw/animes/5802""}]"
《SAKAMOTO DAYS 坂本日常 第二季》的主視覺圖,2027年1月新番,2,0,"[{""title"": ""YourAnimes 連結"", ""url"": ""https://youranimes.tw/animes/6183""}]"
《茉莉花官吏傳》的主視覺圖,2027年1月新番,1,0,"[{""title"": ""YourAnimes 連結"", ""url"": ""https://youranimes.tw/animes/6076""}]"
《入間同學入魔了！ if Episode of 魔手黨》的主視覺圖,2027年1月新番,1,0,"[{""title"": ""YourAnimes 連結"", ""url"": ""https://youranimes.tw/animes/6251""}]"
《THE ONE PIECE》的主視覺圖,2027年1月新番,1,0,"[{""title"": ""YourAnimes 連結"", ""url"": ""https://youranimes.tw/animes/4920""}]"
《黑岩目高不把我的可愛放在眼裡 第二季》的主視覺圖,2027年1月新番,2,0,"[{""title"": ""YourAnimes 連結"", ""url"": ""https://youranimes.tw/animes/5784""}]"
《朱音落語 第二季》的主視覺圖,2027年1月新番,2,0,"[{""title"": ""YourAnimes 連結"", ""url"": ""https://youranimes.tw/animes/6441""}]"
《直到雜役賦予術師察覺自己才是最強》的主視覺圖,2027年1月新番,1,0,"[{""title"": ""YourAnimes 連結"", ""url"": ""https://youranimes.tw/animes/6313""}]"
《我在意的對象並不是男人》的主視覺圖,2027年1月新番,1,0,"[{""title"": ""YourAnimes 連結"", ""url"": ""https://youranimes.tw/animes/5721""}]"
《你是地雷系女子嗎？地原同學》的主視覺圖,2027年1月新番,1,0,"[{""title"": ""YourAnimes 連結"", ""url"": ""https://youranimes.tw/animes/6192""}]"
《歷史之眼》的主視覺圖,2027年1月新番,1,0,"[{""title"": ""YourAnimes 連結"", ""url"": ""https://youranimes.tw/animes/6205""}]"
《啟程的魔王城》的主視覺圖,2027年1月新番,1,0,"[{""title"": ""YourAnimes 連結"", ""url"": ""https://youranimes.tw/animes/6451""}]"
《拉麵赤貓 第二季》的主視覺圖,2027年1月新番,2,0,"[{""title"": ""YourAnimes 連結"", ""url"": ""https://youranimes.tw/animes/5641""}]"
《迪士尼扭曲仙境：動畫版－莽原之爪篇》的主視覺圖,2027年1月新番,1,0,"[{""title"": ""YourAnimes 連結"", ""url"": ""https://youranimes.tw/animes/6138""}]"
《公主騎士的小白臉》的主視覺圖,2027年1月新番,1,0,"[{""title"": ""YourAnimes 連結"", ""url"": ""https://youranimes.tw/animes/5716""}]"
《結界師的一輪華》的主視覺圖,2027年1月新番,1,0,"[{""title"": ""YourAnimes 連結"", ""url"": ""https://youranimes.tw/animes/6013""}]"
《一式警花動了戀心。》的主視覺圖,2027年1月新番,1,0,"[{""title"": ""YourAnimes 連結"", ""url"": ""https://youranimes.tw/animes/6095""}]"
《婚姻劇毒 第二季》的主視覺圖,2027年1月新番,2,0,"[{""title"": ""YourAnimes 連結"", ""url"": ""https://youranimes.tw/animes/6469""}]"
《BanG Dream! It's MyGO!!!!! / Ave Mujica 續篇》的主視覺圖,2027年1月新番,1,0,"[{""title"": ""YourAnimes 連結"", ""url"": ""https://youranimes.tw/animes/5790""}]"
《風を継ぐもの》的主視覺圖,2027年1月新番,1,0,"[{""title"": ""YourAnimes 連結"", ""url"": ""https://youranimes.tw/animes/6044""}]"
《わんぱく！刀剣乱舞》的主視覺圖,2027年1月新番,1,0,"[{""title"": ""YourAnimes 連結"", ""url"": ""https://youranimes.tw/animes/4955""}]"
《EVERYDAY HOST CLUB 男公關俱樂部的歡樂日常 續篇》的主視覺圖,2027年1月新番,1,0,"[{""title"": ""YourAnimes 連結"", ""url"": ""https://youranimes.tw/animes/6155""}]"
《靠轉蛋增加夥伴，打造最強的美少女軍團》的主視覺圖,2027年1月新番,1,0,"[{""title"": ""YourAnimes 連結"", ""url"": ""https://youranimes.tw/animes/5886""}]"
《平屋慢生活》的主視覺圖,2027年1月新番,1,0,"[{""title"": ""YourAnimes 連結"", ""url"": ""https://youranimes.tw/animes/5974""}]"
《遊戲世界轉生〈地下城就活〉～玩家〈從頭開始〉遊玩【地下城就活指南】～》的主視覺圖,2027年1月新番,1,0,"[{""title"": ""YourAnimes 連結"", ""url"": ""https://youranimes.tw/animes/6294""}]"
《傷口與繃帶》的主視覺圖,2027年1月新番,1,0,"[{""title"": ""YourAnimes 連結"", ""url"": ""https://youranimes.tw/animes/6495""}]"
《巨人大小姐》的主視覺圖,2027年1月新番,1,0,"[{""title"": ""YourAnimes 連結"", ""url"": ""https://youranimes.tw/animes/5739""}]"
《殘月的梅賽德斯》的主視覺圖,2027年1月新番,1,0,"[{""title"": ""YourAnimes 連結"", ""url"": ""https://youranimes.tw/animes/6001""}]"
《Charisma》的主視覺圖,2027年1月新番,1,0,"[{""title"": ""YourAnimes 連結"", ""url"": ""https://youranimes.tw/animes/6154""}]"
《悠久愚者．阿茲利的賢者之道 ―與、波奇的大冒險》的主視覺圖,2027年1月新番,1,0,"[{""title"": ""YourAnimes 連結"", ""url"": ""https://youranimes.tw/animes/6254""}]"
《Love Live！蓮之空女學院學園偶像俱樂部》的主視覺圖,2027年1月新番,1,0,"[{""title"": ""YourAnimes 連結"", ""url"": ""https://youranimes.tw/animes/6338""}]"
《じょせまる》的主視覺圖,2027年1月新番,1,0,"[{""title"": ""YourAnimes 連結"", ""url"": ""https://youranimes.tw/animes/6432""}]"
《モモモ！ニニモ》的主視覺圖,2027年1月新番,1,0,"[{""title"": ""YourAnimes 連結"", ""url"": ""https://youranimes.tw/animes/6433""}]"
《肌肉魔法使 -MASHLE- 三魔對爭神覺者最終試驗篇》的主視覺圖,2027年1月新番,1,0,"[{""title"": ""YourAnimes 連結"", ""url"": ""https://youranimes.tw/animes/5250""}]"
《藥師少女的獨語 第三季 第二季度》的主視覺圖,2027年4月新番,3,0,"[{""title"": ""YourAnimes 連結"", ""url"": ""https://youranimes.tw/animes/6100""}]"
《幼稚園WARS》的主視覺圖,2027年4月新番,1,0,"[{""title"": ""YourAnimes 連結"", ""url"": ""https://youranimes.tw/animes/6078""}]"
《神樂鉢》的主視覺圖,2027年4月新番,1,0,"[{""title"": ""YourAnimes 連結"", ""url"": ""https://youranimes.tw/animes/6358""}]"
《命運的倒帶士》的主視覺圖,2027年4月新番,1,0,"[{""title"": ""YourAnimes 連結"", ""url"": ""https://youranimes.tw/animes/5952""}]"
《LONA》的主視覺圖,2027年4月新番,1,0,"[{""title"": ""YourAnimes 連結"", ""url"": ""https://youranimes.tw/animes/6462""}]"
《Free Fire Daybreak》的主視覺圖,2027年4月新番,1,0,"[{""title"": ""YourAnimes 連結"", ""url"": ""https://youranimes.tw/animes/5935""}]"
《尚善》的主視覺圖,2027年4月新番,1,0,"[{""title"": ""YourAnimes 連結"", ""url"": ""https://youranimes.tw/animes/6524""}]"
《迷宮飯	第二季》的主視覺圖,2027年10月新番,2,0,"[{""title"": ""YourAnimes 連結"", ""url"": ""https://youranimes.tw/animes/5279""}]"
《葬送的芙莉蓮 第三季》的主視覺圖,2027年10月新番,3,0,"[{""title"": ""YourAnimes 連結"", ""url"": ""https://youranimes.tw/animes/6324""}]"
